timestamp,dpid,in_port,eth_src,dst_port,pkt_rate,byte_rate,inference_time_ms,mitigation_latency_ms,cpu_percent,predicted_label,action_taken,scenario
1787351973.007996,2,1,00:00:00:00:00:03,0,1410.0,76140.0,5.988,0.0,95.2,Normal,ALLOW,ddos
1787351989.077919,2,1,00:00:00:00:00:03,0,4479.5,241892.75,4.353,0.0,99.2,Normal,ALLOW,ddos
1787351989.083374,2,2,00:00:00:00:00:04,0,89181.0,4815774.0,4.035,0.0,99.2,Normal,ALLOW,ddos
1787351990.431897,2,1,00:00:00:00:00:03,0,55660.2,3005650.58,4.413,0.0,94.9,Normal,ALLOW,ddos
1787351990.4374852,2,2,00:00:00:00:00:04,0,89497.08,4832842.14,4.176,0.0,94.9,Normal,ALLOW,ddos
1787352010.049122,2,1,00:00:00:00:00:03,0,3553.31,191878.62,4.517,0.0,100.2,Normal,ALLOW,ddos
1787352010.0552204,2,2,00:00:00:00:00:04,0,5991.71,323552.41,4.551,0.0,100.2,Normal,ALLOW,ddos
1787352012.509054,2,1,00:00:00:00:00:03,0,28265.44,1526334.01,4.805,0.0,101.8,Normal,ALLOW,ddos
1787352012.514966,2,2,00:00:00:00:00:04,0,54014.78,2916798.27,4.284,0.0,101.8,Normal,ALLOW,ddos
1787352013.7949057,2,1,00:00:00:00:00:03,0,55174.48,2979422.03,5.077,0.0,97.9,Normal,ALLOW,ddos
1787352013.801589,2,2,00:00:00:00:00:04,0,104296.53,5632012.63,4.654,0.0,97.9,Normal,ALLOW,ddos
1787352015.12451,2,1,00:00:00:00:00:03,0,53428.73,2885151.53,4.981,0.0,100.7,Normal,ALLOW,ddos
1787352015.1310036,2,2,00:00:00:00:00:04,0,92825.49,5012576.65,4.535,0.0,100.7,Normal,ALLOW,ddos
1787352016.0922804,2,1,00:00:00:00:00:03,0,71399.0,3855546.0,4.516,0.0,99.8,Normal,ALLOW,ddos
1787352016.0979593,2,2,00:00:00:00:00:04,0,131666.0,7109964.0,4.233,0.0,99.8,Normal,ALLOW,ddos
1787352017.3693614,2,1,00:00:00:00:00:03,0,56615.48,3057236.07,4.474,0.0,0.0,Normal,ALLOW,ddos
1787352017.3752117,2,2,00:00:00:00:00:04,0,95002.55,5130137.66,4.382,0.0,0.0,Normal,ALLOW,ddos
1787352017.3823488,2,1,00:00:00:00:00:03,0,72793.0,3930822.0,4.337,0.0,151.1,Normal,ALLOW,ddos
1787352017.388082,2,2,00:00:00:00:00:04,0,126722.0,6842988.0,4.308,0.0,151.1,Normal,ALLOW,ddos
1787352019.2621386,2,1,00:00:00:00:00:03,0,38974.93,2104646.3,4.54,0.0,100.6,Normal,ALLOW,ddos
1787352019.267866,2,2,00:00:00:00:00:04,0,70589.68,3811842.49,4.271,0.0,100.6,Normal,ALLOW,ddos
1787352019.9198873,2,1,00:00:00:00:00:03,0,72146.0,3895884.0,4.712,0.0,100.2,Normal,ALLOW,ddos
1787352019.9264636,2,2,00:00:00:00:00:04,0,133224.0,7194096.0,4.903,0.0,100.2,Normal,ALLOW,ddos
1787352021.2342281,2,1,00:00:00:00:00:03,0,55147.91,2977987.05,4.442,0.0,98.7,Normal,ALLOW,ddos
1787352021.2400386,2,2,00:00:00:00:00:04,0,96798.82,5227136.36,4.309,0.0,98.7,Normal,ALLOW,ddos
1787352022.5319622,2,1,00:00:00:00:00:03,0,53965.25,2914123.68,4.459,0.0,99.0,Normal,ALLOW,ddos
1787352022.537739,2,2,00:00:00:00:00:04,0,101818.57,5498202.85,4.261,0.0,99.0,Normal,ALLOW,ddos
1787352023.177235,2,1,00:00:00:00:00:03,0,72012.0,3888648.0,4.409,0.0,99.1,Normal,ALLOW,ddos
1787352023.186801,2,2,00:00:00:00:00:04,0,128601.0,6944454.0,7.358,0.0,99.1,Normal,ALLOW,ddos
1787352024.4504697,2,1,00:00:00:00:00:03,0,55544.24,2999388.89,4.501,0.0,104.4,Normal,ALLOW,ddos
1787352024.4562893,2,2,00:00:00:00:00:04,0,100009.63,5400520.24,4.357,0.0,104.4,Normal,ALLOW,ddos
1787352025.162341,2,1,00:00:00:00:00:03,0,70463.0,3805002.0,4.743,0.0,99.8,Normal,ALLOW,ddos
1787352025.1684132,2,2,00:00:00:00:00:04,0,124449.0,6720246.0,4.47,0.0,99.8,Normal,ALLOW,ddos
1787352026.2943153,2,1,00:00:00:00:00:03,0,62833.31,3392998.84,4.924,0.0,100.5,Normal,ALLOW,ddos
1787352026.3006759,2,2,00:00:00:00:00:04,0,112101.7,6053491.56,4.525,0.0,100.5,Normal,ALLOW,ddos
1787352026.3067105,2,3,00:00:00:00:00:01,0,13601.0,734454.0,4.47,0.0,100.5,Normal,ALLOW,ddos
1787352026.3149343,2,1,00:00:00:00:00:03,0,75946.0,4101084.0,4.616,0.0,95.6,Normal,ALLOW,ddos
1787352026.3210046,2,2,00:00:00:00:00:04,0,73694.0,3979476.0,4.461,0.0,95.6,Normal,ALLOW,ddos
1787352026.3272784,2,3,00:00:00:00:00:01,0,76709.0,4142286.0,4.657,0.0,95.6,Normal,ALLOW,ddos
1787352026.3350656,2,1,00:00:00:00:00:03,0,77841.0,4203414.0,4.499,0.0,97.2,Normal,ALLOW,ddos
1787352026.3411915,2,2,00:00:00:00:00:04,0,76293.0,4119822.0,4.548,0.0,97.2,Normal,ALLOW,ddos
1787352026.3478577,2,3,00:00:00:00:00:01,0,78509.0,4239486.0,4.633,0.0,97.2,Normal,ALLOW,ddos
1787352026.3554974,2,1,00:00:00:00:00:03,0,75727.0,4089258.0,4.475,0.0,97.2,Normal,ALLOW,ddos
1787352026.3617218,2,2,00:00:00:00:00:04,0,75626.0,4083804.0,4.63,0.0,97.2,Normal,ALLOW,ddos
1787352026.367921,2,3,00:00:00:00:00:01,0,76272.0,4118688.0,4.487,0.0,97.2,Normal,ALLOW,ddos
1787352026.375645,2,1,00:00:00:00:00:03,0,73753.0,3982662.0,4.601,0.0,99.9,Normal,ALLOW,ddos
1787352026.3823063,2,2,00:00:00:00:00:04,0,75421.0,4072734.0,4.457,0.0,99.9,Normal,ALLOW,ddos
1787352026.3882568,2,3,00:00:00:00:00:01,0,74321.0,4013334.0,4.442,0.0,99.9,Normal,ALLOW,ddos
1787352026.396238,2,1,00:00:00:00:00:03,0,73950.0,3993300.0,4.691,0.0,98.4,Normal,ALLOW,ddos
1787352026.402241,2,2,00:00:00:00:00:04,0,72586.0,3919644.0,4.429,0.0,98.4,Normal,ALLOW,ddos
1787352026.4082286,2,3,00:00:00:00:00:01,0,74433.0,4019382.0,4.448,0.0,98.4,Normal,ALLOW,ddos
1787352026.416297,2,1,00:00:00:00:00:03,0,77057.0,4161078.0,4.423,0.0,99.7,Normal,ALLOW,ddos
1787352026.422131,2,2,00:00:00:00:00:04,0,78866.0,4258764.0,4.335,0.0,99.7,Normal,ALLOW,ddos
1787352026.42859,2,3,00:00:00:00:00:01,0,77582.0,4189428.0,4.5,0.0,99.7,Normal,ALLOW,ddos
1787352026.436109,2,1,00:00:00:00:00:03,0,75940.0,4100760.0,4.441,0.0,98.6,Normal,ALLOW,ddos
1787352026.4426863,2,2,00:00:00:00:00:04,0,79628.0,4299912.0,5.028,0.0,98.6,Normal,ALLOW,ddos
1787352026.4489782,2,3,00:00:00:00:00:01,0,76387.0,4124898.0,4.421,0.0,98.6,Normal,ALLOW,ddos
1787352026.4584005,2,1,00:00:00:00:00:03,0,76728.0,4143312.0,5.201,0.0,93.1,Normal,ALLOW,ddos
1787352026.4646955,2,2,00:00:00:00:00:04,0,79416.0,4288464.0,4.315,0.0,93.1,Normal,ALLOW,ddos
1787352026.4705472,2,3,00:00:00:00:00:01,0,77192.0,4168368.0,4.373,0.0,93.1,Normal,ALLOW,ddos
1787352026.478625,2,1,00:00:00:00:00:03,0,75632.0,4084128.0,4.788,0.0,97.7,Normal,ALLOW,ddos
1787352026.484792,2,2,00:00:00:00:00:04,0,78182.0,4221828.0,4.494,0.0,97.7,Normal,ALLOW,ddos
1787352026.4916658,2,3,00:00:00:00:00:01,0,76127.0,4110858.0,5.275,0.0,97.7,Normal,ALLOW,ddos
1787352026.5008478,2,1,00:00:00:00:00:03,0,75275.0,4064850.0,4.518,0.0,94.2,Normal,ALLOW,ddos
1787352026.5068803,2,2,00:00:00:00:00:04,0,78519.0,4240026.0,4.402,0.0,94.2,Normal,ALLOW,ddos
1787352026.5133598,2,3,00:00:00:00:00:01,0,75887.0,4097898.0,4.582,0.0,94.2,Normal,ALLOW,ddos
1787352026.520633,2,1,00:00:00:00:00:03,0,73041.0,3944214.0,4.283,0.0,92.7,Normal,ALLOW,ddos
1787352026.5267673,2,2,00:00:00:00:00:04,0,78295.0,4227930.0,4.54,0.0,92.7,Normal,ALLOW,ddos
1787352026.5328016,2,3,00:00:00:00:00:01,0,73718.0,3980772.0,4.333,0.0,92.7,Normal,ALLOW,ddos
1787352026.5402613,2,1,00:00:00:00:00:03,0,75966.0,4102164.0,4.459,0.0,102.9,Normal,ALLOW,ddos
1787352026.5464976,2,2,00:00:00:00:00:04,0,76592.0,4135968.0,4.46,0.0,102.9,Normal,ALLOW,ddos
1787352026.5523088,2,3,00:00:00:00:00:01,0,76643.0,4138722.0,4.33,0.0,102.9,Normal,ALLOW,ddos
1787352026.5597382,2,1,00:00:00:00:00:03,0,72133.0,3895182.0,4.505,0.0,102.6,Normal,ALLOW,ddos
1787352026.5658565,2,2,00:00:00:00:00:04,0,75236.0,4062744.0,4.341,0.0,102.6,Normal,ALLOW,ddos
1787352026.5716424,2,3,00:00:00:00:00:01,0,72698.0,3925692.0,4.313,0.0,102.6,Normal,ALLOW,ddos
1787352026.5793567,2,1,00:00:00:00:00:03,0,72663.0,3923802.0,4.45,0.0,103.0,Normal,ALLOW,ddos
1787352026.5849686,2,2,00:00:00:00:00:04,0,76809.0,4147686.0,4.186,0.0,103.0,Normal,ALLOW,ddos
1787352026.5907497,2,3,00:00:00:00:00:01,0,73232.0,3954528.0,4.3,0.0,103.0,Normal,ALLOW,ddos
1787352026.599618,2,1,00:00:00:00:00:03,0,77773.0,4199742.0,4.384,0.0,98.7,Normal,ALLOW,ddos
1787352026.6053486,2,2,00:00:00:00:00:04,0,77550.0,4187700.0,4.276,0.0,98.7,Normal,ALLOW,ddos
1787352026.611285,2,3,00:00:00:00:00:01,0,78350.0,4230900.0,4.407,0.0,98.7,Normal,ALLOW,ddos
1787352026.6188984,2,1,00:00:00:00:00:03,0,77776.0,4199904.0,4.349,0.0,103.3,Normal,ALLOW,ddos
1787352026.624682,2,2,00:00:00:00:00:04,0,77054.0,4160916.0,4.282,0.0,103.3,Normal,ALLOW,ddos
1787352026.6308265,2,3,00:00:00:00:00:01,0,78340.0,4230360.0,4.313,0.0,103.3,Normal,ALLOW,ddos
1787352026.6380603,2,1,00:00:00:00:00:03,0,72104.0,3893616.0,4.265,0.0,102.6,Normal,ALLOW,ddos
1787352026.6441004,2,2,00:00:00:00:00:04,0,74433.0,4019382.0,4.422,0.0,102.6,Normal,ALLOW,ddos
1787352026.6503608,2,3,00:00:00:00:00:01,0,72675.0,3924450.0,4.344,0.0,102.6,Normal,ALLOW,ddos
1787352026.6579998,2,1,00:00:00:00:00:03,0,72753.0,3928662.0,4.541,0.0,102.4,Normal,ALLOW,ddos
1787352026.6644042,2,2,00:00:00:00:00:04,0,75963.0,4102002.0,4.534,0.0,102.4,Normal,ALLOW,ddos
1787352026.6702812,2,3,00:00:00:00:00:01,0,73339.0,3960306.0,4.37,0.0,102.4,Normal,ALLOW,ddos
1787352026.6802156,2,1,00:00:00:00:00:03,0,73388.0,3962952.0,6.805,0.0,100.5,Normal,ALLOW,ddos
1787352026.690269,2,2,00:00:00:00:00:04,0,73258.0,3955932.0,7.428,0.0,100.5,Normal,ALLOW,ddos
1787352026.6997967,2,3,00:00:00:00:00:01,0,73936.0,3992544.0,7.076,0.0,100.5,Normal,ALLOW,ddos
1787352026.7078536,2,1,00:00:00:00:00:03,0,73799.0,3985146.0,4.911,0.0,101.5,Normal,ALLOW,ddos
1787352026.7144022,2,2,00:00:00:00:00:04,0,73992.0,3995568.0,4.602,0.0,101.5,Normal,ALLOW,ddos
1787352026.7203472,2,3,00:00:00:00:00:01,0,74353.0,4015062.0,4.339,0.0,101.5,Normal,ALLOW,ddos
1787352026.7284002,2,1,00:00:00:00:00:03,0,73667.0,3978018.0,4.662,0.0,97.5,Normal,ALLOW,ddos
1787352026.7343717,2,2,00:00:00:00:00:04,0,72830.0,3932820.0,4.358,0.0,97.5,Normal,ALLOW,ddos
1787352026.740555,2,3,00:00:00:00:00:01,0,74220.0,4007880.0,4.621,0.0,97.5,Normal,ALLOW,ddos
1787352026.7490165,2,1,00:00:00:00:00:03,0,71281.0,3849174.0,4.828,0.0,98.7,Normal,ALLOW,ddos
1787352026.7548556,2,2,00:00:00:00:00:04,0,68516.0,3699864.0,4.329,0.0,98.7,Normal,ALLOW,ddos
1787352026.7612355,2,3,00:00:00:00:00:01,0,71847.0,3879738.0,4.789,0.0,98.7,Normal,ALLOW,ddos
1787352026.7700589,2,1,00:00:00:00:00:03,0,74147.0,4003938.0,4.621,0.0,93.0,Normal,ALLOW,ddos
1787352026.7778103,2,2,00:00:00:00:00:04,0,76561.0,4134294.0,6.085,0.0,93.0,Normal,ALLOW,ddos
1787352026.7845542,2,3,00:00:00:00:00:01,0,74716.0,4034664.0,4.665,0.0,93.0,Normal,ALLOW,ddos
1787352026.792604,2,1,00:00:00:00:00:03,0,71776.0,3875904.0,5.008,0.0,89.1,Normal,ALLOW,ddos
1787352026.7989454,2,2,00:00:00:00:00:04,0,72511.0,3915594.0,4.52,0.0,89.1,Normal,ALLOW,ddos
1787352026.805059,2,3,00:00:00:00:00:01,0,72344.0,3906576.0,4.608,0.0,89.1,Normal,ALLOW,ddos
1787352026.8147976,2,1,00:00:00:00:00:03,0,71376.0,3854304.0,5.82,0.0,97.6,Normal,ALLOW,ddos
1787352026.8210022,2,2,00:00:00:00:00:04,0,74606.0,4028724.0,4.491,0.0,97.6,Normal,ALLOW,ddos
1787352026.827554,2,3,00:00:00:00:00:01,0,71922.0,3883788.0,5.041,0.0,97.6,Normal,ALLOW,ddos
1787352026.8352818,2,1,00:00:00:00:00:03,0,73038.0,3944052.0,4.545,0.0,88.8,Normal,ALLOW,ddos
1787352026.8425317,2,2,00:00:00:00:00:04,0,73033.0,3943782.0,5.564,0.0,88.8,Normal,ALLOW,ddos
1787352026.8507197,2,3,00:00:00:00:00:01,0,73574.0,3972996.0,5.412,0.0,88.8,Normal,ALLOW,ddos
1787352026.8600354,2,1,00:00:00:00:00:03,0,72728.0,3927312.0,5.859,0.0,129.4,Normal,ALLOW,ddos
1787352026.8667362,2,2,00:00:00:00:00:04,0,73837.0,3987198.0,4.813,0.0,129.4,Normal,ALLOW,ddos
1787352026.8728921,2,3,00:00:00:00:00:01,0,73269.0,3956526.0,4.407,0.0,129.4,Normal,ALLOW,ddos
1787352026.8814592,2,1,00:00:00:00:00:03,0,74139.0,4003506.0,4.444,0.0,90.2,Normal,ALLOW,ddos
1787352026.8873143,2,2,00:00:00:00:00:04,0,74556.0,4026024.0,4.272,0.0,90.2,Normal,ALLOW,ddos
1787352026.8936625,2,3,00:00:00:00:00:01,0,74691.0,4033314.0,4.784,0.0,90.2,Normal,ALLOW,ddos
1787352026.9011352,2,1,00:00:00:00:00:03,0,75140.0,4057560.0,4.263,0.0,96.1,Normal,ALLOW,ddos
1787352026.9071014,2,2,00:00:00:00:00:04,0,75439.0,4073706.0,4.502,0.0,96.1,Normal,ALLOW,ddos
1787352026.913526,2,3,00:00:00:00:00:01,0,75689.0,4087206.0,4.646,0.0,96.1,Normal,ALLOW,ddos
1787352026.9210413,2,1,00:00:00:00:00:03,0,74785.0,4038390.0,4.432,0.0,101.0,Normal,ALLOW,ddos
1787352026.9271393,2,2,00:00:00:00:00:04,0,71632.0,3868128.0,4.45,0.0,101.0,Normal,ALLOW,ddos
1787352026.9330945,2,3,00:00:00:00:00:01,0,75336.0,4068144.0,4.313,0.0,101.0,Normal,ALLOW,ddos
1787352026.9421477,2,1,00:00:00:00:00:03,0,71944.0,3884976.0,4.79,0.0,97.2,Normal,ALLOW,ddos
1787352026.9489586,2,2,00:00:00:00:00:04,0,69624.0,3759696.0,4.432,0.0,97.2,Normal,ALLOW,ddos
1787352026.9548688,2,3,00:00:00:00:00:01,0,72470.0,3913380.0,4.381,0.0,97.2,Normal,ALLOW,ddos
1787352026.9626057,2,1,00:00:00:00:00:03,0,73356.0,3961224.0,4.521,0.0,96.4,Normal,ALLOW,ddos
1787352026.968501,2,2,00:00:00:00:00:04,0,72757.0,3928878.0,4.406,0.0,96.4,Normal,ALLOW,ddos
1787352026.9744382,2,3,00:00:00:00:00:01,0,73897.0,3990438.0,4.4,0.0,96.4,Normal,ALLOW,ddos
1787352026.982788,2,1,00:00:00:00:00:03,0,75199.0,4060746.0,4.755,0.0,101.8,Normal,ALLOW,ddos
1787352026.9888802,2,2,00:00:00:00:00:04,0,75729.0,4089366.0,4.415,0.0,101.8,Normal,ALLOW,ddos
1787352026.995491,2,3,00:00:00:00:00:01,0,75751.0,4090554.0,4.77,0.0,101.8,Normal,ALLOW,ddos
1787352027.002927,2,1,00:00:00:00:00:03,0,71148.0,3841992.0,4.376,0.0,142.9,Normal,ALLOW,ddos
1787352027.009084,2,2,00:00:00:00:00:04,0,74359.0,4015386.0,4.65,0.0,142.9,Normal,ALLOW,ddos
1787352027.0158975,2,3,00:00:00:00:00:01,0,71682.0,3870828.0,4.87,0.0,142.9,Normal,ALLOW,ddos
1787352027.0232842,2,1,00:00:00:00:00:03,0,70541.0,3809214.0,4.325,0.0,98.0,Normal,ALLOW,ddos
1787352027.0294583,2,2,00:00:00:00:00:04,0,74603.0,4028562.0,4.559,0.0,98.0,Normal,ALLOW,ddos
1787352027.035383,2,3,00:00:00:00:00:01,0,71112.0,3840048.0,4.368,0.0,98.0,Normal,ALLOW,ddos
1787352027.0430894,2,1,00:00:00:00:00:03,0,72401.0,3909654.0,4.717,0.0,102.8,Normal,ALLOW,ddos
1787352027.0498002,2,2,00:00:00:00:00:04,0,73752.0,3982608.0,4.628,0.0,102.8,Normal,ALLOW,ddos
1787352027.0557132,2,3,00:00:00:00:00:01,0,72935.0,3938490.0,4.355,0.0,102.8,Normal,ALLOW,ddos
1787352027.0859084,2,1,00:00:00:00:00:03,0,77771.0,4199634.0,4.543,0.0,0.0,Normal,ALLOW,ddos
1787352027.0919275,2,2,00:00:00:00:00:04,0,75698.0,4087692.0,4.474,0.0,0.0,Normal,ALLOW,ddos
1787352027.0983741,2,3,00:00:00:00:00:01,0,78281.0,4227174.0,4.575,0.0,0.0,Normal,ALLOW,ddos
1787352027.4916263,2,1,00:00:00:00:00:03,0,72032.0,3889728.0,5.125,0.0,98.9,Normal,ALLOW,ddos
1787352027.497913,2,2,00:00:00:00:00:04,0,68085.0,3676590.0,4.294,0.0,98.9,Normal,ALLOW,ddos
1787352027.503575,2,3,00:00:00:00:00:01,0,72427.0,3911058.0,4.206,0.0,98.9,Normal,ALLOW,ddos
1787352028.4943252,2,1,00:00:00:00:00:03,0,70551.84,3809799.09,4.725,0.0,100.7,Normal,ALLOW,ddos
1787352028.5006242,2,2,00:00:00:00:00:04,0,68952.73,3723447.66,4.513,0.0,100.7,Normal,ALLOW,ddos
1787352028.5068166,2,3,00:00:00:00:00:01,0,71656.45,3869448.33,4.598,0.0,100.7,Normal,ALLOW,ddos
1787352029.4994369,2,1,00:00:00:00:00:03,0,69157.12,3734484.59,4.45,0.0,0.0,Normal,ALLOW,ddos
1787352029.5052547,2,2,00:00:00:00:00:04,0,68877.77,3719399.78,4.314,0.0,0.0,Normal,ALLOW,ddos
1787352029.5113697,2,3,00:00:00:00:00:01,0,70101.54,3785483.07,4.478,0.0,0.0,Normal,ALLOW,ddos
1787352030.4999418,2,1,00:00:00:00:00:03,0,71661.0,3869694.0,4.586,0.0,100.0,Normal,ALLOW,ddos
1787352030.5059047,2,2,00:00:00:00:00:04,0,73688.0,3979152.0,4.434,0.0,100.0,Normal,ALLOW,ddos
1787352030.511688,2,3,00:00:00:00:00:01,0,72442.0,3911868.0,4.343,0.0,100.0,Normal,ALLOW,ddos
1787352031.5041358,2,1,00:00:00:00:00:03,0,72858.9,3934380.43,4.788,0.0,99.5,Normal,ALLOW,ddos
1787352031.510446,2,2,00:00:00:00:00:04,0,72344.1,3906581.51,4.776,0.0,99.5,Normal,ALLOW,ddos
1787352031.5166388,2,3,00:00:00:00:00:01,0,73886.49,3989870.72,4.617,0.0,99.5,Normal,ALLOW,ddos
1787352032.5034611,2,1,00:00:00:00:00:03,0,73925.0,3991950.0,4.562,0.0,0.0,Normal,ALLOW,ddos
1787352032.5095162,2,2,00:00:00:00:00:04,0,71061.0,3837294.0,4.57,0.0,0.0,Normal,ALLOW,ddos
1787352032.5153651,2,3,00:00:00:00:00:01,0,75018.0,4050972.0,4.249,0.0,0.0,Normal,ALLOW,ddos
1787352033.5061371,2,1,00:00:00:00:00:03,0,71466.58,3859195.06,4.51,0.0,99.8,Normal,ALLOW,ddos
1787352033.5148196,2,2,00:00:00:00:00:04,0,71191.22,3844325.89,7.125,0.0,99.8,Normal,ALLOW,ddos
1787352033.5251887,2,3,00:00:00:00:00:01,0,72647.81,3922981.63,8.185,0.0,99.8,Normal,ALLOW,ddos
1787352034.5048423,2,1,00:00:00:00:00:03,0,75708.0,4088232.0,4.298,0.0,0.0,Normal,ALLOW,ddos
1787352034.5105093,2,2,00:00:00:00:00:04,0,70049.0,3782646.0,4.236,0.0,0.0,Normal,ALLOW,ddos
1787352034.5160608,2,3,00:00:00:00:00:01,0,76826.0,4148604.0,4.172,0.0,0.0,Normal,ALLOW,ddos
1787352035.50936,2,1,00:00:00:00:00:03,0,77460.86,4182886.29,4.638,0.0,100.6,Normal,ALLOW,ddos
1787352035.5154095,2,2,00:00:00:00:00:04,0,77754.79,4198758.89,4.41,0.0,100.6,Normal,ALLOW,ddos
1787352035.5211906,2,3,00:00:00:00:00:01,0,78530.99,4240673.3,4.312,0.0,100.6,Normal,ALLOW,ddos
1787352036.5071416,2,1,00:00:00:00:00:03,0,75154.0,4058316.0,4.309,0.0,0.0,Normal,ALLOW,ddos
1787352036.51274,2,2,00:00:00:00:00:04,0,73043.0,3944322.0,4.17,0.0,0.0,Normal,ALLOW,ddos
1787352036.5183249,2,3,00:00:00:00:00:01,0,76190.0,4114260.0,4.223,0.0,0.0,Normal,ALLOW,ddos
1787352037.512044,2,1,00:00:00:00:00:03,0,74498.53,4022920.65,4.504,0.0,0.0,Normal,ALLOW,ddos
1787352037.5179915,2,2,00:00:00:00:00:04,0,72891.05,3936116.68,4.435,0.0,0.0,Normal,ALLOW,ddos
1787352037.523698,2,3,00:00:00:00:00:01,0,75531.7,4078711.69,4.262,0.0,0.0,Normal,ALLOW,ddos
1787352038.517413,2,1,00:00:00:00:00:03,0,73128.34,3948930.24,4.518,0.0,0.0,Normal,ALLOW,ddos
1787352038.5242932,2,2,00:00:00:00:00:04,0,73190.01,3952260.27,5.304,0.0,0.0,Normal,ALLOW,ddos
1787352038.5305998,2,3,00:00:00:00:00:01,0,74167.73,4005057.33,4.658,0.0,0.0,Normal,ALLOW,ddos
1787352039.516251,2,1,00:00:00:00:00:03,0,71263.0,3848202.0,4.586,0.0,0.0,Normal,ALLOW,ddos
1787352039.5220826,2,2,00:00:00:00:00:04,0,73989.0,3995406.0,4.356,0.0,0.0,Normal,ALLOW,ddos
1787352039.5278742,2,3,00:00:00:00:00:01,0,72420.0,3910680.0,4.383,0.0,0.0,Normal,ALLOW,ddos
1787352040.4539783,1,3,00:00:00:00:00:03,0,69592.0,3757968.0,4.34,0.0,100.3,Normal,ALLOW,ddos
1787352040.4596705,1,2,00:00:00:00:00:02,0,376.35,-109849.77,4.222,0.0,100.3,Normal,ALLOW,ddos
1787352040.514974,2,1,00:00:00:00:00:03,0,74264.0,4010256.0,4.716,0.0,82.5,Normal,ALLOW,ddos
1787352040.5208988,2,2,00:00:00:00:00:04,0,77096.0,4163184.0,4.418,0.0,82.5,Normal,ALLOW,ddos
1787352040.5266414,2,3,00:00:00:00:00:01,0,75472.0,4075488.0,4.319,0.0,82.5,Normal,ALLOW,ddos
1787352040.911568,1,1,00:00:00:00:00:01,0,3911.0,211194.0,4.047,0.0,100.5,Normal,ALLOW,ddos
1787352040.9168546,1,3,00:00:00:00:00:03,0,75390.0,4071060.0,3.95,0.0,100.5,Normal,ALLOW,ddos
1787352040.92222,1,2,00:00:00:00:00:02,0,75995.0,4103730.0,4.017,0.0,100.5,Normal,ALLOW,ddos
1787352041.3984206,1,3,00:00:00:00:00:03,0,69705.0,3764070.0,4.749,0.0,100.8,Normal,ALLOW,ddos
1787352041.4042368,1,2,00:00:00:00:00:02,0,79567.0,4296618.0,4.342,0.0,100.8,Normal,ALLOW,ddos
1787352041.410023,1,1,00:00:00:00:00:01,0,69910.0,3775140.0,4.326,0.0,100.8,Normal,ALLOW,ddos
1787352041.4157722,1,1,00:00:00:00:00:01,0,244.57,13186.99,4.329,0.0,100.8,Normal,ALLOW,ddos
1787352041.5177364,2,1,00:00:00:00:00:03,0,73722.67,3981024.44,4.426,0.0,100.3,Normal,ALLOW,ddos
1787352041.5236516,2,2,00:00:00:00:00:04,0,75024.62,4051329.74,4.407,0.0,100.3,Normal,ALLOW,ddos
1787352041.5300488,2,3,00:00:00:00:00:01,0,74193.21,4006433.4,4.61,0.0,100.3,Normal,ALLOW,ddos
1787352041.865758,1,3,00:00:00:00:00:03,0,69526.0,3754404.0,4.858,0.0,100.7,Normal,ALLOW,ddos
1787352041.871799,1,2,00:00:00:00:00:02,0,85611.0,4622994.0,4.529,0.0,100.7,Normal,ALLOW,ddos
1787352041.8776672,1,1,00:00:00:00:00:01,0,69527.0,3754458.0,4.405,0.0,100.7,Normal,ALLOW,ddos
1787352041.8836057,1,1,00:00:00:00:00:01,0,85611.0,4622994.0,4.511,0.0,100.7,Normal,ALLOW,ddos
1787352042.5193124,2,1,00:00:00:00:00:03,0,69716.26,3764678.02,4.673,0.0,99.4,Normal,ALLOW,ddos
1787352042.5252106,2,2,00:00:00:00:00:04,0,73525.36,3970369.25,4.412,0.0,99.4,Normal,ALLOW,ddos
1787352042.531111,2,3,00:00:00:00:00:01,0,69715.26,3764624.09,4.41,0.0,99.4,Normal,ALLOW,ddos
1787352042.5478134,1,3,00:00:00:00:00:03,0,70914.0,3829356.0,4.817,0.0,123.2,Normal,ALLOW,ddos
1787352042.554008,1,2,00:00:00:00:00:02,0,83620.0,4515480.0,4.589,0.0,123.2,Normal,ALLOW,ddos
1787352042.560014,1,1,00:00:00:00:00:01,0,70913.0,3829302.0,4.468,0.0,123.2,Normal,ALLOW,ddos
1787352042.565959,1,1,00:00:00:00:00:01,0,83620.0,4515480.0,4.458,0.0,123.2,Normal,ALLOW,ddos
1787352043.0177839,1,3,00:00:00:00:00:03,0,71043.0,3836322.0,4.569,0.0,97.7,Normal,ALLOW,ddos
1787352043.0241365,1,2,00:00:00:00:00:02,0,80499.0,4346946.0,4.87,0.0,97.7,Normal,ALLOW,ddos
1787352043.0300045,1,1,00:00:00:00:00:01,0,71044.0,3836376.0,4.38,0.0,97.7,Normal,ALLOW,ddos
1787352043.0359087,1,1,00:00:00:00:00:01,0,80499.0,4346946.0,4.484,0.0,97.7,Normal,ALLOW,ddos
1787352043.522745,2,1,00:00:00:00:00:03,0,70432.69,3803365.09,4.424,0.0,628.8,Normal,ALLOW,ddos
1787352043.528678,2,2,00:00:00:00:00:04,0,74550.07,4025703.58,4.363,0.0,628.8,Normal,ALLOW,ddos
1787352043.5346088,2,3,00:00:00:00:00:01,0,70433.68,3803418.87,4.384,0.0,628.8,Normal,ALLOW,ddos
1787352043.5608604,1,3,00:00:00:00:00:03,0,71399.0,3855546.0,4.738,0.0,79.9,Normal,ALLOW,ddos
1787352043.5668194,1,2,00:00:00:00:00:02,0,82891.0,4476114.0,4.455,0.0,79.9,Normal,ALLOW,ddos
1787352043.5728295,1,1,00:00:00:00:00:01,0,71398.0,3855492.0,4.494,0.0,79.9,Normal,ALLOW,ddos
1787352043.578878,1,1,00:00:00:00:00:01,0,82892.0,4476168.0,4.481,0.0,79.9,Normal,ALLOW,ddos
1787352044.1807728,1,3,00:00:00:00:00:03,0,72666.0,3923964.0,4.793,0.0,100.1,Normal,ALLOW,ddos
1787352044.1866407,1,2,00:00:00:00:00:02,0,86120.0,4650480.0,4.364,0.0,100.1,Normal,ALLOW,ddos
1787352044.192627,1,1,00:00:00:00:00:01,0,86120.0,4650480.0,4.457,0.0,100.1,Normal,ALLOW,ddos
1787352044.19934,1,1,00:00:00:00:00:01,0,72666.0,3923964.0,4.655,0.0,100.1,Normal,ALLOW,ddos
1787352044.523286,2,1,00:00:00:00:00:03,0,69923.16,3775850.61,4.661,0.0,721.7,Normal,ALLOW,ddos
1787352044.529262,2,2,00:00:00:00:00:04,0,74928.17,4046121.0,4.47,0.0,721.7,Normal,ALLOW,ddos
1787352044.53516,2,3,00:00:00:00:00:01,0,69923.16,3775850.61,4.429,0.0,721.7,Normal,ALLOW,ddos
1787352044.7160788,1,3,00:00:00:00:00:03,0,72457.0,3912678.0,4.49,0.0,98.7,Normal,ALLOW,ddos
1787352044.722212,1,2,00:00:00:00:00:02,0,84209.0,4547286.0,4.336,0.0,98.7,Normal,ALLOW,ddos
1787352044.7279391,1,1,00:00:00:00:00:01,0,84209.0,4547286.0,4.307,0.0,98.7,Normal,ALLOW,ddos
1787352044.733695,1,1,00:00:00:00:00:01,0,72457.0,3912678.0,4.355,0.0,98.7,Normal,ALLOW,ddos
1787352045.3622968,1,3,00:00:00:00:00:03,0,73235.0,3954690.0,4.529,0.0,99.0,Normal,ALLOW,ddos
1787352045.3681066,1,2,00:00:00:00:00:02,0,82241.0,4441014.0,4.327,0.0,99.0,Normal,ALLOW,ddos
1787352045.374002,1,1,00:00:00:00:00:01,0,82240.0,4440960.0,4.45,0.0,99.0,Normal,ALLOW,ddos
1787352045.3796751,1,1,00:00:00:00:00:01,0,73236.0,3954744.0,4.288,0.0,99.0,Normal,ALLOW,ddos
1787352045.5235314,2,1,00:00:00:00:00:03,0,73800.56,3985230.23,4.414,0.0,0.0,Normal,ALLOW,ddos
1787352045.529214,2,2,00:00:00:00:00:04,0,74037.42,3998020.88,4.229,0.0,0.0,Normal,ALLOW,ddos
1787352045.5348358,2,3,00:00:00:00:00:01,0,73799.56,3985176.26,4.251,0.0,0.0,Normal,ALLOW,ddos
1787352045.850093,1,3,00:00:00:00:00:03,0,71783.0,3876282.0,4.647,0.0,98.2,Normal,ALLOW,ddos
1787352045.855995,1,2,00:00:00:00:00:02,0,81613.0,4407102.0,4.366,0.0,98.2,Normal,ALLOW,ddos
1787352045.8617158,1,1,00:00:00:00:00:01,0,71782.0,3876228.0,4.311,0.0,98.2,Normal,ALLOW,ddos
1787352045.8674257,1,1,00:00:00:00:00:01,0,81613.0,4407102.0,4.286,0.0,98.2,Normal,ALLOW,ddos
1787352046.3154545,1,3,00:00:00:00:00:03,0,72869.0,3934926.0,4.475,0.0,101.0,Normal,ALLOW,ddos
1787352046.3211792,1,2,00:00:00:00:00:02,0,82954.0,4479516.0,4.302,0.0,101.0,Normal,ALLOW,ddos
1787352046.3269284,1,1,00:00:00:00:00:01,0,82955.0,4479570.0,4.32,0.0,101.0,Normal,ALLOW,ddos
1787352046.3326716,1,1,00:00:00:00:00:01,0,72869.0,3934926.0,4.27,0.0,101.0,Normal,ALLOW,ddos
1787352046.5252414,2,1,00:00:00:00:00:03,0,75272.04,4064689.91,4.466,0.0,104.8,Normal,ALLOW,ddos
1787352046.530979,2,2,00:00:00:00:00:04,0,74198.32,4006709.21,4.305,0.0,104.8,Normal,ALLOW,ddos
1787352046.536618,2,3,00:00:00:00:00:01,0,75273.03,4064743.85,4.247,0.0,104.8,Normal,ALLOW,ddos
1787352046.9518306,1,3,00:00:00:00:00:03,0,70008.0,3780432.0,4.315,0.0,100.6,Normal,ALLOW,ddos
1787352046.9575055,1,2,00:00:00:00:00:02,0,82445.0,4452030.0,4.247,0.0,100.6,Normal,ALLOW,ddos
1787352046.9631157,1,1,00:00:00:00:00:01,0,82445.0,4452030.0,4.219,0.0,100.6,Normal,ALLOW,ddos
1787352046.96876,1,1,00:00:00:00:00:01,0,70009.0,3780486.0,4.28,0.0,100.6,Normal,ALLOW,ddos
1787352047.4083831,1,3,00:00:00:00:00:03,0,72013.0,3888702.0,4.518,0.0,100.7,Normal,ALLOW,ddos
1787352047.4140136,1,2,00:00:00:00:00:02,0,84753.0,4576662.0,4.16,0.0,100.7,Normal,ALLOW,ddos
1787352047.4194078,1,1,00:00:00:00:00:01,0,84752.0,4576608.0,4.054,0.0,100.7,Normal,ALLOW,ddos
1787352047.4249556,1,1,00:00:00:00:00:01,0,72012.0,3888648.0,4.207,0.0,100.7,Normal,ALLOW,ddos
1787352047.5247421,2,1,00:00:00:00:00:03,0,75735.0,4089690.0,4.366,0.0,94.5,Normal,ALLOW,ddos
1787352047.5303779,2,2,00:00:00:00:00:04,0,72821.0,3932334.0,4.211,0.0,94.5,Normal,ALLOW,ddos
1787352047.535983,2,3,00:00:00:00:00:01,0,75735.0,4089690.0,4.238,0.0,94.5,Normal,ALLOW,ddos
1787352048.0391002,1,3,00:00:00:00:00:03,0,70716.0,3818664.0,4.529,0.0,98.9,Normal,ALLOW,ddos
1787352048.0446632,1,2,00:00:00:00:00:02,0,83480.0,4507920.0,4.158,0.0,98.9,Normal,ALLOW,ddos
1787352048.050222,1,1,00:00:00:00:00:01,0,83481.0,4507974.0,4.201,0.0,98.9,Normal,ALLOW,ddos
1787352048.0569758,1,1,00:00:00:00:00:01,0,70716.0,3818664.0,5.395,0.0,98.9,Normal,ALLOW,ddos
1787352048.5277007,2,1,00:00:00:00:00:03,0,74684.27,4032950.45,4.598,0.0,0.0,Normal,ALLOW,ddos
1787352048.5335598,2,2,00:00:00:00:00:04,0,75754.87,4090763.2,4.413,0.0,0.0,Normal,ALLOW,ddos
1787352048.5394351,2,3,00:00:00:00:00:01,0,74684.27,4032950.45,4.467,0.0,0.0,Normal,ALLOW,ddos
1787352048.547105,1,3,00:00:00:00:00:03,0,70462.0,3804948.0,4.495,0.0,102.1,Normal,ALLOW,ddos
1787352048.552835,1,2,00:00:00:00:00:02,0,80807.0,4363578.0,4.306,0.0,102.1,Normal,ALLOW,ddos
1787352048.5586386,1,1,00:00:00:00:00:01,0,70462.0,3804948.0,4.397,0.0,102.1,Normal,ALLOW,ddos
1787352048.5644464,1,1,00:00:00:00:00:01,0,80806.0,4363524.0,4.385,0.0,102.1,Normal,ALLOW,ddos
1787352049.0225732,1,3,00:00:00:00:00:03,0,71125.0,3840750.0,4.511,0.0,101.1,Normal,ALLOW,ddos
1787352049.0287216,1,2,00:00:00:00:00:02,0,83285.0,4497390.0,4.283,0.0,101.1,Normal,ALLOW,ddos
1787352049.0344312,1,3,00:00:00:00:00:04,0,1341.0,72414.0,4.311,0.0,101.1,Normal,ALLOW,ddos
1787352049.040188,1,1,00:00:00:00:00:01,0,71125.0,3840750.0,4.345,0.0,101.1,Normal,ALLOW,ddos
1787352049.0459936,1,1,00:00:00:00:00:01,0,83285.0,4497390.0,4.38,0.0,101.1,Normal,ALLOW,ddos
1787352050.1536903,1,3,00:00:00:00:00:03,0,67125.71,3624788.54,4.28,0.0,99.5,Normal,ALLOW,ddos
1787352050.1594703,1,2,00:00:00:00:00:02,0,73637.03,3976399.76,4.22,0.0,99.5,Normal,ALLOW,ddos
1787352050.1651769,1,1,00:00:00:00:00:01,0,73637.03,3976399.76,4.229,0.0,99.5,Normal,ALLOW,ddos
1787352050.1709929,1,1,00:00:00:00:00:01,0,67125.71,3624788.54,4.304,0.0,99.5,Normal,ALLOW,ddos
1787352050.176785,1,3,00:00:00:00:00:04,0,65134.4,3517257.65,4.345,0.0,99.5,Normal,ALLOW,ddos
1787352050.2310066,2,1,00:00:00:00:00:03,0,44123.06,2382645.24,4.291,0.0,116.4,Normal,ALLOW,ddos
1787352050.236863,2,2,00:00:00:00:00:04,0,43893.49,2370248.68,4.304,0.0,116.4,Normal,ALLOW,ddos
1787352050.2426405,2,3,00:00:00:00:00:01,0,44123.06,2382645.24,4.308,0.0,116.4,Normal,ALLOW,ddos
1787352050.2484765,2,3,00:00:00:00:00:01,0,32466.0,1753164.0,4.301,0.0,116.4,Normal,ALLOW,ddos
1787352050.531731,2,1,00:00:00:00:00:03,0,76010.0,4104540.0,4.35,0.0,0.0,Normal,ALLOW,ddos
1787352050.5373755,2,2,00:00:00:00:00:04,0,76623.0,4137642.0,4.227,0.0,0.0,Normal,ALLOW,ddos
1787352050.5429792,2,3,00:00:00:00:00:01,0,76010.0,4104540.0,4.142,0.0,0.0,Normal,ALLOW,ddos
1787352050.548979,2,3,00:00:00:00:00:01,0,79333.0,4283982.0,4.169,0.0,0.0,Normal,ALLOW,ddos
1787352050.6835907,1,3,00:00:00:00:00:03,0,77840.0,4203360.0,4.35,0.0,105.7,Normal,ALLOW,ddos
1787352050.6893604,1,2,00:00:00:00:00:02,0,84012.0,4536648.0,4.328,0.0,105.7,Normal,ALLOW,ddos
1787352050.6950583,1,1,00:00:00:00:00:01,0,77841.0,4203414.0,4.244,0.0,105.7,Normal,ALLOW,ddos
1787352050.70062,1,1,00:00:00:00:00:01,0,84012.0,4536648.0,4.173,0.0,105.7,Normal,ALLOW,ddos
1787352050.7061946,1,3,00:00:00:00:00:04,0,76293.0,4119822.0,4.194,0.0,105.7,Normal,ALLOW,ddos
1787352051.2819543,1,3,00:00:00:00:00:03,0,75727.0,4089258.0,4.426,0.0,100.3,Normal,ALLOW,ddos
1787352051.2877653,1,2,00:00:00:00:00:02,0,83779.0,4524066.0,4.178,0.0,100.3,Normal,ALLOW,ddos
1787352051.2937136,1,1,00:00:00:00:00:01,0,83780.0,4524120.0,4.244,0.0,100.3,Normal,ALLOW,ddos
1787352051.2997084,1,1,00:00:00:00:00:01,0,75726.0,4089204.0,4.363,0.0,100.3,Normal,ALLOW,ddos
1787352051.3055632,1,3,00:00:00:00:00:04,0,75626.0,4083804.0,4.167,0.0,100.3,Normal,ALLOW,ddos
1787352051.5342083,2,1,00:00:00:00:00:03,0,76812.34,4147866.61,4.416,0.0,0.0,Normal,ALLOW,ddos
1787352051.539966,2,2,00:00:00:00:00:04,0,77062.76,4161388.98,4.288,0.0,0.0,Normal,ALLOW,ddos
1787352051.545965,2,3,00:00:00:00:00:01,0,76811.35,4147812.74,4.338,0.0,0.0,Normal,ALLOW,ddos
1787352051.5518816,2,3,00:00:00:00:00:01,0,81204.07,4385019.94,4.233,0.0,0.0,Normal,ALLOW,ddos
1787352051.8483415,1,3,00:00:00:00:00:03,0,73754.0,3982716.0,4.637,0.0,98.9,Normal,ALLOW,ddos
1787352051.854132,1,2,00:00:00:00:00:02,0,80495.0,4346730.0,4.284,0.0,98.9,Normal,ALLOW,ddos
1787352051.8600197,1,3,00:00:00:00:00:04,0,75421.0,4072734.0,4.286,0.0,98.9,Normal,ALLOW,ddos
1787352051.8656447,1,1,00:00:00:00:00:01,0,80494.0,4346676.0,4.161,0.0,98.9,Normal,ALLOW,ddos
1787352051.8713562,1,1,00:00:00:00:00:01,0,73753.0,3982662.0,4.217,0.0,98.9,Normal,ALLOW,ddos
1787352052.2364907,1,3,00:00:00:00:00:03,0,73949.0,3993246.0,4.367,0.0,100.4,Normal,ALLOW,ddos
1787352052.2425244,1,2,00:00:00:00:00:02,0,83789.0,4524606.0,4.476,0.0,100.4,Normal,ALLOW,ddos
1787352052.2483697,1,1,00:00:00:00:00:01,0,73950.0,3993300.0,4.257,0.0,100.4,Normal,ALLOW,ddos
1787352052.2541862,1,3,00:00:00:00:00:04,0,72586.0,3919644.0,4.239,0.0,100.4,Normal,ALLOW,ddos
1787352052.260037,1,1,00:00:00:00:00:01,0,83789.0,4524606.0,4.263,0.0,100.4,Normal,ALLOW,ddos
1787352052.5321891,2,1,00:00:00:00:00:03,0,79105.0,4271670.0,4.315,0.0,101.4,Normal,ALLOW,ddos
1787352052.5379312,2,2,00:00:00:00:00:04,0,76968.0,4156272.0,4.193,0.0,101.4,Normal,ALLOW,ddos
1787352052.5437002,2,3,00:00:00:00:00:01,0,79106.0,4271724.0,4.186,0.0,101.4,Normal,ALLOW,ddos
1787352052.5492465,2,3,00:00:00:00:00:01,0,81024.0,4375296.0,4.119,0.0,101.4,Normal,ALLOW,ddos
1787352052.8626056,1,3,00:00:00:00:00:03,0,77058.0,4161132.0,4.294,0.0,98.0,Normal,ALLOW,ddos
1787352052.8686929,1,2,00:00:00:00:00:02,0,87877.0,4745358.0,4.65,0.0,98.0,Normal,ALLOW,ddos
1787352052.8742797,1,1,00:00:00:00:00:01,0,87877.0,4745358.0,4.176,0.0,98.0,Normal,ALLOW,ddos
1787352052.879933,1,1,00:00:00:00:00:01,0,77058.0,4161132.0,4.236,0.0,98.0,Normal,ALLOW,ddos
1787352052.8855774,1,3,00:00:00:00:00:04,0,78866.0,4258764.0,4.241,0.0,98.0,Normal,ALLOW,ddos
1787352053.3796926,1,3,00:00:00:00:00:03,0,75940.0,4100760.0,4.314,0.0,100.6,Normal,ALLOW,ddos
1787352053.385494,1,2,00:00:00:00:00:02,0,85522.0,4618188.0,4.274,0.0,100.6,Normal,ALLOW,ddos
1787352053.3910897,1,1,00:00:00:00:00:01,0,75940.0,4100760.0,4.168,0.0,100.6,Normal,ALLOW,ddos
1787352053.3966382,1,3,00:00:00:00:00:04,0,79628.0,4299912.0,4.16,0.0,100.6,Normal,ALLOW,ddos
1787352053.402226,1,1,00:00:00:00:00:01,0,85522.0,4618188.0,4.188,0.0,100.6,Normal,ALLOW,ddos
1787352053.5336132,2,1,00:00:00:00:00:03,0,80671.56,4356264.32,4.29,0.0,97.5,Normal,ALLOW,ddos
1787352053.539371,2,2,00:00:00:00:00:04,0,78731.1,4251479.27,4.291,0.0,97.5,Normal,ALLOW,ddos
1787352053.5451593,2,3,00:00:00:00:00:01,0,80671.56,4356264.32,4.23,0.0,97.5,Normal,ALLOW,ddos
1787352053.5507383,2,3,00:00:00:00:00:01,0,82931.61,4478306.81,4.124,0.0,97.5,Normal,ALLOW,ddos
1787352054.0019422,1,3,00:00:00:00:00:03,0,76728.0,4143312.0,4.343,0.0,101.4,Normal,ALLOW,ddos
1787352054.0080154,1,2,00:00:00:00:00:02,0,86107.0,4649778.0,4.584,0.0,101.4,Normal,ALLOW,ddos
1787352054.014207,1,1,00:00:00:00:00:01,0,76728.0,4143312.0,4.564,0.0,101.4,Normal,ALLOW,ddos
1787352054.0202024,1,1,00:00:00:00:00:01,0,86107.0,4649778.0,4.283,0.0,101.4,Normal,ALLOW,ddos
1787352054.0259252,1,3,00:00:00:00:00:04,0,79416.0,4288464.0,4.239,0.0,101.4,Normal,ALLOW,ddos
1787352054.4572272,1,3,00:00:00:00:00:03,0,75631.0,4084074.0,4.311,0.0,98.8,Normal,ALLOW,ddos
1787352054.4629102,1,2,00:00:00:00:00:02,0,86375.0,4664250.0,4.201,0.0,98.8,Normal,ALLOW,ddos
1787352054.4684672,1,1,00:00:00:00:00:01,0,75631.0,4084074.0,4.138,0.0,98.8,Normal,ALLOW,ddos
1787352054.4740925,1,1,00:00:00:00:00:01,0,86375.0,4664250.0,4.19,0.0,98.8,Normal,ALLOW,ddos
1787352054.4801285,1,3,00:00:00:00:00:04,0,78182.0,4221828.0,4.359,0.0,98.8,Normal,ALLOW,ddos
1787352054.5368996,2,1,00:00:00:00:00:03,0,79333.04,4283984.22,4.33,0.0,0.0,Normal,ALLOW,ddos
1787352054.5424767,2,2,00:00:00:00:00:04,0,76203.39,4114982.91,4.015,0.0,0.0,Normal,ALLOW,ddos
1787352054.5482872,2,3,00:00:00:00:00:01,0,79333.04,4283984.22,4.26,0.0,0.0,Normal,ALLOW,ddos
1787352054.554537,2,3,00:00:00:00:00:01,0,80340.07,4338363.7,4.361,0.0,0.0,Normal,ALLOW,ddos
1787352054.9596233,1,3,00:00:00:00:00:03,0,75276.0,4064904.0,4.422,0.0,101.9,Normal,ALLOW,ddos
1787352054.9655428,1,2,00:00:00:00:00:02,0,87708.0,4736232.0,4.284,0.0,101.9,Normal,ALLOW,ddos
1787352054.9712563,1,3,00:00:00:00:00:04,0,78519.0,4240026.0,4.253,0.0,101.9,Normal,ALLOW,ddos
1787352054.9774523,1,1,00:00:00:00:00:01,0,75276.0,4064904.0,4.305,0.0,101.9,Normal,ALLOW,ddos
1787352054.983258,1,1,00:00:00:00:00:01,0,87708.0,4736232.0,4.245,0.0,101.9,Normal,ALLOW,ddos
1787352055.5409122,2,1,00:00:00:00:00:03,0,78738.18,4251861.72,4.543,0.0,0.0,Normal,ALLOW,ddos
1787352055.547413,2,2,00:00:00:00:00:04,0,74598.94,4028342.9,4.65,0.0,0.0,Normal,ALLOW,ddos
1787352055.5532932,2,3,00:00:00:00:00:01,0,78738.18,4251861.72,4.26,0.0,0.0,Normal,ALLOW,ddos
1787352055.5594633,2,3,00:00:00:00:00:01,0,78703.3,4249978.44,4.43,0.0,0.0,Normal,ALLOW,ddos
1787352055.6085982,1,3,00:00:00:00:00:03,0,73040.0,3944160.0,5.366,0.0,105.3,Normal,ALLOW,ddos
1787352055.6154127,1,2,00:00:00:00:00:02,0,86887.0,4691898.0,4.582,0.0,105.3,Normal,ALLOW,ddos
1787352055.6223903,1,1,00:00:00:00:00:01,0,73040.0,3944160.0,5.198,0.0,105.3,Normal,ALLOW,ddos
1787352055.6285307,1,3,00:00:00:00:00:04,0,78295.0,4227930.0,4.293,0.0,105.3,Normal,ALLOW,ddos
1787352055.634449,1,1,00:00:00:00:00:01,0,86887.0,4691898.0,4.0,0.0,105.3,Normal,ALLOW,ddos
1787352056.0775552,1,3,00:00:00:00:00:03,0,75542.0,4079268.0,4.484,0.0,100.0,Normal,ALLOW,ddos
1787352056.0836055,1,2,00:00:00:00:00:02,0,87530.0,4726620.0,4.276,0.0,100.0,Normal,ALLOW,ddos
1787352056.089262,1,1,00:00:00:00:00:01,0,87530.0,4726620.0,4.197,0.0,100.0,Normal,ALLOW,ddos
1787352056.0950544,1,3,00:00:00:00:00:04,0,76156.0,4112424.0,4.3,0.0,100.0,Normal,ALLOW,ddos
1787352056.1493273,1,1,00:00:00:00:00:01,0,75542.0,4079268.0,4.278,0.0,100.0,Normal,ALLOW,ddos
1787352056.539832,2,1,00:00:00:00:00:03,0,73850.0,3987900.0,4.656,0.0,0.0,Normal,ALLOW,ddos
1787352056.5459745,2,2,00:00:00:00:00:04,0,75071.0,4053834.0,4.329,0.0,0.0,Normal,ALLOW,ddos
1787352056.5519912,2,3,00:00:00:00:00:01,0,73850.0,3987900.0,4.46,0.0,0.0,Normal,ALLOW,ddos
1787352056.557985,2,3,00:00:00:00:00:01,0,78871.0,4259034.0,4.314,0.0,0.0,Normal,ALLOW,ddos
1787352056.6210518,1,3,00:00:00:00:00:03,0,72224.0,3900096.0,4.488,0.0,99.0,Normal,ALLOW,ddos
1787352056.6271148,1,2,00:00:00:00:00:02,0,85050.0,4592700.0,4.33,0.0,99.0,Normal,ALLOW,ddos
1787352056.6328573,1,1,00:00:00:00:00:01,0,72224.0,3900096.0,4.262,0.0,99.0,Normal,ALLOW,ddos
1787352056.6387672,1,1,00:00:00:00:00:01,0,85050.0,4592700.0,4.296,0.0,99.0,Normal,ALLOW,ddos
1787352056.64493,1,3,00:00:00:00:00:04,0,75336.0,4068144.0,4.576,0.0,99.0,Normal,ALLOW,ddos
1787352057.3421926,1,3,00:00:00:00:00:03,0,72997.0,3941838.0,4.839,0.0,99.9,Normal,ALLOW,ddos
1787352057.3481321,1,2,00:00:00:00:00:02,0,87349.0,4716846.0,4.412,0.0,99.9,Normal,ALLOW,ddos
1787352057.3540773,1,3,00:00:00:00:00:04,0,77145.0,4165830.0,4.439,0.0,99.9,Normal,ALLOW,ddos
1787352057.3598216,1,1,00:00:00:00:00:01,0,72997.0,3941838.0,4.283,0.0,99.9,Normal,ALLOW,ddos
1787352057.3658645,1,1,00:00:00:00:00:01,0,87350.0,4716900.0,4.518,0.0,99.9,Normal,ALLOW,ddos
1787352057.5424097,2,1,00:00:00:00:00:03,0,76093.37,4109041.78,4.659,0.0,0.0,Normal,ALLOW,ddos
1787352057.548449,2,2,00:00:00:00:00:04,0,76731.1,4143479.61,4.205,0.0,0.0,Normal,ALLOW,ddos
1787352057.5545936,2,3,00:00:00:00:00:01,0,76092.37,4108987.89,4.664,0.0,0.0,Normal,ALLOW,ddos
1787352057.5604112,2,3,00:00:00:00:00:01,0,80603.44,4352585.67,4.308,0.0,0.0,Normal,ALLOW,ddos
1787352057.7749941,1,3,00:00:00:00:00:03,0,77773.0,4199742.0,5.011,0.0,98.9,Normal,ALLOW,ddos
1787352057.781084,1,2,00:00:00:00:00:02,0,84658.0,4571532.0,4.364,0.0,98.9,Normal,ALLOW,ddos
1787352057.7867548,1,1,00:00:00:00:00:01,0,84657.0,4571478.0,4.228,0.0,98.9,Normal,ALLOW,ddos
1787352057.7932017,1,3,00:00:00:00:00:04,0,77550.0,4187700.0,4.804,0.0,98.9,Normal,ALLOW,ddos
1787352057.7991843,1,1,00:00:00:00:00:01,0,77773.0,4199742.0,4.315,0.0,98.9,Normal,ALLOW,ddos
1787352058.4069152,1,3,00:00:00:00:00:03,0,77775.0,4199850.0,4.491,0.0,101.2,Normal,ALLOW,ddos
1787352058.4134297,1,2,00:00:00:00:00:02,0,83926.0,4532004.0,4.436,0.0,101.2,Normal,ALLOW,ddos
1787352058.419796,1,1,00:00:00:00:00:01,0,77775.0,4199850.0,4.191,0.0,101.2,Normal,ALLOW,ddos
1787352058.4255471,1,3,00:00:00:00:00:04,0,77054.0,4160916.0,4.236,0.0,101.2,Normal,ALLOW,ddos
1787352058.431345,1,1,00:00:00:00:00:01,0,83926.0,4532004.0,4.172,0.0,101.2,Normal,ALLOW,ddos
1787352058.5420208,2,1,00:00:00:00:00:03,0,75079.63,4054300.21,4.256,0.0,0.0,Normal,ALLOW,ddos
1787352058.5477808,2,2,00:00:00:00:00:04,0,75294.43,4065899.34,4.243,0.0,0.0,Normal,ALLOW,ddos
1787352058.5535865,2,3,00:00:00:00:00:01,0,75080.63,4054354.16,4.307,0.0,0.0,Normal,ALLOW,ddos
1787352058.5594447,2,3,00:00:00:00:00:01,0,79177.79,4275600.81,4.274,0.0,0.0,Normal,ALLOW,ddos
1787352058.957696,1,3,00:00:00:00:00:03,0,72105.0,3893670.0,4.439,0.0,98.8,Normal,ALLOW,ddos
1787352058.963487,1,2,00:00:00:00:00:02,0,83034.0,4483836.0,4.301,0.0,98.8,Normal,ALLOW,ddos
1787352058.969264,1,3,00:00:00:00:00:04,0,74433.0,4019382.0,4.287,0.0,98.8,Normal,ALLOW,ddos
1787352058.9750519,1,1,00:00:00:00:00:01,0,83034.0,4483836.0,4.312,0.0,98.8,Normal,ALLOW,ddos
1787352058.9807522,1,1,00:00:00:00:00:01,0,72105.0,3893670.0,4.221,0.0,98.8,Normal,ALLOW,ddos
1787352059.4449992,1,3,00:00:00:00:00:03,0,72752.0,3928608.0,4.882,0.0,98.6,Normal,ALLOW,ddos
1787352059.45108,1,2,00:00:00:00:00:02,0,86197.0,4654638.0,4.493,0.0,98.6,Normal,ALLOW,ddos
1787352059.4566514,1,3,00:00:00:00:00:04,0,75963.0,4102002.0,4.126,0.0,98.6,Normal,ALLOW,ddos
1787352059.4621835,1,1,00:00:00:00:00:01,0,86197.0,4654638.0,4.082,0.0,98.6,Normal,ALLOW,ddos
1787352059.4677463,1,1,00:00:00:00:00:01,0,72752.0,3928608.0,4.105,0.0,98.6,Normal,ALLOW,ddos
1787352059.5433877,2,1,00:00:00:00:00:03,0,75915.62,4099443.69,4.32,0.0,100.8,Normal,ALLOW,ddos
1787352059.54912,2,2,00:00:00:00:00:04,0,76549.15,4133653.84,4.212,0.0,100.8,Normal,ALLOW,ddos
1787352059.5547843,2,3,00:00:00:00:00:01,0,75915.62,4099443.69,4.168,0.0,100.8,Normal,ALLOW,ddos
1787352059.560489,2,3,00:00:00:00:00:01,0,80585.09,4351595.12,4.189,0.0,100.8,Normal,ALLOW,ddos
1787352059.870535,1,3,00:00:00:00:00:03,0,73388.0,3962952.0,4.347,0.0,102.4,Normal,ALLOW,ddos
1787352059.8767216,1,2,00:00:00:00:00:02,0,79039.0,4268106.0,4.427,0.0,102.4,Normal,ALLOW,ddos
1787352059.883847,1,3,00:00:00:00:00:04,0,73258.0,3955932.0,4.97,0.0,102.4,Normal,ALLOW,ddos
1787352059.8897576,1,1,00:00:00:00:00:01,0,79040.0,4268160.0,4.119,0.0,102.4,Normal,ALLOW,ddos
1787352059.8953974,1,1,00:00:00:00:00:01,0,73388.0,3962952.0,4.086,0.0,102.4,Normal,ALLOW,ddos
1787352060.4928946,1,3,00:00:00:00:00:03,0,73799.0,3985146.0,4.362,0.0,99.6,Normal,ALLOW,ddos
1787352060.498635,1,2,00:00:00:00:00:02,0,77413.0,4180302.0,4.215,0.0,99.6,Normal,ALLOW,ddos
1787352060.504231,1,1,00:00:00:00:00:01,0,77412.0,4180248.0,4.169,0.0,99.6,Normal,ALLOW,ddos
1787352060.5102878,1,1,00:00:00:00:00:01,0,73799.0,3985146.0,4.565,0.0,99.6,Normal,ALLOW,ddos
1787352060.5158615,1,3,00:00:00:00:00:04,0,73992.0,3995568.0,4.137,0.0,99.6,Normal,ALLOW,ddos
1787352060.5598767,2,1,00:00:00:00:00:03,0,76591.32,4135931.01,4.334,0.0,0.0,Normal,ALLOW,ddos
1787352060.5656066,2,2,00:00:00:00:00:04,0,77958.16,4209740.46,4.279,0.0,0.0,Normal,ALLOW,ddos
1787352060.5713274,2,3,00:00:00:00:00:01,0,76591.32,4135931.01,4.269,0.0,0.0,Normal,ALLOW,ddos
1787352060.5771046,2,3,00:00:00:00:00:01,0,81907.25,4422991.36,4.214,0.0,0.0,Normal,ALLOW,ddos
1787352061.0661366,1,3,00:00:00:00:00:03,0,73668.0,3978072.0,4.341,0.0,100.9,Normal,ALLOW,ddos
1787352061.0717492,1,2,00:00:00:00:00:02,0,81386.0,4394844.0,4.108,0.0,100.9,Normal,ALLOW,ddos
1787352061.077532,1,1,00:00:00:00:00:01,0,81386.0,4394844.0,4.15,0.0,100.9,Normal,ALLOW,ddos
1787352061.083122,1,3,00:00:00:00:00:04,0,72830.0,3932820.0,4.135,0.0,100.9,Normal,ALLOW,ddos
1787352061.088654,1,1,00:00:00:00:00:01,0,73667.0,3978018.0,4.149,0.0,100.9,Normal,ALLOW,ddos
1787352061.455429,1,3,00:00:00:00:00:03,0,71281.0,3849174.0,4.397,0.0,100.1,Normal,ALLOW,ddos
1787352061.4614828,1,2,00:00:00:00:00:02,0,79879.0,4313466.0,4.301,0.0,100.1,Normal,ALLOW,ddos
1787352061.4675884,1,3,00:00:00:00:00:04,0,68516.0,3699864.0,4.637,0.0,100.1,Normal,ALLOW,ddos
1787352061.4732287,1,1,00:00:00:00:00:01,0,79879.0,4313466.0,4.216,0.0,100.1,Normal,ALLOW,ddos
1787352061.4789658,1,1,00:00:00:00:00:01,0,71282.0,3849228.0,4.25,0.0,100.1,Normal,ALLOW,ddos
1787352061.557424,2,1,00:00:00:00:00:03,0,77313.0,4174902.0,4.312,0.0,98.0,Normal,ALLOW,ddos
1787352061.5631573,2,2,00:00:00:00:00:04,0,78154.0,4220316.0,4.286,0.0,98.0,Normal,ALLOW,ddos
1787352061.5688539,2,3,00:00:00:00:00:01,0,77313.0,4174902.0,4.197,0.0,98.0,Normal,ALLOW,ddos
1787352061.5744777,2,3,00:00:00:00:00:01,0,82185.0,4437990.0,4.204,0.0,98.0,Normal,ALLOW,ddos
1787352062.1041749,1,3,00:00:00:00:00:03,0,74146.0,4003884.0,4.344,0.0,101.4,Normal,ALLOW,ddos
1787352062.1098356,1,2,00:00:00:00:00:02,0,83928.0,4532112.0,4.209,0.0,101.4,Normal,ALLOW,ddos
1787352062.1155012,1,1,00:00:00:00:00:01,0,74146.0,4003884.0,4.221,0.0,101.4,Normal,ALLOW,ddos
1787352062.1211777,1,3,00:00:00:00:00:04,0,76561.0,4134294.0,4.258,0.0,101.4,Normal,ALLOW,ddos
1787352062.1272044,1,1,00:00:00:00:00:01,0,83928.0,4532112.0,4.297,0.0,101.4,Normal,ALLOW,ddos
1787352062.558673,2,1,00:00:00:00:00:03,0,76715.65,4142645.17,4.341,0.0,99.0,Normal,ALLOW,ddos
1787352062.5644228,2,2,00:00:00:00:00:04,0,76181.27,4113788.77,4.32,0.0,99.0,Normal,ALLOW,ddos
1787352062.570132,2,3,00:00:00:00:00:01,0,76715.65,4142645.17,4.237,0.0,99.0,Normal,ALLOW,ddos
1787352062.5758123,2,3,00:00:00:00:00:01,0,80256.53,4333852.47,4.239,0.0,99.0,Normal,ALLOW,ddos
1787352062.6860905,1,3,00:00:00:00:00:03,0,71776.0,3875904.0,4.259,0.0,107.1,Normal,ALLOW,ddos
1787352062.691841,1,2,00:00:00:00:00:02,0,78514.0,4239756.0,4.313,0.0,107.1,Normal,ALLOW,ddos
1787352062.6976829,1,3,00:00:00:00:00:04,0,72511.0,3915594.0,4.23,0.0,107.1,Normal,ALLOW,ddos
1787352062.7034554,1,1,00:00:00:00:00:01,0,71776.0,3875904.0,4.347,0.0,107.1,Normal,ALLOW,ddos
1787352062.7093592,1,1,00:00:00:00:00:01,0,78514.0,4239756.0,4.376,0.0,107.1,Normal,ALLOW,ddos
1787352063.1501412,1,3,00:00:00:00:00:03,0,71377.0,3854358.0,4.386,0.0,99.1,Normal,ALLOW,ddos
1787352063.1560407,1,2,00:00:00:00:00:02,0,77840.0,4203360.0,4.328,0.0,99.1,Normal,ALLOW,ddos
1787352063.162339,1,1,00:00:00:00:00:01,0,77840.0,4203360.0,4.381,0.0,99.1,Normal,ALLOW,ddos
1787352063.1683946,1,3,00:00:00:00:00:04,0,74606.0,4028724.0,4.333,0.0,99.1,Normal,ALLOW,ddos
1787352063.17419,1,1,00:00:00:00:00:01,0,71377.0,3854358.0,4.322,0.0,99.1,Normal,ALLOW,ddos
1787352063.5443654,1,3,00:00:00:00:00:03,0,73038.0,3944052.0,4.492,0.0,101.5,Normal,ALLOW,ddos
1787352063.550063,1,2,00:00:00:00:00:02,0,77439.0,4181706.0,4.229,0.0,101.5,Normal,ALLOW,ddos
1787352063.5559485,1,1,00:00:00:00:00:01,0,73037.0,3943998.0,4.331,0.0,101.5,Normal,ALLOW,ddos
1787352063.5621736,1,1,00:00:00:00:00:01,0,77440.0,4181760.0,4.373,0.0,101.5,Normal,ALLOW,ddos
1787352063.568225,1,3,00:00:00:00:00:04,0,73033.0,3943782.0,4.345,0.0,101.5,Normal,ALLOW,ddos
1787352063.5913749,2,1,00:00:00:00:00:03,0,74387.47,4016923.41,4.373,0.0,84.9,Normal,ALLOW,ddos
1787352063.5971494,2,2,00:00:00:00:00:04,0,75087.53,4054726.67,4.297,0.0,84.9,Normal,ALLOW,ddos
1787352063.602849,2,3,00:00:00:00:00:01,0,74387.47,4016923.41,4.265,0.0,84.9,Normal,ALLOW,ddos
1787352063.6085303,2,3,00:00:00:00:00:01,0,78990.63,4265494.24,4.234,0.0,84.9,Normal,ALLOW,ddos
1787352064.185504,1,3,00:00:00:00:00:03,0,72728.0,3927312.0,4.302,0.0,101.8,Normal,ALLOW,ddos
1787352064.1914747,1,2,00:00:00:00:00:02,0,81384.0,4394736.0,4.531,0.0,101.8,Normal,ALLOW,ddos
1787352064.1975045,1,3,00:00:00:00:00:04,0,73838.0,3987252.0,4.305,0.0,101.8,Normal,ALLOW,ddos
1787352064.2038164,1,1,00:00:00:00:00:01,0,81383.0,4394682.0,4.354,0.0,101.8,Normal,ALLOW,ddos
1787352064.210133,1,1,00:00:00:00:00:01,0,72729.0,3927366.0,4.673,0.0,101.8,Normal,ALLOW,ddos
1787352064.5604753,2,1,00:00:00:00:00:03,0,76650.0,4139100.0,4.345,0.0,98.7,Normal,ALLOW,ddos
1787352064.5661674,2,2,00:00:00:00:00:04,0,78724.0,4251096.0,4.214,0.0,98.7,Normal,ALLOW,ddos
1787352064.5718193,2,3,00:00:00:00:00:01,0,76650.0,4139100.0,4.228,0.0,98.7,Normal,ALLOW,ddos
1787352064.5774674,2,3,00:00:00:00:00:01,0,82764.0,4469256.0,4.214,0.0,98.7,Normal,ALLOW,ddos
1787352064.7481987,1,3,00:00:00:00:00:03,0,74138.0,4003452.0,4.339,0.0,97.9,Normal,ALLOW,ddos
1787352064.7538054,1,2,00:00:00:00:00:02,0,80488.0,4346352.0,4.183,0.0,97.9,Normal,ALLOW,ddos
1787352064.7594411,1,1,00:00:00:00:00:01,0,74138.0,4003452.0,4.228,0.0,97.9,Normal,ALLOW,ddos
1787352064.7650893,1,3,00:00:00:00:00:04,0,74555.0,4025970.0,4.23,0.0,97.9,Normal,ALLOW,ddos
1787352064.7707577,1,1,00:00:00:00:00:01,0,80488.0,4346352.0,4.255,0.0,97.9,Normal,ALLOW,ddos
1787352065.138783,1,3,00:00:00:00:00:03,0,75140.0,4057560.0,4.316,0.0,97.3,Normal,ALLOW,ddos
1787352065.1446354,1,2,00:00:00:00:00:02,0,83418.0,4504572.0,4.381,0.0,97.3,Normal,ALLOW,ddos
1787352065.1509724,1,1,00:00:00:00:00:01,0,83419.0,4504626.0,4.275,0.0,97.3,Normal,ALLOW,ddos
1787352065.1567476,1,3,00:00:00:00:00:04,0,75440.0,4073760.0,4.208,0.0,97.3,Normal,ALLOW,ddos
1787352065.1624842,1,1,00:00:00:00:00:01,0,75140.0,4057560.0,4.23,0.0,97.3,Normal,ALLOW,ddos
1787352065.561718,2,1,00:00:00:00:00:03,0,76946.19,4155094.31,4.348,0.0,101.7,Normal,ALLOW,ddos
1787352065.5675733,2,2,00:00:00:00:00:04,0,78571.19,4242844.19,4.278,0.0,101.7,Normal,ALLOW,ddos
1787352065.573353,2,3,00:00:00:00:00:01,0,76946.19,4155094.31,4.213,0.0,101.7,Normal,ALLOW,ddos
1787352065.579131,2,3,00:00:00:00:00:01,0,82661.15,4463702.06,4.216,0.0,101.7,Normal,ALLOW,ddos
1787352065.7699594,1,3,00:00:00:00:00:03,0,74786.0,4038444.0,4.45,0.0,98.2,Normal,ALLOW,ddos
1787352065.7759004,1,2,00:00:00:00:00:02,0,83924.0,4531896.0,4.458,0.0,98.2,Normal,ALLOW,ddos
1787352065.7822359,1,1,00:00:00:00:00:01,0,83923.0,4531842.0,4.749,0.0,98.2,Normal,ALLOW,ddos
1787352065.7879002,1,1,00:00:00:00:00:01,0,74786.0,4038444.0,4.229,0.0,98.2,Normal,ALLOW,ddos
1787352065.7936258,1,3,00:00:00:00:00:04,0,71631.0,3868074.0,4.292,0.0,98.2,Normal,ALLOW,ddos
1787352066.3012695,1,3,00:00:00:00:00:03,0,71944.0,3884976.0,4.372,0.0,101.6,Normal,ALLOW,ddos
1787352066.3069253,1,2,00:00:00:00:00:02,0,78451.0,4236354.0,4.211,0.0,101.6,Normal,ALLOW,ddos
1787352066.3125234,1,1,00:00:00:00:00:01,0,78452.0,4236408.0,4.15,0.0,101.6,Normal,ALLOW,ddos
1787352066.3182063,1,1,00:00:00:00:00:01,0,71943.0,3884922.0,4.201,0.0,101.6,Normal,ALLOW,ddos
1787352066.3259842,1,3,00:00:00:00:00:04,0,69624.0,3759696.0,5.578,0.0,101.6,Normal,ALLOW,ddos
1787352066.5659099,2,1,00:00:00:00:00:03,0,76682.71,4140866.5,4.427,0.0,0.0,Normal,ALLOW,ddos
1787352066.5718467,2,2,00:00:00:00:00:04,0,78253.5,4225688.82,4.337,0.0,0.0,Normal,ALLOW,ddos
1787352066.5787644,2,3,00:00:00:00:00:01,0,76682.71,4140866.5,4.631,0.0,0.0,Normal,ALLOW,ddos
1787352066.584707,2,3,00:00:00:00:00:01,0,82275.02,4442851.15,4.154,0.0,0.0,Normal,ALLOW,ddos
1787352066.8831542,1,3,00:00:00:00:00:03,0,73356.0,3961224.0,4.421,0.0,98.0,Normal,ALLOW,ddos
1787352066.8889568,1,2,00:00:00:00:00:02,0,78133.0,4219182.0,4.312,0.0,98.0,Normal,ALLOW,ddos
1787352066.8949366,1,1,00:00:00:00:00:01,0,73356.0,3961224.0,4.384,0.0,98.0,Normal,ALLOW,ddos
1787352066.9008563,1,3,00:00:00:00:00:04,0,72757.0,3928878.0,4.314,0.0,98.0,Normal,ALLOW,ddos
1787352066.9067092,1,1,00:00:00:00:00:01,0,78132.0,4219128.0,4.311,0.0,98.0,Normal,ALLOW,ddos
1787352067.419088,1,3,00:00:00:00:00:03,0,75198.0,4060692.0,4.332,0.0,100.7,Normal,ALLOW,ddos
1787352067.424792,1,2,00:00:00:00:00:02,0,85658.0,4625532.0,4.19,0.0,100.7,Normal,ALLOW,ddos
1787352067.4305744,1,1,00:00:00:00:00:01,0,85659.0,4625586.0,4.204,0.0,100.7,Normal,ALLOW,ddos
1787352067.4363322,1,3,00:00:00:00:00:04,0,75729.0,4089366.0,4.273,0.0,100.7,Normal,ALLOW,ddos
1787352067.442114,1,1,00:00:00:00:00:01,0,75199.0,4060746.0,4.259,0.0,100.7,Normal,ALLOW,ddos
1787352067.56615,2,1,00:00:00:00:00:03,0,75108.0,4055832.0,4.354,0.0,102.2,Normal,ALLOW,ddos
1787352067.5720463,2,2,00:00:00:00:00:04,0,75646.0,4084884.0,4.382,0.0,102.2,Normal,ALLOW,ddos
1787352067.5784407,2,3,00:00:00:00:00:01,0,75108.0,4055832.0,4.629,0.0,102.2,Normal,ALLOW,ddos
1787352067.584667,2,3,00:00:00:00:00:01,0,79678.0,4302612.0,4.406,0.0,102.2,Normal,ALLOW,ddos
1787352067.8431206,1,3,00:00:00:00:00:03,0,71148.0,3841992.0,4.547,0.0,99.8,Normal,ALLOW,ddos
1787352067.849003,1,2,00:00:00:00:00:02,0,83751.0,4522554.0,4.34,0.0,99.8,Normal,ALLOW,ddos
1787352067.8548086,1,1,00:00:00:00:00:01,0,71148.0,3841992.0,4.302,0.0,99.8,Normal,ALLOW,ddos
1787352067.8606675,1,1,00:00:00:00:00:01,0,83750.0,4522500.0,4.342,0.0,99.8,Normal,ALLOW,ddos
1787352067.8665242,1,3,00:00:00:00:00:04,0,74359.0,4015386.0,4.339,0.0,99.8,Normal,ALLOW,ddos
1787352068.328041,1,3,00:00:00:00:00:03,0,70541.0,3809214.0,4.391,0.0,101.0,Normal,ALLOW,ddos
1787352068.3340049,1,2,00:00:00:00:00:02,0,81452.0,4398408.0,4.242,0.0,101.0,Normal,ALLOW,ddos
1787352068.3398256,1,3,00:00:00:00:00:04,0,74603.0,4028562.0,4.255,0.0,101.0,Normal,ALLOW,ddos
1787352068.3462496,1,1,00:00:00:00:00:01,0,70541.0,3809214.0,4.527,0.0,101.0,Normal,ALLOW,ddos
1787352068.3524551,1,1,00:00:00:00:00:01,0,81452.0,4398408.0,4.382,0.0,101.0,Normal,ALLOW,ddos
1787352068.5689836,2,1,00:00:00:00:00:03,0,74540.77,4025201.46,4.284,0.0,0.0,Normal,ALLOW,ddos
1787352068.57506,2,2,00:00:00:00:00:04,0,71812.99,3877901.26,4.54,0.0,0.0,Normal,ALLOW,ddos
1787352068.5812361,2,3,00:00:00:00:00:01,0,74540.77,4025201.46,4.31,0.0,0.0,Normal,ALLOW,ddos
1787352068.5869575,2,3,00:00:00:00:00:01,0,75717.36,4088737.46,4.198,0.0,0.0,Normal,ALLOW,ddos
1787352069.0425127,1,3,00:00:00:00:00:03,0,72401.0,3909654.0,5.362,0.0,99.6,Normal,ALLOW,ddos
1787352069.0493374,1,2,00:00:00:00:00:02,0,83482.0,4508028.0,4.327,0.0,99.6,Normal,ALLOW,ddos
1787352069.0552473,1,1,00:00:00:00:00:01,0,72401.0,3909654.0,4.339,0.0,99.6,Normal,ALLOW,ddos
1787352069.0621583,1,1,00:00:00:00:00:01,0,83482.0,4508028.0,4.825,0.0,99.6,Normal,ALLOW,ddos
1787352069.068708,1,3,00:00:00:00:00:04,0,73752.0,3982608.0,4.412,0.0,99.6,Normal,ALLOW,ddos
1787352069.46191,1,3,00:00:00:00:00:03,0,77773.0,4199742.0,4.45,0.0,99.9,Normal,ALLOW,ddos
1787352069.4683502,1,2,00:00:00:00:00:02,0,90608.0,4892832.0,4.622,0.0,99.9,Normal,ALLOW,ddos
1787352069.4745939,1,3,00:00:00:00:00:04,0,75698.0,4087692.0,4.443,0.0,99.9,Normal,ALLOW,ddos
1787352069.4808002,1,1,00:00:00:00:00:01,0,90607.0,4892778.0,4.361,0.0,99.9,Normal,ALLOW,ddos
1787352069.4866304,1,1,00:00:00:00:00:01,0,77771.0,4199634.0,4.269,0.0,99.9,Normal,ALLOW,ddos
1787352069.5688596,2,1,00:00:00:00:00:03,0,76990.0,4157460.0,4.283,0.0,0.0,Normal,ALLOW,ddos
1787352069.5747995,2,2,00:00:00:00:00:04,0,73351.0,3960954.0,4.341,0.0,0.0,Normal,ALLOW,ddos
1787352069.5807798,2,3,00:00:00:00:00:01,0,76990.0,4157460.0,4.227,0.0,0.0,Normal,ALLOW,ddos
1787352069.5865092,2,3,00:00:00:00:00:01,0,77287.0,4173498.0,4.257,0.0,0.0,Normal,ALLOW,ddos
1787352069.8976753,1,3,00:00:00:00:00:03,0,72031.0,3889674.0,4.314,0.0,100.5,Normal,ALLOW,ddos
1787352069.903719,1,2,00:00:00:00:00:02,0,77802.0,4201308.0,4.164,0.0,100.5,Normal,ALLOW,ddos
1787352069.909571,1,1,00:00:00:00:00:01,0,77803.0,4201362.0,4.365,0.0,100.5,Normal,ALLOW,ddos
1787352069.915432,1,3,00:00:00:00:00:04,0,68085.0,3676590.0,4.232,0.0,100.5,Normal,ALLOW,ddos
1787352069.9211233,1,1,00:00:00:00:00:01,0,72033.0,3889782.0,4.227,0.0,100.5,Normal,ALLOW,ddos
1787352070.5753555,2,1,00:00:00:00:00:03,0,75267.34,4064436.12,4.556,0.0,98.9,Normal,ALLOW,ddos
1787352070.5814443,2,2,00:00:00:00:00:04,0,76111.75,4110034.54,4.264,0.0,98.9,Normal,ALLOW,ddos
1787352070.58734,2,3,00:00:00:00:00:01,0,75267.34,4064436.12,4.35,0.0,98.9,Normal,ALLOW,ddos
1787352070.5941055,2,3,00:00:00:00:00:01,0,80192.59,4330400.07,4.921,0.0,98.9,Normal,ALLOW,ddos
1787352070.8641276,1,3,00:00:00:00:00:03,0,70767.0,3821418.0,4.525,0.0,103.0,Normal,ALLOW,ddos
1787352070.870284,1,2,00:00:00:00:00:02,0,82125.0,4434750.0,4.352,0.0,103.0,Normal,ALLOW,ddos
1787352070.8763025,1,1,00:00:00:00:00:01,0,82125.0,4434750.0,4.456,0.0,103.0,Normal,ALLOW,ddos
1787352070.882731,1,3,00:00:00:00:00:04,0,69165.0,3734910.0,4.473,0.0,103.0,Normal,ALLOW,ddos
1787352070.8887248,1,1,00:00:00:00:00:01,0,70767.0,3821418.0,4.274,0.0,103.0,Normal,ALLOW,ddos
1787352071.5743372,2,1,00:00:00:00:00:03,0,76919.18,4153635.66,4.275,0.0,0.0,Normal,ALLOW,ddos
1787352071.5802631,2,2,00:00:00:00:00:04,0,74184.49,4005962.6,4.285,0.0,0.0,Normal,ALLOW,ddos
1787352071.5866704,2,3,00:00:00:00:00:01,0,76919.18,4153635.66,4.17,0.0,0.0,Normal,ALLOW,ddos
1787352071.592516,2,3,00:00:00:00:00:01,0,78087.05,4216700.43,4.22,0.0,0.0,Normal,ALLOW,ddos
1787352071.9899285,1,3,00:00:00:00:00:03,0,61769.63,3335559.93,4.427,0.0,98.8,Normal,ALLOW,ddos
1787352071.9961684,1,2,00:00:00:00:00:02,0,71709.84,3872331.58,4.481,0.0,98.8,Normal,ALLOW,ddos
1787352072.0025725,1,1,00:00:00:00:00:01,0,71709.84,3872331.58,4.457,0.0,98.8,Normal,ALLOW,ddos
1787352072.008973,1,1,00:00:00:00:00:01,0,61769.63,3335559.93,4.446,0.0,98.8,Normal,ALLOW,ddos
1787352072.0155773,1,3,00:00:00:00:00:04,0,61518.35,3321990.8,4.555,0.0,98.8,Normal,ALLOW,ddos
1787352072.5764253,2,1,00:00:00:00:00:03,0,72648.25,3923005.64,4.732,0.0,0.0,Normal,ALLOW,ddos
1787352072.5827525,2,2,00:00:00:00:00:04,0,69556.8,3756066.93,4.393,0.0,0.0,Normal,ALLOW,ddos
1787352072.5887015,2,3,00:00:00:00:00:01,0,72648.25,3923005.64,4.382,0.0,0.0,Normal,ALLOW,ddos
1787352072.595153,2,3,00:00:00:00:00:01,0,73382.17,3962637.4,4.646,0.0,0.0,Normal,ALLOW,ddos
1787352072.990818,1,3,00:00:00:00:00:03,0,71606.79,3866766.41,4.373,0.0,101.4,Normal,ALLOW,ddos
1787352072.997172,1,2,00:00:00:00:00:02,0,83499.95,4508997.14,4.309,0.0,101.4,Normal,ALLOW,ddos
1787352073.0031648,1,3,00:00:00:00:00:04,0,73633.28,3976197.09,4.424,0.0,101.4,Normal,ALLOW,ddos
1787352073.0093877,1,1,00:00:00:00:00:01,0,83500.95,4509051.1,4.6,0.0,101.4,Normal,ALLOW,ddos
1787352073.0158188,1,1,00:00:00:00:00:01,0,71607.78,3866820.37,4.529,0.0,101.4,Normal,ALLOW,ddos
1787352074.6885188,1,3,00:00:00:00:00:03,0,43108.86,2327878.56,4.74,0.0,105.1,Normal,ALLOW,ddos
1787352074.6949925,1,2,00:00:00:00:00:02,0,47937.49,2588624.37,4.669,0.0,105.1,Normal,ALLOW,ddos
1787352074.7013555,1,1,00:00:00:00:00:01,0,47936.9,2588592.56,4.484,0.0,105.1,Normal,ALLOW,ddos
1787352074.7076082,1,1,00:00:00:00:00:01,0,43107.68,2327814.93,4.516,0.0,105.1,Normal,ALLOW,ddos
1787352074.7146606,1,3,00:00:00:00:00:04,0,42803.69,2311399.02,4.479,0.0,105.1,Normal,ALLOW,ddos
1787352075.6771488,2,2,00:00:00:00:00:04,0,23106.63,1247758.0,8.33,0.0,94.8,Normal,ALLOW,ddos
1787352075.6846418,2,3,00:00:00:00:00:01,0,23855.91,1288219.32,4.986,0.0,94.8,Normal,ALLOW,ddos
1787352075.6914446,2,3,00:00:00:00:00:01,0,24063.02,1299403.32,4.78,0.0,94.8,Normal,ALLOW,ddos
1787352075.7001526,2,2,00:00:00:00:00:04,0,72258.0,3901932.0,5.072,0.0,107.8,Normal,ALLOW,ddos
1787352075.7106357,2,3,00:00:00:00:00:01,0,70954.0,3831516.0,7.763,0.0,107.8,Normal,ALLOW,ddos
1787352075.7181594,2,3,00:00:00:00:00:01,0,74388.0,4016952.0,4.727,0.0,107.8,Normal,ALLOW,ddos
1787352075.7282073,2,1,00:00:00:00:00:03,0,77422.0,4180788.0,7.813,0.0,107.8,Normal,ALLOW,ddos
1787352075.7383692,2,2,00:00:00:00:00:04,0,65790.0,3552660.0,4.714,0.0,104.5,Normal,ALLOW,ddos
1787352075.744794,2,3,00:00:00:00:00:01,0,67558.0,3648132.0,4.668,0.0,104.5,Normal,ALLOW,ddos
1787352075.751005,2,1,00:00:00:00:00:03,0,111848.0,6039792.0,4.55,0.0,104.5,Normal,ALLOW,ddos
1787352076.5878735,1,3,00:00:00:00:00:03,0,38912.42,2101270.43,4.528,0.0,98.8,Normal,ALLOW,ddos
1787352076.594435,1,2,00:00:00:00:00:02,0,43244.56,2335206.03,4.738,0.0,98.8,Normal,ALLOW,ddos
1787352076.6009142,1,1,00:00:00:00:00:01,0,38912.94,2101298.85,4.623,0.0,98.8,Normal,ALLOW,ddos
1787352076.6075513,1,3,00:00:00:00:00:04,0,37405.38,2019890.4,4.943,0.0,98.8,Normal,ALLOW,ddos
1787352076.6141734,1,1,00:00:00:00:00:01,0,43244.56,2335206.03,4.657,0.0,98.8,Normal,ALLOW,ddos
1787352076.6327775,2,2,00:00:00:00:00:04,0,67562.0,3648348.0,4.594,0.0,0.0,Normal,ALLOW,ddos
1787352076.6389158,2,3,00:00:00:00:00:01,0,70817.0,3824118.0,4.575,0.0,0.0,Normal,ALLOW,ddos
1787352076.645446,2,1,00:00:00:00:00:03,0,113161.0,6110694.0,4.666,0.0,0.0,Normal,ALLOW,ddos
1787352077.5774345,1,3,00:00:00:00:00:03,0,71635.0,3868290.0,5.391,0.0,100.7,Normal,ALLOW,ddos
1787352077.5842936,1,2,00:00:00:00:00:02,0,78011.0,4212594.0,4.778,0.0,100.7,Normal,ALLOW,ddos
1787352077.6196954,1,3,00:00:00:00:00:04,0,71358.0,3853332.0,4.562,0.0,100.7,Normal,ALLOW,ddos
1787352077.6266046,1,1,00:00:00:00:00:01,0,71635.0,3868290.0,4.839,0.0,100.7,Normal,ALLOW,ddos
1787352077.6331735,1,1,00:00:00:00:00:01,0,78011.0,4212594.0,4.48,0.0,100.7,Normal,ALLOW,ddos
1787352077.6602237,2,2,00:00:00:00:00:04,0,64523.08,3484246.24,4.833,0.0,72.0,Normal,ALLOW,ddos
1787352077.66693,2,3,00:00:00:00:00:01,0,67991.57,3671544.73,4.613,0.0,72.0,Normal,ALLOW,ddos
1787352077.673081,2,1,00:00:00:00:00:03,0,111980.33,6046937.65,4.417,0.0,72.0,Normal,ALLOW,ddos
1787352078.5951836,2,2,00:00:00:00:00:04,0,68589.0,3703806.0,4.959,0.0,99.6,Normal,ALLOW,ddos
1787352078.601773,2,3,00:00:00:00:00:01,0,72211.0,3899394.0,4.645,0.0,99.6,Normal,ALLOW,ddos
1787352078.608125,2,1,00:00:00:00:00:03,0,123715.0,6680610.0,4.624,0.0,99.6,Normal,ALLOW,ddos
1787352078.918196,1,3,00:00:00:00:00:03,0,56447.99,3048191.59,5.07,0.0,99.4,Normal,ALLOW,ddos
1787352078.9247656,1,2,00:00:00:00:00:02,0,62038.51,3350079.64,4.925,0.0,99.4,Normal,ALLOW,ddos
1787352078.9313319,1,1,00:00:00:00:00:01,0,56447.99,3048191.59,4.603,0.0,99.4,Normal,ALLOW,ddos
1787352078.937656,1,1,00:00:00:00:00:01,0,62038.51,3350079.64,4.671,0.0,99.4,Normal,ALLOW,ddos
1787352078.94439,1,3,00:00:00:00:00:04,0,52228.63,2820346.23,4.969,0.0,99.4,Normal,ALLOW,ddos
1787352079.5956182,2,2,00:00:00:00:00:04,0,66008.11,3564438.15,4.779,0.0,100.4,Normal,ALLOW,ddos
1787352079.6019425,2,3,00:00:00:00:00:01,0,69757.79,3766920.73,4.557,0.0,100.4,Normal,ALLOW,ddos
1787352079.6082323,2,1,00:00:00:00:00:03,0,119351.07,6444957.92,4.629,0.0,100.4,Normal,ALLOW,ddos
1787352079.85187,1,3,00:00:00:00:00:03,0,77741.0,4198014.0,4.594,0.0,101.8,Normal,ALLOW,ddos
1787352079.8583014,1,2,00:00:00:00:00:02,0,85843.0,4635522.0,4.856,0.0,101.8,Normal,ALLOW,ddos
1787352079.864636,1,1,00:00:00:00:00:01,0,85844.0,4635576.0,4.501,0.0,101.8,Normal,ALLOW,ddos
1787352079.870655,1,1,00:00:00:00:00:01,0,77741.0,4198014.0,4.465,0.0,101.8,Normal,ALLOW,ddos
1787352079.8770642,1,3,00:00:00:00:00:04,0,78036.0,4213944.0,4.838,0.0,101.8,Normal,ALLOW,ddos
1787352080.5974066,2,2,00:00:00:00:00:04,0,63539.81,3431149.63,4.506,0.0,99.3,Normal,ALLOW,ddos
1787352080.6036196,2,3,00:00:00:00:00:01,0,67243.57,3631152.71,4.464,0.0,99.3,Normal,ALLOW,ddos
1787352080.6101847,2,1,00:00:00:00:00:03,0,121609.31,6566902.62,4.762,0.0,99.3,Normal,ALLOW,ddos
1787352081.1861627,1,3,00:00:00:00:00:03,0,56470.09,3049385.11,7.815,0.0,100.9,Normal,ALLOW,ddos
1787352081.1959298,1,2,00:00:00:00:00:02,0,62277.6,3362990.48,7.386,0.0,100.9,Normal,ALLOW,ddos
1787352081.2065334,1,1,00:00:00:00:00:01,0,56470.09,3049385.11,7.945,0.0,100.9,Normal,ALLOW,ddos
1787352081.216572,1,1,00:00:00:00:00:01,0,62276.85,3362949.9,7.539,0.0,100.9,Normal,ALLOW,ddos
1787352081.2248476,1,3,00:00:00:00:00:04,0,54883.91,2963730.96,5.876,0.0,100.9,Normal,ALLOW,ddos
1787352081.5999026,2,2,00:00:00:00:00:04,0,65400.6,3531632.39,4.202,0.0,0.0,Normal,ALLOW,ddos
1787352081.605437,2,3,00:00:00:00:00:01,0,68867.64,3718852.75,4.145,0.0,0.0,Normal,ALLOW,ddos
1787352081.6122046,2,1,00:00:00:00:00:03,0,117643.37,6352741.98,4.88,0.0,0.0,Normal,ALLOW,ddos
1787352082.150053,1,3,00:00:00:00:00:03,0,74847.0,4041738.0,4.919,0.0,100.3,Normal,ALLOW,ddos
1787352082.1564438,1,2,00:00:00:00:00:02,0,82111.0,4433994.0,4.734,0.0,100.3,Normal,ALLOW,ddos
1787352082.1630754,1,1,00:00:00:00:00:01,0,74847.0,4041738.0,4.688,0.0,100.3,Normal,ALLOW,ddos
1787352082.1694667,1,1,00:00:00:00:00:01,0,82111.0,4433994.0,4.518,0.0,100.3,Normal,ALLOW,ddos
1787352082.1757383,1,3,00:00:00:00:00:04,0,73232.0,3954528.0,4.585,0.0,100.3,Normal,ALLOW,ddos
1787352082.6030629,2,2,00:00:00:00:00:04,0,69751.36,3766573.68,4.494,0.0,0.0,Normal,ALLOW,ddos
1787352082.6106696,2,3,00:00:00:00:00:01,0,73444.01,3965976.4,5.924,0.0,0.0,Normal,ALLOW,ddos
1787352082.64646,2,1,00:00:00:00:00:03,0,116743.56,6304152.39,5.615,0.0,0.0,Normal,ALLOW,ddos
1787352083.3887906,1,3,00:00:00:00:00:03,0,59348.12,3204798.44,4.609,0.0,95.6,Normal,ALLOW,ddos
1787352083.3967779,1,2,00:00:00:00:00:02,0,65637.05,3544400.81,6.215,0.0,95.6,Normal,ALLOW,ddos
1787352083.403264,1,3,00:00:00:00:00:04,0,59398.17,3207500.96,4.608,0.0,95.6,Normal,ALLOW,ddos
1787352083.4111993,1,1,00:00:00:00:00:01,0,59347.31,3204754.85,6.26,0.0,95.6,Normal,ALLOW,ddos
1787352083.4177868,1,1,00:00:00:00:00:01,0,65637.05,3544400.81,4.622,0.0,95.6,Normal,ALLOW,ddos
1787352083.6034915,2,2,00:00:00:00:00:04,0,67936.34,3668562.44,4.628,0.0,0.0,Normal,ALLOW,ddos
1787352083.6098397,2,3,00:00:00:00:00:01,0,71527.57,3862488.6,4.684,0.0,0.0,Normal,ALLOW,ddos
1787352083.6163626,2,1,00:00:00:00:00:03,0,119622.19,6459598.22,4.566,0.0,0.0,Normal,ALLOW,ddos
1787352084.518352,1,3,00:00:00:00:00:03,0,63082.36,3406447.3,4.848,0.0,98.5,Normal,ALLOW,ddos
1787352084.5249686,1,2,00:00:00:00:00:02,0,74815.03,4040011.5,4.907,0.0,98.5,Normal,ALLOW,ddos
1787352084.5318515,1,1,00:00:00:00:00:01,0,63083.24,3406495.1,4.82,0.0,98.5,Normal,ALLOW,ddos
1787352084.5381887,1,3,00:00:00:00:00:04,0,65496.35,3536802.63,4.555,0.0,98.5,Normal,ALLOW,ddos
1787352084.5448048,1,1,00:00:00:00:00:01,0,74815.91,4040059.31,4.845,0.0,98.5,Normal,ALLOW,ddos
1787352084.6075203,2,2,00:00:00:00:00:04,0,66820.39,3608300.93,4.999,0.0,113.0,Normal,ALLOW,ddos
1787352084.614028,2,3,00:00:00:00:00:01,0,70474.22,3805608.01,4.601,0.0,113.0,Normal,ALLOW,ddos
1787352084.6201954,2,1,00:00:00:00:00:03,0,113352.67,6121043.96,4.477,0.0,113.0,Normal,ALLOW,ddos
1787352085.6061254,2,2,00:00:00:00:00:04,0,65489.71,3536444.51,4.548,0.0,0.0,Normal,ALLOW,ddos
1787352085.6158614,2,3,00:00:00:00:00:01,0,69304.88,3742463.57,7.81,0.0,0.0,Normal,ALLOW,ddos
1787352085.6256907,2,1,00:00:00:00:00:03,0,119441.94,6449864.94,7.267,0.0,0.0,Normal,ALLOW,ddos
1787352085.6944542,1,3,00:00:00:00:00:03,0,63139.28,3409520.99,4.728,0.0,102.8,Normal,ALLOW,ddos
1787352085.7008364,1,2,00:00:00:00:00:02,0,71867.32,3880835.11,4.528,0.0,102.8,Normal,ALLOW,ddos
1787352085.7074864,1,3,00:00:00:00:00:04,0,65546.16,3539492.77,4.561,0.0,102.8,Normal,ALLOW,ddos
1787352085.7139711,1,1,00:00:00:00:00:01,0,71866.47,3880789.2,4.651,0.0,102.8,Normal,ALLOW,ddos
1787352085.7203796,1,1,00:00:00:00:00:01,0,63138.43,3409475.08,4.588,0.0,102.8,Normal,ALLOW,ddos
1787352086.6116035,2,2,00:00:00:00:00:04,0,71075.72,3838089.08,5.577,0.0,0.0,Normal,ALLOW,ddos
1787352086.6180775,2,3,00:00:00:00:00:01,0,74658.88,4031579.52,4.502,0.0,0.0,Normal,ALLOW,ddos
1787352086.6244462,2,1,00:00:00:00:00:03,0,118889.31,6420022.52,4.75,0.0,0.0,Normal,ALLOW,ddos
1787352086.8645477,1,3,00:00:00:00:00:03,0,63408.33,3424049.58,7.535,0.0,104.2,Normal,ALLOW,ddos
1787352086.8709507,1,2,00:00:00:00:00:02,0,72454.16,3912524.85,4.558,0.0,104.2,Normal,ALLOW,ddos
1787352086.8771794,1,1,00:00:00:00:00:01,0,63409.18,3424095.88,4.542,0.0,104.2,Normal,ALLOW,ddos
1787352086.8835146,1,1,00:00:00:00:00:01,0,72454.16,3912524.85,4.493,0.0,104.2,Normal,ALLOW,ddos
1787352086.8894649,1,3,00:00:00:00:00:04,0,64528.12,3484518.65,4.4,0.0,104.2,Normal,ALLOW,ddos
1787352087.608794,2,2,00:00:00:00:00:04,0,70526.0,3808404.0,4.574,0.0,0.0,Normal,ALLOW,ddos
1787352087.618765,2,3,00:00:00:00:00:01,0,74045.0,3998430.0,7.432,0.0,0.0,Normal,ALLOW,ddos
1787352087.6284337,2,1,00:00:00:00:00:03,0,117552.0,6347808.0,7.347,0.0,0.0,Normal,ALLOW,ddos
1787352087.995219,1,3,00:00:00:00:00:03,0,61533.28,3322796.93,4.932,0.0,101.2,Normal,ALLOW,ddos
1787352088.0015373,1,2,00:00:00:00:00:02,0,74411.15,4018201.85,4.533,0.0,101.2,Normal,ALLOW,ddos
1787352088.0074852,1,1,00:00:00:00:00:01,0,61533.28,3322796.93,4.405,0.0,101.2,Normal,ALLOW,ddos
1787352088.0143793,1,1,00:00:00:00:00:01,0,74411.15,4018201.85,4.54,0.0,101.2,Normal,ALLOW,ddos
1787352088.0203526,1,3,00:00:00:00:00:04,0,64896.21,3504395.25,4.422,0.0,101.2,Normal,ALLOW,ddos
1787352088.6151345,2,2,00:00:00:00:00:04,0,67601.91,3650503.11,4.69,0.0,100.0,Normal,ALLOW,ddos
1787352088.6212292,2,3,00:00:00:00:00:01,0,71389.12,3855012.49,4.477,0.0,100.0,Normal,ALLOW,ddos
1787352088.6274588,2,1,00:00:00:00:00:03,0,118214.08,6383560.41,4.666,0.0,100.0,Normal,ALLOW,ddos
1787352089.1337779,1,3,00:00:00:00:00:03,0,62331.05,3365876.69,7.743,0.0,99.1,Normal,ALLOW,ddos
1787352089.1423316,1,2,00:00:00:00:00:02,0,70894.88,3828323.6,6.291,0.0,99.1,Normal,ALLOW,ddos
1787352089.148845,1,1,00:00:00:00:00:01,0,62331.05,3365876.69,4.588,0.0,99.1,Normal,ALLOW,ddos
1787352089.1548748,1,1,00:00:00:00:00:01,0,70894.88,3828323.6,4.381,0.0,99.1,Normal,ALLOW,ddos
1787352089.1641026,1,3,00:00:00:00:00:04,0,65974.82,3562640.33,7.469,0.0,99.1,Normal,ALLOW,ddos
1787352091.0061088,1,3,00:00:00:00:00:03,0,37274.52,2012824.32,4.654,0.0,99.1,Normal,ALLOW,ddos
1787352091.0127857,1,2,00:00:00:00:00:02,0,41020.57,2215111.0,4.874,0.0,99.1,Normal,ALLOW,ddos
1787352091.0190513,1,1,00:00:00:00:00:01,0,37274.52,2012824.32,4.468,0.0,99.1,Normal,ALLOW,ddos
1787352091.0250056,1,1,00:00:00:00:00:01,0,41021.11,2215139.77,4.351,0.0,99.1,Normal,ALLOW,ddos
1787352091.0312402,1,3,00:00:00:00:00:04,0,39942.59,2156899.62,4.418,0.0,99.1,Normal,ALLOW,ddos
1787352092.9962606,1,3,00:00:00:00:00:03,0,37116.18,2004273.83,5.067,0.0,100.1,Normal,ALLOW,ddos
1787352093.0027866,1,2,00:00:00:00:00:02,0,40608.0,2192831.86,4.757,0.0,100.1,Normal,ALLOW,ddos
1787352093.009079,1,1,00:00:00:00:00:01,0,37116.18,2004273.83,4.667,0.0,100.1,Normal,ALLOW,ddos
1787352093.0156157,1,1,00:00:00:00:00:01,0,40608.0,2192831.86,4.548,0.0,100.1,Normal,ALLOW,ddos
1787352093.0214689,1,3,00:00:00:00:00:04,0,37235.31,2010706.58,4.274,0.0,100.1,Normal,ALLOW,ddos
1787352094.9607654,1,3,00:00:00:00:00:03,0,38353.32,2071079.46,4.858,0.0,100.9,Normal,ALLOW,ddos
1787352094.967151,1,2,00:00:00:00:00:02,0,42190.08,2278264.35,4.498,0.0,100.9,Normal,ALLOW,ddos
1787352094.9730492,1,1,00:00:00:00:00:01,0,38353.83,2071106.94,4.324,0.0,100.9,Normal,ALLOW,ddos
1787352094.9794106,1,1,00:00:00:00:00:01,0,42190.08,2278264.35,4.454,0.0,100.9,Normal,ALLOW,ddos
1787352094.9859607,1,3,00:00:00:00:00:04,0,37806.23,2041536.58,4.267,0.0,100.9,Normal,ALLOW,ddos
1787352095.8390722,2,3,00:00:00:00:00:01,0,9141.83,493659.0,4.84,0.0,99.4,Normal,ALLOW,ddos
1787352095.8456666,2,1,00:00:00:00:00:03,0,17049.5,920672.98,4.814,0.0,99.4,Normal,ALLOW,ddos
1787352095.8535774,2,3,00:00:00:00:00:01,0,74365.0,4015710.0,4.507,0.0,129.2,Normal,ALLOW,ddos
1787352095.8598762,2,1,00:00:00:00:00:03,0,119658.0,6461532.0,4.642,0.0,129.2,Normal,ALLOW,ddos
1787352095.866295,2,2,00:00:00:00:00:04,0,70361.0,3799494.0,4.475,0.0,129.2,Normal,ALLOW,ddos
1787352095.87366,2,3,00:00:00:00:00:01,0,73115.0,3948210.0,4.34,0.0,97.5,Normal,ALLOW,ddos
1787352095.879852,2,1,00:00:00:00:00:03,0,119404.0,6447816.0,4.415,0.0,97.5,Normal,ALLOW,ddos
1787352095.8858771,2,2,00:00:00:00:00:04,0,69340.0,3744360.0,4.336,0.0,97.5,Normal,ALLOW,ddos
1787352095.893437,2,3,00:00:00:00:00:01,0,69801.0,3769254.0,4.497,0.0,102.1,Normal,ALLOW,ddos
1787352095.9000716,2,1,00:00:00:00:00:03,0,116702.0,6301908.0,4.638,0.0,102.1,Normal,ALLOW,ddos
1787352095.9061332,2,2,00:00:00:00:00:04,0,65894.0,3558276.0,4.366,0.0,102.1,Normal,ALLOW,ddos
1787352095.913948,2,3,00:00:00:00:00:01,0,66504.0,3591216.0,4.377,0.0,98.5,Normal,ALLOW,ddos
1787352095.9200885,2,1,00:00:00:00:00:03,0,111459.0,6018786.0,4.403,0.0,98.5,Normal,ALLOW,ddos
1787352095.926355,2,2,00:00:00:00:00:04,0,62776.0,3389904.0,4.405,0.0,98.5,Normal,ALLOW,ddos
1787352095.9340825,2,3,00:00:00:00:00:01,0,71040.0,3836160.0,4.357,0.0,98.7,Normal,ALLOW,ddos
1787352095.940151,2,1,00:00:00:00:00:03,0,122386.0,6608844.0,4.353,0.0,98.7,Normal,ALLOW,ddos
1787352095.9470057,2,2,00:00:00:00:00:04,0,66932.0,3614328.0,4.767,0.0,98.7,Normal,ALLOW,ddos
1787352095.956815,2,3,00:00:00:00:00:01,0,70304.0,3796416.0,5.078,0.0,91.4,Normal,ALLOW,ddos
1787352095.963428,2,1,00:00:00:00:00:03,0,121398.0,6555492.0,4.65,0.0,91.4,Normal,ALLOW,ddos
1787352095.9699438,2,2,00:00:00:00:00:04,0,66298.0,3580092.0,4.693,0.0,91.4,Normal,ALLOW,ddos
1787352096.637856,2,3,00:00:00:00:00:01,0,70777.0,3821958.0,4.787,0.0,0.0,Normal,ALLOW,ddos
1787352096.6442964,2,1,00:00:00:00:00:03,0,119867.0,6472818.0,4.764,0.0,0.0,Normal,ALLOW,ddos
1787352096.650648,2,2,00:00:00:00:00:04,0,67217.0,3629718.0,4.498,0.0,0.0,Normal,ALLOW,ddos
1787352096.6753414,1,3,00:00:00:00:00:03,0,44277.69,2390995.04,7.658,0.0,121.5,Normal,ALLOW,ddos
1787352096.685952,1,2,00:00:00:00:00:02,0,49036.59,2647975.86,7.87,0.0,121.5,Normal,ALLOW,ddos
1787352096.6962204,1,1,00:00:00:00:00:01,0,44277.1,2390963.47,7.701,0.0,121.5,Normal,ALLOW,ddos
1787352096.7032585,1,1,00:00:00:00:00:01,0,49036.01,2647944.29,4.565,0.0,121.5,Normal,ALLOW,ddos
1787352096.7097504,1,3,00:00:00:00:00:04,0,42573.48,2298968.12,4.779,0.0,121.5,Normal,ALLOW,ddos
1787352097.6404076,2,3,00:00:00:00:00:01,0,69622.85,3759634.05,4.82,0.0,707.5,Normal,ALLOW,ddos
1787352097.6469827,2,1,00:00:00:00:00:03,0,115420.22,6232691.89,4.697,0.0,707.5,Normal,ALLOW,ddos
1787352097.6533358,2,2,00:00:00:00:00:04,0,65823.86,3554488.66,4.608,0.0,707.5,Normal,ALLOW,ddos
1787352097.763904,1,3,00:00:00:00:00:03,0,68546.89,3701532.33,4.505,0.0,97.1,Normal,ALLOW,ddos
1787352097.7700126,1,2,00:00:00:00:00:02,0,78282.58,4227259.5,4.512,0.0,97.1,Normal,ALLOW,ddos
1787352097.7765117,1,1,00:00:00:00:00:01,0,68546.89,3701532.33,4.631,0.0,97.1,Normal,ALLOW,ddos
1787352097.7827673,1,1,00:00:00:00:00:01,0,78282.58,4227259.5,4.545,0.0,97.1,Normal,ALLOW,ddos
1787352097.7891958,1,3,00:00:00:00:00:04,0,69529.52,3754594.16,4.789,0.0,97.1,Normal,ALLOW,ddos
1787352098.2644985,1,3,00:00:00:00:00:03,0,75511.0,4077594.0,4.504,0.0,97.9,Normal,ALLOW,ddos
1787352098.2707338,1,2,00:00:00:00:00:02,0,85050.0,4592700.0,4.619,0.0,97.9,Normal,ALLOW,ddos
1787352098.2772064,1,1,00:00:00:00:00:01,0,75510.0,4077540.0,4.629,0.0,97.9,Normal,ALLOW,ddos
1787352098.2833273,1,1,00:00:00:00:00:01,0,85050.0,4592700.0,4.458,0.0,97.9,Normal,ALLOW,ddos
1787352098.2891243,1,3,00:00:00:00:00:04,0,75126.0,4056804.0,4.325,0.0,97.9,Normal,ALLOW,ddos
1787352098.2954872,1,1,00:00:00:00:00:01,0,36419.0,1966626.0,4.513,0.0,97.9,Normal,ALLOW,ddos
1787352098.302776,1,3,00:00:00:00:00:03,0,75650.0,4085100.0,4.447,0.0,103.4,Normal,ALLOW,ddos
1787352098.3089662,1,2,00:00:00:00:00:02,0,87501.0,4725054.0,4.534,0.0,103.4,Normal,ALLOW,ddos
1787352098.3153973,1,1,00:00:00:00:00:01,0,75651.0,4085154.0,4.513,0.0,103.4,Normal,ALLOW,ddos
1787352098.3214524,1,1,00:00:00:00:00:01,0,87501.0,4725054.0,4.427,0.0,103.4,Normal,ALLOW,ddos
1787352098.327955,1,3,00:00:00:00:00:04,0,76257.0,4117878.0,4.602,0.0,103.4,Normal,ALLOW,ddos
1787352098.334061,1,1,00:00:00:00:00:01,0,76257.0,4117878.0,4.369,0.0,103.4,Normal,ALLOW,ddos
1787352098.3414052,1,3,00:00:00:00:00:03,0,76991.0,4157514.0,4.586,0.0,103.7,Normal,ALLOW,ddos
1787352098.3478262,1,2,00:00:00:00:00:02,0,85783.0,4632282.0,4.453,0.0,103.7,Normal,ALLOW,ddos
1787352098.3537254,1,1,00:00:00:00:00:01,0,76991.0,4157514.0,4.328,0.0,103.7,Normal,ALLOW,ddos
1787352098.3600683,1,1,00:00:00:00:00:01,0,85783.0,4632282.0,4.665,0.0,103.7,Normal,ALLOW,ddos
1787352098.3661938,1,3,00:00:00:00:00:04,0,77243.0,4171122.0,4.337,0.0,103.7,Normal,ALLOW,ddos
1787352098.3723266,1,1,00:00:00:00:00:01,0,77242.0,4171068.0,4.561,0.0,103.7,Normal,ALLOW,ddos
1787352098.380101,1,3,00:00:00:00:00:03,0,79105.0,4271670.0,4.506,0.0,104.4,Normal,ALLOW,ddos
1787352098.385861,1,2,00:00:00:00:00:02,0,84491.0,4562514.0,4.236,0.0,104.4,Normal,ALLOW,ddos
1787352098.3918579,1,1,00:00:00:00:00:01,0,79105.0,4271670.0,4.453,0.0,104.4,Normal,ALLOW,ddos
1787352098.3981757,1,1,00:00:00:00:00:01,0,84491.0,4562514.0,4.409,0.0,104.4,Normal,ALLOW,ddos
1787352098.4039223,1,3,00:00:00:00:00:04,0,76968.0,4156272.0,4.234,0.0,104.4,Normal,ALLOW,ddos
1787352098.4100697,1,1,00:00:00:00:00:01,0,76969.0,4156326.0,4.536,0.0,104.4,Normal,ALLOW,ddos
1787352098.4173677,1,3,00:00:00:00:00:03,0,80778.0,4362012.0,4.339,0.0,106.0,Normal,ALLOW,ddos
1787352098.423521,1,2,00:00:00:00:00:02,0,85247.0,4603338.0,4.537,0.0,106.0,Normal,ALLOW,ddos
1787352098.4298651,1,1,00:00:00:00:00:01,0,80777.0,4361958.0,4.488,0.0,106.0,Normal,ALLOW,ddos
1787352098.4357376,1,1,00:00:00:00:00:01,0,85247.0,4603338.0,4.264,0.0,106.0,Normal,ALLOW,ddos
1787352098.4418185,1,3,00:00:00:00:00:04,0,78834.0,4257036.0,4.463,0.0,106.0,Normal,ALLOW,ddos
1787352098.448033,1,1,00:00:00:00:00:01,0,78833.0,4256982.0,4.348,0.0,106.0,Normal,ALLOW,ddos
1787352098.4550476,1,3,00:00:00:00:00:03,0,79646.0,4300884.0,4.298,0.0,79.1,Normal,ALLOW,ddos
1787352098.4614005,1,2,00:00:00:00:00:02,0,84497.0,4562838.0,4.525,0.0,79.1,Normal,ALLOW,ddos
1787352098.4675589,1,1,00:00:00:00:00:01,0,79646.0,4300884.0,4.415,0.0,79.1,Normal,ALLOW,ddos
1787352098.473763,1,1,00:00:00:00:00:01,0,84497.0,4562838.0,4.536,0.0,79.1,Normal,ALLOW,ddos
1787352098.480163,1,3,00:00:00:00:00:04,0,76504.0,4131216.0,4.637,0.0,79.1,Normal,ALLOW,ddos
1787352098.4863157,1,1,00:00:00:00:00:01,0,76504.0,4131216.0,4.39,0.0,79.1,Normal,ALLOW,ddos
1787352098.493787,1,3,00:00:00:00:00:03,0,79019.0,4267026.0,4.62,0.0,104.5,Normal,ALLOW,ddos
1787352098.4999292,1,2,00:00:00:00:00:02,0,85561.0,4620294.0,4.389,0.0,104.5,Normal,ALLOW,ddos
1787352098.505961,1,1,00:00:00:00:00:01,0,79020.0,4267080.0,4.371,0.0,104.5,Normal,ALLOW,ddos
1787352098.5123026,1,1,00:00:00:00:00:01,0,85561.0,4620294.0,4.533,0.0,104.5,Normal,ALLOW,ddos
1787352098.5184398,1,3,00:00:00:00:00:04,0,74865.0,4042710.0,4.408,0.0,104.5,Normal,ALLOW,ddos
1787352098.5246053,1,1,00:00:00:00:00:01,0,74865.0,4042710.0,4.54,0.0,104.5,Normal,ALLOW,ddos
1787352098.5321236,1,3,00:00:00:00:00:03,0,73849.0,3987846.0,4.413,0.0,130.5,Normal,ALLOW,ddos
1787352098.538107,1,2,00:00:00:00:00:02,0,82930.0,4478220.0,4.395,0.0,130.5,Normal,ALLOW,ddos
1787352098.5476825,1,1,00:00:00:00:00:01,0,73849.0,3987846.0,7.508,0.0,130.5,Normal,ALLOW,ddos
1787352098.557629,1,1,00:00:00:00:00:01,0,82930.0,4478220.0,7.452,0.0,130.5,Normal,ALLOW,ddos
1787352098.5654426,1,3,00:00:00:00:00:04,0,75071.0,4053834.0,5.183,0.0,130.5,Normal,ALLOW,ddos
1787352098.5713472,1,1,00:00:00:00:00:01,0,75071.0,4053834.0,4.353,0.0,130.5,Normal,ALLOW,ddos
1787352098.5786753,1,3,00:00:00:00:00:03,0,75812.0,4093848.0,4.598,0.0,107.0,Normal,ALLOW,ddos
1787352098.5848055,1,2,00:00:00:00:00:02,0,85545.0,4619430.0,4.424,0.0,107.0,Normal,ALLOW,ddos
1787352098.590939,1,1,00:00:00:00:00:01,0,75811.0,4093794.0,4.48,0.0,107.0,Normal,ALLOW,ddos
1787352098.59722,1,1,00:00:00:00:00:01,0,85545.0,4619430.0,4.502,0.0,107.0,Normal,ALLOW,ddos
1787352098.6030583,1,3,00:00:00:00:00:04,0,76445.0,4128030.0,4.286,0.0,107.0,Normal,ALLOW,ddos
1787352098.6089296,1,1,00:00:00:00:00:01,0,76446.0,4128084.0,4.339,0.0,107.0,Normal,ALLOW,ddos
1787352098.616281,1,3,00:00:00:00:00:03,0,75583.0,4081482.0,4.371,0.0,79.7,Normal,ALLOW,ddos
1787352098.6220164,1,2,00:00:00:00:00:02,0,86232.0,4656528.0,4.277,0.0,79.7,Normal,ALLOW,ddos
1787352098.6280313,1,1,00:00:00:00:00:01,0,75583.0,4081482.0,4.385,0.0,79.7,Normal,ALLOW,ddos
1787352098.634078,1,1,00:00:00:00:00:01,0,86232.0,4656528.0,4.33,0.0,79.7,Normal,ALLOW,ddos
1787352098.6399467,1,3,00:00:00:00:00:04,0,75803.0,4093362.0,4.311,0.0,79.7,Normal,ALLOW,ddos
1787352098.6461787,1,1,00:00:00:00:00:01,0,75802.0,4093308.0,4.458,0.0,79.7,Normal,ALLOW,ddos
1787352098.653399,1,3,00:00:00:00:00:03,0,75972.0,4102488.0,4.432,0.0,107.5,Normal,ALLOW,ddos
1787352098.6595025,1,2,00:00:00:00:00:02,0,87743.0,4738122.0,4.507,0.0,107.5,Normal,ALLOW,ddos
1787352098.6658397,1,1,00:00:00:00:00:01,0,75973.0,4102542.0,4.439,0.0,107.5,Normal,ALLOW,ddos
1787352098.671814,1,1,00:00:00:00:00:01,0,87743.0,4738122.0,4.423,0.0,107.5,Normal,ALLOW,ddos
1787352098.6791103,1,3,00:00:00:00:00:04,0,76607.0,4136778.0,5.474,0.0,107.5,Normal,ALLOW,ddos
1787352098.6851935,1,1,00:00:00:00:00:01,0,76607.0,4136778.0,4.406,0.0,107.5,Normal,ALLOW,ddos
1787352098.692298,1,3,00:00:00:00:00:03,0,77890.0,4206060.0,4.439,0.0,102.5,Normal,ALLOW,ddos
1787352098.698654,1,2,00:00:00:00:00:02,0,85466.0,4615164.0,4.401,0.0,102.5,Normal,ALLOW,ddos
1787352098.7045653,1,1,00:00:00:00:00:01,0,77890.0,4206060.0,4.311,0.0,102.5,Normal,ALLOW,ddos
1787352098.710614,1,1,00:00:00:00:00:01,0,85466.0,4615164.0,4.418,0.0,102.5,Normal,ALLOW,ddos
1787352098.7168667,1,3,00:00:00:00:00:04,0,79279.0,4281066.0,4.352,0.0,102.5,Normal,ALLOW,ddos
1787352098.7227983,1,1,00:00:00:00:00:01,0,79279.0,4281066.0,4.309,0.0,102.5,Normal,ALLOW,ddos
1787352098.7303965,1,3,00:00:00:00:00:03,0,77312.0,4174848.0,4.492,0.0,106.2,Normal,ALLOW,ddos
1787352098.7364185,1,2,00:00:00:00:00:02,0,85428.0,4613112.0,4.337,0.0,106.2,Normal,ALLOW,ddos
1787352098.7424002,1,1,00:00:00:00:00:01,0,77312.0,4174848.0,4.345,0.0,106.2,Normal,ALLOW,ddos
1787352098.748697,1,1,00:00:00:00:00:01,0,85429.0,4613166.0,4.346,0.0,106.2,Normal,ALLOW,ddos
1787352098.7546053,1,3,00:00:00:00:00:04,0,78154.0,4220316.0,4.26,0.0,106.2,Normal,ALLOW,ddos
1787352098.760679,1,1,00:00:00:00:00:01,0,78154.0,4220316.0,4.461,0.0,106.2,Normal,ALLOW,ddos
1787352098.7680104,1,3,00:00:00:00:00:03,0,76806.0,4147524.0,4.363,0.0,79.3,Normal,ALLOW,ddos
1787352098.7740865,1,2,00:00:00:00:00:02,0,86454.0,4668516.0,4.42,0.0,79.3,Normal,ALLOW,ddos
1787352098.7804606,1,1,00:00:00:00:00:01,0,76806.0,4147524.0,4.549,0.0,79.3,Normal,ALLOW,ddos
1787352098.786682,1,1,00:00:00:00:00:01,0,86453.0,4668462.0,4.467,0.0,79.3,Normal,ALLOW,ddos
1787352098.792903,1,3,00:00:00:00:00:04,0,76270.0,4118580.0,4.491,0.0,79.3,Normal,ALLOW,ddos
1787352098.79935,1,1,00:00:00:00:00:01,0,76270.0,4118580.0,4.667,0.0,79.3,Normal,ALLOW,ddos
1787352098.806837,1,3,00:00:00:00:00:03,0,76825.0,4148550.0,4.508,0.0,103.4,Normal,ALLOW,ddos
1787352098.8133059,1,2,00:00:00:00:00:02,0,86842.0,4689468.0,4.525,0.0,103.4,Normal,ALLOW,ddos
1787352098.8193781,1,1,00:00:00:00:00:01,0,76825.0,4148550.0,4.34,0.0,103.4,Normal,ALLOW,ddos
1787352098.8256662,1,1,00:00:00:00:00:01,0,86842.0,4689468.0,4.599,0.0,103.4,Normal,ALLOW,ddos
1787352098.831984,1,3,00:00:00:00:00:04,0,77548.0,4187592.0,4.347,0.0,103.4,Normal,ALLOW,ddos
1787352098.837918,1,1,00:00:00:00:00:01,0,77548.0,4187592.0,4.297,0.0,103.4,Normal,ALLOW,ddos
1787352098.845615,1,3,00:00:00:00:00:03,0,76650.0,4139100.0,4.608,0.0,103.8,Normal,ALLOW,ddos
1787352098.8521068,1,2,00:00:00:00:00:02,0,86725.0,4683150.0,4.672,0.0,103.8,Normal,ALLOW,ddos
1787352098.8584437,1,1,00:00:00:00:00:01,0,76649.0,4139046.0,4.61,0.0,103.8,Normal,ALLOW,ddos
1787352098.8649085,1,1,00:00:00:00:00:01,0,86725.0,4683150.0,4.471,0.0,103.8,Normal,ALLOW,ddos
1787352098.8708894,1,3,00:00:00:00:00:04,0,78724.0,4251096.0,4.313,0.0,103.8,Normal,ALLOW,ddos
1787352098.8771753,1,1,00:00:00:00:00:01,0,78725.0,4251150.0,4.577,0.0,103.8,Normal,ALLOW,ddos
1787352098.8846183,1,3,00:00:00:00:00:03,0,77041.0,4160214.0,4.384,0.0,101.8,Normal,ALLOW,ddos
1787352098.8905852,1,2,00:00:00:00:00:02,0,86865.0,4690710.0,4.328,0.0,101.8,Normal,ALLOW,ddos
1787352098.897001,1,1,00:00:00:00:00:01,0,77042.0,4160268.0,4.522,0.0,101.8,Normal,ALLOW,ddos
1787352098.9030223,1,1,00:00:00:00:00:01,0,86866.0,4690764.0,4.449,0.0,101.8,Normal,ALLOW,ddos
1787352098.9096515,1,3,00:00:00:00:00:04,0,78668.0,4248072.0,4.826,0.0,101.8,Normal,ALLOW,ddos
1787352098.9161203,1,1,00:00:00:00:00:01,0,78668.0,4248072.0,4.503,0.0,101.8,Normal,ALLOW,ddos
1787352098.9233968,1,3,00:00:00:00:00:03,0,77034.0,4159836.0,4.451,0.0,102.8,Normal,ALLOW,ddos
1787352098.929791,1,2,00:00:00:00:00:02,0,85220.0,4601880.0,4.502,0.0,102.8,Normal,ALLOW,ddos
1787352098.9358735,1,1,00:00:00:00:00:01,0,77034.0,4159836.0,4.374,0.0,102.8,Normal,ALLOW,ddos
1787352098.9422433,1,1,00:00:00:00:00:01,0,85219.0,4601826.0,4.606,0.0,102.8,Normal,ALLOW,ddos
1787352098.9485326,1,3,00:00:00:00:00:04,0,78613.0,4245102.0,4.398,0.0,102.8,Normal,ALLOW,ddos
1787352098.9545228,1,1,00:00:00:00:00:01,0,78613.0,4245102.0,4.329,0.0,102.8,Normal,ALLOW,ddos
1787352098.9620967,1,3,00:00:00:00:00:03,0,75108.0,4055832.0,4.759,0.0,104.2,Normal,ALLOW,ddos
1787352098.968412,1,2,00:00:00:00:00:02,0,83851.0,4527954.0,4.475,0.0,104.2,Normal,ALLOW,ddos
1787352098.974523,1,1,00:00:00:00:00:01,0,75108.0,4055832.0,4.477,0.0,104.2,Normal,ALLOW,ddos
1787352098.9810152,1,1,00:00:00:00:00:01,0,83851.0,4527954.0,4.573,0.0,104.2,Normal,ALLOW,ddos
1787352098.9873242,1,3,00:00:00:00:00:04,0,75647.0,4084938.0,4.551,0.0,104.2,Normal,ALLOW,ddos
1787352098.9936972,1,1,00:00:00:00:00:01,0,75646.0,4084884.0,4.644,0.0,104.2,Normal,ALLOW,ddos
1787352099.001188,1,3,00:00:00:00:00:03,0,74821.0,4040334.0,4.374,0.0,102.0,Normal,ALLOW,ddos
1787352099.007339,1,2,00:00:00:00:00:02,0,82795.0,4470930.0,4.43,0.0,102.0,Normal,ALLOW,ddos
1787352099.0137327,1,1,00:00:00:00:00:01,0,74821.0,4040334.0,4.655,0.0,102.0,Normal,ALLOW,ddos
1787352099.020068,1,1,00:00:00:00:00:01,0,82795.0,4470930.0,4.478,0.0,102.0,Normal,ALLOW,ddos
1787352099.0262487,1,3,00:00:00:00:00:04,0,72081.0,3892374.0,4.475,0.0,102.0,Normal,ALLOW,ddos
1787352099.0326147,1,1,00:00:00:00:00:01,0,72081.0,3892374.0,4.427,0.0,102.0,Normal,ALLOW,ddos
1787352099.039665,1,3,00:00:00:00:00:03,0,76990.0,4157460.0,4.3,0.0,77.1,Normal,ALLOW,ddos
1787352099.045877,1,2,00:00:00:00:00:02,0,82362.0,4447548.0,4.563,0.0,77.1,Normal,ALLOW,ddos
1787352099.0520303,1,1,00:00:00:00:00:01,0,76989.0,4157406.0,4.41,0.0,77.1,Normal,ALLOW,ddos
1787352099.0583637,1,1,00:00:00:00:00:01,0,82362.0,4447548.0,4.604,0.0,77.1,Normal,ALLOW,ddos
1787352099.0658653,1,3,00:00:00:00:00:04,0,73351.0,3960954.0,5.146,0.0,77.1,Normal,ALLOW,ddos
1787352099.0718844,1,1,00:00:00:00:00:01,0,73352.0,3961008.0,4.376,0.0,77.1,Normal,ALLOW,ddos
1787352099.0803483,1,3,00:00:00:00:00:03,0,75675.0,4086450.0,5.219,0.0,101.9,Normal,ALLOW,ddos
1787352099.0866911,1,2,00:00:00:00:00:02,0,83303.0,4498362.0,4.641,0.0,101.9,Normal,ALLOW,ddos
1787352099.0942924,1,1,00:00:00:00:00:01,0,75676.0,4086504.0,5.886,0.0,101.9,Normal,ALLOW,ddos
1787352099.1007864,1,1,00:00:00:00:00:01,0,83303.0,4498362.0,4.602,0.0,101.9,Normal,ALLOW,ddos
1787352099.1070633,1,3,00:00:00:00:00:04,0,76525.0,4132350.0,4.558,0.0,101.9,Normal,ALLOW,ddos
1787352099.1140342,1,1,00:00:00:00:00:01,0,76524.0,4132296.0,4.628,0.0,101.9,Normal,ALLOW,ddos
1787352099.1211095,1,3,00:00:00:00:00:03,0,76929.0,4154166.0,4.362,0.0,118.6,Normal,ALLOW,ddos
1787352099.128232,1,2,00:00:00:00:00:02,0,81840.0,4419360.0,5.549,0.0,118.6,Normal,ALLOW,ddos
1787352099.1344802,1,1,00:00:00:00:00:01,0,76928.0,4154112.0,4.422,0.0,118.6,Normal,ALLOW,ddos
1787352099.1407714,1,1,00:00:00:00:00:01,0,81840.0,4419360.0,4.667,0.0,118.6,Normal,ALLOW,ddos
1787352099.1475906,1,3,00:00:00:00:00:04,0,74194.0,4006476.0,4.514,0.0,118.6,Normal,ALLOW,ddos
1787352099.1534786,1,1,00:00:00:00:00:01,0,74194.0,4006476.0,4.345,0.0,118.6,Normal,ALLOW,ddos
1787352099.1609385,1,3,00:00:00:00:00:03,0,72754.0,3928716.0,4.716,0.0,101.5,Normal,ALLOW,ddos
1787352099.16723,1,2,00:00:00:00:00:02,0,79888.0,4313952.0,4.468,0.0,101.5,Normal,ALLOW,ddos
1787352099.1740034,1,1,00:00:00:00:00:01,0,72755.0,3928770.0,5.097,0.0,101.5,Normal,ALLOW,ddos
1787352099.1807985,1,1,00:00:00:00:00:01,0,79888.0,4313952.0,4.501,0.0,101.5,Normal,ALLOW,ddos
1787352099.1866696,1,3,00:00:00:00:00:04,0,69658.0,3761532.0,4.301,0.0,101.5,Normal,ALLOW,ddos
1787352099.1960213,1,1,00:00:00:00:00:01,0,69658.0,3761532.0,7.231,0.0,101.5,Normal,ALLOW,ddos
1787352099.2041292,1,3,00:00:00:00:00:03,0,73834.0,3987036.0,4.696,0.0,93.9,Normal,ALLOW,ddos
1787352099.2104218,1,2,00:00:00:00:00:02,0,80746.0,4360284.0,4.436,0.0,93.9,Normal,ALLOW,ddos
1787352099.2164435,1,1,00:00:00:00:00:01,0,73834.0,3987036.0,4.406,0.0,93.9,Normal,ALLOW,ddos
1787352099.2230604,1,1,00:00:00:00:00:01,0,80746.0,4360284.0,4.89,0.0,93.9,Normal,ALLOW,ddos
1787352099.2296896,1,3,00:00:00:00:00:04,0,71514.0,3861756.0,4.634,0.0,93.9,Normal,ALLOW,ddos
1787352099.2363575,1,1,00:00:00:00:00:01,0,71514.0,3861756.0,5.045,0.0,93.9,Normal,ALLOW,ddos
1787352099.2829843,2,3,00:00:00:00:00:01,0,70076.47,3784129.27,4.843,0.0,0.0,Normal,ALLOW,ddos
1787352099.2898417,2,1,00:00:00:00:00:03,0,120962.37,6531967.85,5.048,0.0,0.0,Normal,ALLOW,ddos
1787352099.2966373,2,2,00:00:00:00:00:04,0,68558.88,3702179.3,4.943,0.0,0.0,Normal,ALLOW,ddos
1787352100.2840621,2,3,00:00:00:00:00:01,0,65978.0,3562812.0,4.634,0.0,101.0,Normal,ALLOW,ddos
1787352100.2912407,2,1,00:00:00:00:00:03,0,68072.0,3675888.0,5.4,0.0,101.0,Normal,ALLOW,ddos
1787352100.298204,2,2,00:00:00:00:00:04,0,65978.0,3562812.0,4.603,0.0,101.0,Normal,ALLOW,ddos
1787352101.2987916,2,3,00:00:00:00:00:01,0,64594.97,3488128.43,7.472,0.0,0.0,Normal,ALLOW,ddos
1787352101.309181,2,1,00:00:00:00:00:03,0,69340.52,3744387.98,7.964,0.0,0.0,Normal,ALLOW,ddos
1787352101.3186936,2,2,00:00:00:00:00:04,0,64594.97,3488128.43,7.264,0.0,0.0,Normal,ALLOW,ddos
1787352101.5612755,1,2,00:00:00:00:00:02,0,34142.09,1843672.91,4.657,0.0,101.5,Normal,ALLOW,ddos
1787352101.5676434,1,1,00:00:00:00:00:01,0,30099.0,1625345.93,4.478,0.0,101.5,Normal,ALLOW,ddos
1787352101.573691,1,1,00:00:00:00:00:01,0,34142.09,1843672.91,4.51,0.0,101.5,Normal,ALLOW,ddos
1787352101.5804176,1,3,00:00:00:00:00:04,0,30652.16,1655216.71,4.752,0.0,101.5,Normal,ALLOW,ddos
1787352101.5868092,1,1,00:00:00:00:00:01,0,30652.59,1655239.62,4.512,0.0,101.5,Normal,ALLOW,ddos
1787352102.287075,2,3,00:00:00:00:00:01,0,63986.0,3455244.0,4.668,0.0,99.2,Normal,ALLOW,ddos
1787352102.2933772,2,1,00:00:00:00:00:03,0,68035.0,3673890.0,4.537,0.0,99.2,Normal,ALLOW,ddos
1787352102.2999816,2,2,00:00:00:00:00:04,0,63986.0,3455244.0,4.585,0.0,99.2,Normal,ALLOW,ddos
1787352103.294347,2,3,00:00:00:00:00:01,0,61297.37,3310057.76,6.395,0.0,0.0,Normal,ALLOW,ddos
1787352103.3016584,2,1,00:00:00:00:00:03,0,62814.42,3391978.45,4.905,0.0,0.0,Normal,ALLOW,ddos
1787352103.3090332,2,2,00:00:00:00:00:04,0,61297.37,3310057.76,5.373,0.0,0.0,Normal,ALLOW,ddos
1787352104.3039706,2,3,00:00:00:00:00:01,0,60761.78,3281136.35,4.854,0.0,0.0,Normal,ALLOW,ddos
1787352104.310902,2,1,00:00:00:00:00:03,0,64024.95,3457347.41,5.013,0.0,0.0,Normal,ALLOW,ddos
1787352104.3206031,2,2,00:00:00:00:00:04,0,60761.78,3281136.35,7.125,0.0,0.0,Normal,ALLOW,ddos
1787352105.2895057,2,3,00:00:00:00:00:01,0,64038.0,3458052.0,4.558,0.0,98.4,Normal,ALLOW,ddos
1787352105.2955751,2,1,00:00:00:00:00:03,0,66904.0,3612816.0,4.524,0.0,98.4,Normal,ALLOW,ddos
1787352105.3014464,2,2,00:00:00:00:00:04,0,64039.0,3458106.0,4.386,0.0,98.4,Normal,ALLOW,ddos
1787352106.2938085,2,3,00:00:00:00:00:01,0,64701.11,3493859.92,4.634,0.0,0.0,Normal,ALLOW,ddos
1787352106.2999861,2,1,00:00:00:00:00:03,0,68191.04,3682316.24,4.622,0.0,0.0,Normal,ALLOW,ddos
1787352106.3357604,2,2,00:00:00:00:00:04,0,64700.11,3493806.16,4.319,0.0,0.0,Normal,ALLOW,ddos
1787352107.3003979,2,3,00:00:00:00:00:01,0,67775.65,3659885.19,4.843,0.0,0.0,Normal,ALLOW,ddos
1787352107.3063197,2,1,00:00:00:00:00:03,0,69547.82,3755582.14,4.441,0.0,0.0,Normal,ALLOW,ddos
1787352107.3122876,2,2,00:00:00:00:00:04,0,67776.65,3659938.86,4.465,0.0,0.0,Normal,ALLOW,ddos
1787352108.3033404,2,3,00:00:00:00:00:01,0,67360.86,3637486.27,4.499,0.0,0.0,Normal,ALLOW,ddos
1787352108.3095338,2,1,00:00:00:00:00:03,0,68372.3,3692103.99,4.532,0.0,0.0,Normal,ALLOW,ddos
1787352108.3160691,2,2,00:00:00:00:00:04,0,67359.86,3637432.46,4.55,0.0,0.0,Normal,ALLOW,ddos
1787352109.3004827,2,3,00:00:00:00:00:01,0,67942.0,3668868.0,4.612,0.0,100.4,Normal,ALLOW,ddos
1787352109.3068645,2,1,00:00:00:00:00:03,0,67096.0,3623184.0,4.656,0.0,100.4,Normal,ALLOW,ddos
1787352109.3139267,2,2,00:00:00:00:00:04,0,67942.0,3668868.0,4.898,0.0,100.4,Normal,ALLOW,ddos
1787352110.3029377,2,3,00:00:00:00:00:01,0,58780.06,3174123.23,4.657,0.0,0.0,Normal,ALLOW,ddos
1787352110.3092923,2,1,00:00:00:00:00:03,0,65811.46,3553818.75,4.684,0.0,0.0,Normal,ALLOW,ddos
1787352110.315777,2,2,00:00:00:00:00:04,0,58780.06,3174123.23,4.593,0.0,0.0,Normal,ALLOW,ddos
1787352111.3049233,2,3,00:00:00:00:00:01,0,62129.57,3354996.79,4.802,0.0,0.0,Normal,ALLOW,ddos
1787352111.311541,2,1,00:00:00:00:00:03,0,64211.87,3467440.93,4.796,0.0,0.0,Normal,ALLOW,ddos
1787352111.3183053,2,2,00:00:00:00:00:04,0,62129.57,3354996.79,5.01,0.0,0.0,Normal,ALLOW,ddos
1787352112.303069,2,3,00:00:00:00:00:01,0,67247.0,3631338.0,4.676,0.0,100.2,Normal,ALLOW,ddos
1787352112.3090162,2,1,00:00:00:00:00:03,0,65656.0,3545424.0,4.399,0.0,100.2,Normal,ALLOW,ddos
1787352112.3147895,2,2,00:00:00:00:00:04,0,67247.0,3631338.0,4.263,0.0,100.2,Normal,ALLOW,ddos
1787352113.3067992,2,3,00:00:00:00:00:01,0,64258.3,3469947.98,4.681,0.0,0.0,Normal,ALLOW,ddos
1787352113.3132858,2,1,00:00:00:00:00:03,0,64244.35,3469195.13,4.552,0.0,0.0,Normal,ALLOW,ddos
1787352113.3197863,2,2,00:00:00:00:00:04,0,64258.3,3469947.98,4.432,0.0,0.0,Normal,ALLOW,ddos
1787352114.3154695,2,3,00:00:00:00:00:01,0,67308.04,3634634.23,4.87,0.0,586.5,Normal,ALLOW,ddos
1787352114.3221495,2,1,00:00:00:00:00:03,0,71313.13,3850908.84,4.885,0.0,586.5,Normal,ALLOW,ddos
1787352114.3288033,2,2,00:00:00:00:00:04,0,67309.03,3634687.78,4.676,0.0,586.5,Normal,ALLOW,ddos
1787352115.3123038,2,3,00:00:00:00:00:01,0,65388.0,3530952.0,4.642,0.0,99.4,Normal,ALLOW,ddos
1787352115.3185785,2,1,00:00:00:00:00:03,0,68084.0,3676536.0,4.674,0.0,99.4,Normal,ALLOW,ddos
1787352115.3252108,2,2,00:00:00:00:00:04,0,65388.0,3530952.0,4.842,0.0,99.4,Normal,ALLOW,ddos
1787352116.3094804,2,3,00:00:00:00:00:01,0,70457.0,3804678.0,4.828,0.0,100.4,Normal,ALLOW,ddos
1787352116.3158555,2,1,00:00:00:00:00:03,0,73515.0,3969810.0,4.712,0.0,100.4,Normal,ALLOW,ddos
1787352116.3220735,2,2,00:00:00:00:00:04,0,70456.0,3804624.0,4.566,0.0,100.4,Normal,ALLOW,ddos
1787352117.314912,2,3,00:00:00:00:00:01,0,66980.15,3616928.35,4.822,0.0,0.0,Normal,ALLOW,ddos
1787352117.3213418,2,1,00:00:00:00:00:03,0,69932.76,3776369.2,4.725,0.0,0.0,Normal,ALLOW,ddos
1787352117.327895,2,2,00:00:00:00:00:04,0,66981.15,3616982.05,4.75,0.0,0.0,Normal,ALLOW,ddos
1787352118.317634,2,3,00:00:00:00:00:01,0,66222.16,3575996.81,4.609,0.0,99.7,Normal,ALLOW,ddos
1787352118.3238962,2,1,00:00:00:00:00:03,0,69883.78,3773723.96,4.659,0.0,99.7,Normal,ALLOW,ddos
1787352118.3305109,2,2,00:00:00:00:00:04,0,66221.17,3575942.96,4.578,0.0,99.7,Normal,ALLOW,ddos
1787352119.318532,2,3,00:00:00:00:00:01,0,64141.75,3463654.28,4.465,0.0,100.0,Normal,ALLOW,ddos
1787352119.325271,2,1,00:00:00:00:00:03,0,64219.69,3467863.18,5.108,0.0,100.0,Normal,ALLOW,ddos
1787352119.331964,2,2,00:00:00:00:00:04,0,64141.75,3463654.28,4.661,0.0,100.0,Normal,ALLOW,ddos
1787352120.3310342,2,3,00:00:00:00:00:01,0,62640.9,3382608.78,5.071,0.0,0.0,Normal,ALLOW,ddos
1787352120.337488,2,1,00:00:00:00:00:03,0,63972.51,3454515.57,4.719,0.0,0.0,Normal,ALLOW,ddos
1787352120.3439844,2,2,00:00:00:00:00:04,0,62640.9,3382608.78,4.694,0.0,0.0,Normal,ALLOW,ddos
1787352121.3289468,2,3,00:00:00:00:00:01,0,63613.0,3435102.0,5.548,0.0,0.0,Normal,ALLOW,ddos
1787352121.3398397,2,1,00:00:00:00:00:03,0,64089.0,3460806.0,7.988,0.0,0.0,Normal,ALLOW,ddos
1787352121.350476,2,2,00:00:00:00:00:04,0,63613.0,3435102.0,8.085,0.0,0.0,Normal,ALLOW,ddos
1787352122.3272378,2,3,00:00:00:00:00:01,0,67476.0,3643704.0,4.732,0.0,100.1,Normal,ALLOW,ddos
1787352122.333588,2,1,00:00:00:00:00:03,0,68610.0,3704940.0,4.645,0.0,100.1,Normal,ALLOW,ddos
1787352122.3400857,2,2,00:00:00:00:00:04,0,67476.0,3643704.0,4.831,0.0,100.1,Normal,ALLOW,ddos
1787352123.326153,2,3,00:00:00:00:00:01,0,67727.0,3657258.0,4.68,0.0,100.2,Normal,ALLOW,ddos
1787352123.3323796,2,1,00:00:00:00:00:03,0,65374.0,3530196.0,4.566,0.0,100.2,Normal,ALLOW,ddos
1787352123.3383052,2,2,00:00:00:00:00:04,0,67727.0,3657258.0,4.339,0.0,100.2,Normal,ALLOW,ddos
1787352124.3299317,2,3,00:00:00:00:00:01,0,65382.37,3530648.03,4.839,0.0,0.0,Normal,ALLOW,ddos
1787352124.3363216,2,1,00:00:00:00:00:03,0,69465.28,3751125.28,4.685,0.0,0.0,Normal,ALLOW,ddos
1787352124.3428133,2,2,00:00:00:00:00:04,0,65382.37,3530648.03,4.665,0.0,0.0,Normal,ALLOW,ddos
1787352125.3312478,2,3,00:00:00:00:00:01,0,63365.32,3421727.36,5.072,0.0,100.9,Normal,ALLOW,ddos
1787352125.3375316,2,1,00:00:00:00:00:03,0,70876.26,3827318.18,4.725,0.0,100.9,Normal,ALLOW,ddos
1787352125.3472445,2,2,00:00:00:00:00:04,0,63365.32,3421727.36,7.864,0.0,100.9,Normal,ALLOW,ddos
1787352125.624952,1,1,00:00:00:00:00:01,0,1278.83,69056.66,4.784,0.0,100.1,Normal,ALLOW,ddos
1787352125.6311712,1,3,00:00:00:00:00:04,0,2734.02,147637.14,4.537,0.0,100.1,Normal,ALLOW,ddos
1787352125.6371262,1,1,00:00:00:00:00:01,0,2734.02,147637.14,4.421,0.0,100.1,Normal,ALLOW,ddos
1787352126.3310447,2,3,00:00:00:00:00:01,0,65566.5,3540591.27,4.471,0.0,0.0,Normal,ALLOW,ddos
1787352126.3372538,2,1,00:00:00:00:00:03,0,72514.52,3915783.99,4.533,0.0,0.0,Normal,ALLOW,ddos
1787352126.3435907,2,2,00:00:00:00:00:04,0,65566.5,3540591.27,4.599,0.0,0.0,Normal,ALLOW,ddos
1787352126.406497,1,3,00:00:00:00:00:04,0,67562.0,3648348.0,4.856,0.0,93.7,Normal,ALLOW,ddos
1787352126.41288,1,1,00:00:00:00:00:01,0,67562.0,3648348.0,4.568,0.0,93.7,Normal,ALLOW,ddos
1787352127.3359146,2,3,00:00:00:00:00:01,0,69461.73,3750933.19,4.59,0.0,567.0,Normal,ALLOW,ddos
1787352127.341932,2,1,00:00:00:00:00:03,0,69655.78,3761412.16,4.496,0.0,567.0,Normal,ALLOW,ddos
1787352127.3478122,2,2,00:00:00:00:00:04,0,69461.73,3750933.19,4.367,0.0,567.0,Normal,ALLOW,ddos
1787352127.3605115,1,3,00:00:00:00:00:04,0,66245.0,3577230.0,4.441,0.0,82.0,Normal,ALLOW,ddos
1787352127.3663795,1,1,00:00:00:00:00:01,0,66244.0,3577176.0,4.399,0.0,82.0,Normal,ALLOW,ddos
1787352128.2523506,1,3,00:00:00:00:00:04,0,68588.0,3703752.0,4.545,0.0,99.8,Normal,ALLOW,ddos
1787352128.2587104,1,1,00:00:00:00:00:01,0,68588.0,3703752.0,4.562,0.0,99.8,Normal,ALLOW,ddos
1787352128.3318503,2,3,00:00:00:00:00:01,0,69072.0,3729888.0,4.571,0.0,100.7,Normal,ALLOW,ddos
1787352128.338033,2,1,00:00:00:00:00:03,0,68429.0,3695166.0,4.494,0.0,100.7,Normal,ALLOW,ddos
1787352128.3439631,2,2,00:00:00:00:00:04,0,69073.0,3729942.0,4.378,0.0,100.7,Normal,ALLOW,ddos
1787352129.230245,1,3,00:00:00:00:00:04,0,66049.0,3566646.0,5.001,0.0,100.2,Normal,ALLOW,ddos
1787352129.2364376,1,1,00:00:00:00:00:01,0,66049.0,3566646.0,4.512,0.0,100.2,Normal,ALLOW,ddos
1787352129.3353252,2,3,00:00:00:00:00:01,0,67667.75,3654058.36,4.593,0.0,94.7,Normal,ALLOW,ddos
1787352129.341685,2,1,00:00:00:00:00:03,0,71780.99,3876173.69,4.721,0.0,94.7,Normal,ALLOW,ddos
1787352129.3486326,2,2,00:00:00:00:00:04,0,67666.75,3654004.54,5.182,0.0,94.7,Normal,ALLOW,ddos
1787352130.1402733,1,3,00:00:00:00:00:04,0,63664.0,3437856.0,4.653,0.0,100.8,Normal,ALLOW,ddos
1787352130.1465085,1,1,00:00:00:00:00:01,0,63664.0,3437856.0,4.511,0.0,100.8,Normal,ALLOW,ddos
1787352130.3357916,2,3,00:00:00:00:00:01,0,67575.93,3649100.1,4.737,0.0,97.2,Normal,ALLOW,ddos
1787352130.3428557,2,1,00:00:00:00:00:03,0,70627.25,3813871.71,4.825,0.0,97.2,Normal,ALLOW,ddos
1787352130.349594,2,2,00:00:00:00:00:04,0,67575.93,3649100.1,4.788,0.0,97.2,Normal,ALLOW,ddos
1787352130.9919593,1,3,00:00:00:00:00:04,0,65646.0,3544884.0,4.977,0.0,99.3,Normal,ALLOW,ddos
1787352130.9983613,1,1,00:00:00:00:00:01,0,65646.0,3544884.0,4.616,0.0,99.3,Normal,ALLOW,ddos
1787352131.3375564,2,3,00:00:00:00:00:01,0,66842.78,3609510.24,4.564,0.0,101.1,Normal,ALLOW,ddos
1787352131.3435223,2,1,00:00:00:00:00:03,0,72128.17,3894921.15,4.465,0.0,101.1,Normal,ALLOW,ddos
1787352131.3495138,2,2,00:00:00:00:00:04,0,66842.78,3609510.24,4.437,0.0,101.1,Normal,ALLOW,ddos
1787352131.9735117,1,3,00:00:00:00:00:04,0,69947.0,3777138.0,4.802,0.0,99.0,Normal,ALLOW,ddos
1787352131.9797251,1,1,00:00:00:00:00:01,0,69947.0,3777138.0,4.463,0.0,99.0,Normal,ALLOW,ddos
1787352132.3405964,2,3,00:00:00:00:00:01,0,68027.72,3673496.88,4.801,0.0,100.8,Normal,ALLOW,ddos
1787352132.3470554,2,1,00:00:00:00:00:03,0,73157.28,3950492.95,4.764,0.0,100.8,Normal,ALLOW,ddos
1787352132.3531945,2,2,00:00:00:00:00:04,0,68027.72,3673496.88,4.558,0.0,100.8,Normal,ALLOW,ddos
1787352132.9664795,1,3,00:00:00:00:00:04,0,67950.0,3669300.0,4.543,0.0,100.7,Normal,ALLOW,ddos
1787352132.9729228,1,1,00:00:00:00:00:01,0,67950.0,3669300.0,4.729,0.0,100.7,Normal,ALLOW,ddos
1787352133.3450887,2,3,00:00:00:00:00:01,0,68547.66,3701573.38,4.621,0.0,100.4,Normal,ALLOW,ddos
1787352133.3512495,2,1,00:00:00:00:00:03,0,74500.06,4023003.03,4.574,0.0,100.4,Normal,ALLOW,ddos
1787352133.357183,2,2,00:00:00:00:00:04,0,68547.66,3701573.38,4.411,0.0,100.4,Normal,ALLOW,ddos
1787352133.958798,1,3,00:00:00:00:00:04,0,66988.0,3617352.0,4.689,0.0,99.4,Normal,ALLOW,ddos
1787352133.9648964,1,1,00:00:00:00:00:01,0,66988.0,3617352.0,4.366,0.0,99.4,Normal,ALLOW,ddos
1787352134.3454835,2,3,00:00:00:00:00:01,0,66417.76,3586559.15,4.722,0.0,0.0,Normal,ALLOW,ddos
1787352134.3516834,2,1,00:00:00:00:00:03,0,74958.92,4047781.45,4.6,0.0,0.0,Normal,ALLOW,ddos
1787352134.3578887,2,2,00:00:00:00:00:04,0,66417.76,3586559.15,4.599,0.0,0.0,Normal,ALLOW,ddos
1787352134.9571354,1,3,00:00:00:00:00:04,0,65504.0,3537216.0,4.89,0.0,98.2,Normal,ALLOW,ddos
1787352134.963159,1,1,00:00:00:00:00:01,0,65504.0,3537216.0,4.451,0.0,98.2,Normal,ALLOW,ddos
1787352135.3456304,2,3,00:00:00:00:00:01,0,68687.21,3709109.23,4.608,0.0,0.0,Normal,ALLOW,ddos
1787352135.3517613,2,1,00:00:00:00:00:03,0,72516.61,3915896.74,4.598,0.0,0.0,Normal,ALLOW,ddos
1787352135.3582153,2,2,00:00:00:00:00:04,0,68687.21,3709109.23,4.932,0.0,0.0,Normal,ALLOW,ddos
1787352135.8189414,1,3,00:00:00:00:00:04,0,71390.0,3855060.0,4.489,0.0,101.5,Normal,ALLOW,ddos
1787352135.8252473,1,1,00:00:00:00:00:01,0,71390.0,3855060.0,4.544,0.0,101.5,Normal,ALLOW,ddos
1787352136.3585694,2,3,00:00:00:00:00:01,0,66199.48,3574772.02,5.232,0.0,100.3,Normal,ALLOW,ddos
1787352136.365364,2,1,00:00:00:00:00:03,0,71731.84,3873519.26,4.531,0.0,100.3,Normal,ALLOW,ddos
1787352136.3720255,2,2,00:00:00:00:00:04,0,66199.48,3574772.02,4.657,0.0,100.3,Normal,ALLOW,ddos
1787352136.8818262,1,3,00:00:00:00:00:04,0,66487.08,3590302.51,6.087,0.0,100.0,Normal,ALLOW,ddos
1787352136.8885932,1,1,00:00:00:00:00:01,0,66487.08,3590302.51,4.652,0.0,100.0,Normal,ALLOW,ddos
1787352137.3491929,2,3,00:00:00:00:00:01,0,63551.0,3431754.0,4.613,0.0,0.0,Normal,ALLOW,ddos
1787352137.355399,2,1,00:00:00:00:00:03,0,65018.0,3510972.0,4.513,0.0,0.0,Normal,ALLOW,ddos
1787352137.3618374,2,2,00:00:00:00:00:04,0,63551.0,3431754.0,4.761,0.0,0.0,Normal,ALLOW,ddos
1787352137.884614,1,3,00:00:00:00:00:04,0,67645.67,3652865.99,4.619,0.0,100.9,Normal,ALLOW,ddos
1787352137.891115,1,1,00:00:00:00:00:01,0,67645.67,3652865.99,4.888,0.0,100.9,Normal,ALLOW,ddos
1787352138.3509827,2,3,00:00:00:00:00:01,0,69875.58,3773281.28,4.524,0.0,729.9,Normal,ALLOW,ddos
1787352138.3572936,2,1,00:00:00:00:00:03,0,66944.8,3615019.44,4.724,0.0,729.9,Normal,ALLOW,ddos
1787352138.3639152,2,2,00:00:00:00:00:04,0,69875.58,3773281.28,4.538,0.0,729.9,Normal,ALLOW,ddos
1787352138.5422046,1,3,00:00:00:00:00:04,0,63252.0,3415608.0,4.661,0.0,99.7,Normal,ALLOW,ddos
1787352138.5482848,1,1,00:00:00:00:00:01,0,63252.0,3415608.0,4.544,0.0,99.7,Normal,ALLOW,ddos
1787352139.1206603,1,3,00:00:00:00:00:04,0,72365.0,3907710.0,4.461,0.0,100.2,Normal,ALLOW,ddos
1787352139.1269078,1,1,00:00:00:00:00:01,0,72365.0,3907710.0,4.639,0.0,100.2,Normal,ALLOW,ddos
1787352139.352949,2,3,00:00:00:00:00:01,0,66714.04,3602558.35,4.567,0.0,0.0,Normal,ALLOW,ddos
1787352139.3588119,2,1,00:00:00:00:00:03,0,72733.77,3927623.5,4.358,0.0,0.0,Normal,ALLOW,ddos
1787352139.3646693,2,2,00:00:00:00:00:04,0,66714.04,3602558.35,4.324,0.0,0.0,Normal,ALLOW,ddos
1787352139.5577915,1,3,00:00:00:00:00:04,0,71226.0,3846204.0,4.643,0.0,107.7,Normal,ALLOW,ddos
1787352139.5639405,1,1,00:00:00:00:00:01,0,71226.0,3846204.0,4.554,0.0,107.7,Normal,ALLOW,ddos
1787352140.0272472,1,3,00:00:00:00:00:04,0,67850.0,3663900.0,4.671,0.0,98.0,Normal,ALLOW,ddos
1787352140.0339072,1,1,00:00:00:00:00:01,0,67850.0,3663900.0,4.706,0.0,98.0,Normal,ALLOW,ddos
1787352140.3587291,2,3,00:00:00:00:00:01,0,65432.58,3533359.23,4.903,0.0,99.6,Normal,ALLOW,ddos
1787352140.3652802,2,1,00:00:00:00:00:03,0,70530.92,3808669.87,4.691,0.0,99.6,Normal,ALLOW,ddos
1787352140.3716502,2,2,00:00:00:00:00:04,0,65432.58,3533359.23,4.69,0.0,99.6,Normal,ALLOW,ddos
1787352140.5512357,1,3,00:00:00:00:00:04,0,64638.0,3490452.0,4.56,0.0,98.8,Normal,ALLOW,ddos
1787352140.5572226,1,1,00:00:00:00:00:01,0,64638.0,3490452.0,4.471,0.0,98.8,Normal,ALLOW,ddos
1787352141.1270368,1,3,00:00:00:00:00:04,0,68992.0,3725568.0,4.666,0.0,100.8,Normal,ALLOW,ddos
1787352141.1328688,1,1,00:00:00:00:00:01,0,68992.0,3725568.0,4.299,0.0,100.8,Normal,ALLOW,ddos
1787352141.3682976,2,3,00:00:00:00:00:01,0,66070.38,3567800.64,8.508,0.0,101.8,Normal,ALLOW,ddos
1787352141.3763154,2,1,00:00:00:00:00:03,0,69179.42,3735688.92,5.443,0.0,101.8,Normal,ALLOW,ddos
1787352141.3876383,2,2,00:00:00:00:00:04,0,66070.38,3567800.64,8.584,0.0,101.8,Normal,ALLOW,ddos
1787352141.6829832,1,3,00:00:00:00:00:04,0,68296.0,3687984.0,4.662,0.0,100.9,Normal,ALLOW,ddos
1787352141.6891494,1,1,00:00:00:00:00:01,0,68296.0,3687984.0,4.464,0.0,100.9,Normal,ALLOW,ddos
1787352142.3653646,2,3,00:00:00:00:00:01,0,62645.5,3382857.04,4.746,0.0,0.0,Normal,ALLOW,ddos
1787352142.3717408,2,1,00:00:00:00:00:03,0,63298.85,3418137.78,4.764,0.0,0.0,Normal,ALLOW,ddos
1787352142.3784165,2,2,00:00:00:00:00:04,0,62645.5,3382857.04,4.82,0.0,0.0,Normal,ALLOW,ddos
1787352142.4537284,1,3,00:00:00:00:00:04,0,67699.0,3655746.0,4.715,0.0,101.9,Normal,ALLOW,ddos
1787352142.4600255,1,1,00:00:00:00:00:01,0,67699.0,3655746.0,4.629,0.0,101.9,Normal,ALLOW,ddos
1787352143.3662581,2,3,00:00:00:00:00:01,0,66355.44,3583193.55,4.708,0.0,0.0,Normal,ALLOW,ddos
1787352143.3726673,2,1,00:00:00:00:00:03,0,65162.85,3518793.8,4.826,0.0,0.0,Normal,ALLOW,ddos
1787352143.3791132,2,2,00:00:00:00:00:04,0,66355.44,3583193.55,4.454,0.0,0.0,Normal,ALLOW,ddos
1787352143.5441933,1,3,00:00:00:00:00:04,0,60524.15,3268303.84,4.851,0.0,101.5,Normal,ALLOW,ddos
1787352143.5506716,1,1,00:00:00:00:00:01,0,60524.15,3268303.84,4.635,0.0,101.5,Normal,ALLOW,ddos
1787352144.3651464,2,3,00:00:00:00:00:01,0,59627.0,3219858.0,4.419,0.0,99.8,Normal,ALLOW,ddos
1787352144.371591,2,1,00:00:00:00:00:03,0,65207.0,3521178.0,4.602,0.0,99.8,Normal,ALLOW,ddos
1787352144.3779955,2,2,00:00:00:00:00:04,0,59627.0,3219858.0,4.515,0.0,99.8,Normal,ALLOW,ddos
1787352144.4209168,1,3,00:00:00:00:00:04,0,112624.0,6081696.0,4.69,0.0,85.6,Normal,ALLOW,ddos
1787352144.428483,1,1,00:00:00:00:00:01,0,112624.0,6081696.0,5.392,0.0,85.6,Normal,ALLOW,ddos
1787352145.887883,2,3,00:00:00:00:00:01,0,41758.22,2254943.96,4.673,0.0,98.4,Normal,ALLOW,ddos
1787352145.894228,2,1,00:00:00:00:00:03,0,44486.22,2402256.14,4.678,0.0,98.4,Normal,ALLOW,ddos
1787352145.9006073,2,2,00:00:00:00:00:04,0,41758.22,2254943.96,4.556,0.0,98.4,Normal,ALLOW,ddos
1787352146.1588151,1,3,00:00:00:00:00:04,0,37969.19,2050336.21,4.912,0.0,99.7,Normal,ALLOW,ddos
1787352146.165242,1,1,00:00:00:00:00:01,0,37969.19,2050336.21,4.513,0.0,99.7,Normal,ALLOW,ddos
1787352146.1712635,1,3,00:00:00:00:00:03,0,39174.25,2115409.47,4.458,0.0,99.7,Normal,ALLOW,ddos
1787352146.3711264,2,3,00:00:00:00:00:01,0,68024.0,3673296.0,4.48,0.0,103.4,Normal,ALLOW,ddos
1787352146.3776333,2,1,00:00:00:00:00:03,0,70243.0,3793122.0,4.656,0.0,103.4,Normal,ALLOW,ddos
1787352146.3839517,2,2,00:00:00:00:00:04,0,68024.0,3673296.0,4.476,0.0,103.4,Normal,ALLOW,ddos
1787352146.3901505,2,3,00:00:00:00:00:01,0,71260.0,3848040.0,4.552,0.0,103.4,Normal,ALLOW,ddos
1787352147.0110633,1,3,00:00:00:00:00:04,0,65377.0,3530358.0,4.66,0.0,97.9,Normal,ALLOW,ddos
1787352147.0174303,1,1,00:00:00:00:00:01,0,65377.0,3530358.0,4.591,0.0,97.9,Normal,ALLOW,ddos
1787352147.023565,1,3,00:00:00:00:00:03,0,70180.0,3789720.0,4.539,0.0,97.9,Normal,ALLOW,ddos
1787352147.3730392,2,3,00:00:00:00:00:01,0,68961.13,3723901.09,4.964,0.0,102.3,Normal,ALLOW,ddos
1787352147.3815827,2,1,00:00:00:00:00:03,0,71045.6,3836462.2,6.013,0.0,102.3,Normal,ALLOW,ddos
1787352147.388317,2,2,00:00:00:00:00:04,0,68961.13,3723901.09,4.891,0.0,102.3,Normal,ALLOW,ddos
1787352147.394732,2,3,00:00:00:00:00:01,0,72348.01,3906792.66,4.671,0.0,102.3,Normal,ALLOW,ddos
1787352148.0413404,1,3,00:00:00:00:00:04,0,62119.76,3354466.93,5.109,0.0,98.7,Normal,ALLOW,ddos
1787352148.048063,1,1,00:00:00:00:00:01,0,62119.76,3354466.93,4.709,0.0,98.7,Normal,ALLOW,ddos
1787352148.0544438,1,3,00:00:00:00:00:03,0,66049.69,3566683.39,4.634,0.0,98.7,Normal,ALLOW,ddos
1787352148.371898,2,3,00:00:00:00:00:01,0,67911.0,3667194.0,4.369,0.0,102.6,Normal,ALLOW,ddos
1787352148.3779109,2,1,00:00:00:00:00:03,0,68206.0,3683124.0,4.432,0.0,102.6,Normal,ALLOW,ddos
1787352148.3841233,2,2,00:00:00:00:00:04,0,67911.0,3667194.0,4.304,0.0,102.6,Normal,ALLOW,ddos
1787352148.3899632,2,3,00:00:00:00:00:01,0,69512.0,3753648.0,4.282,0.0,102.6,Normal,ALLOW,ddos
1787352148.9648077,1,3,00:00:00:00:00:04,0,61659.0,3329586.0,4.476,0.0,100.5,Normal,ALLOW,ddos
1787352148.9717267,1,1,00:00:00:00:00:01,0,61660.0,3329640.0,4.508,0.0,100.5,Normal,ALLOW,ddos
1787352148.978193,1,3,00:00:00:00:00:03,0,63185.0,3411990.0,4.637,0.0,100.5,Normal,ALLOW,ddos
1787352149.3750365,2,3,00:00:00:00:00:01,0,51022.3,2755204.36,4.589,0.0,0.0,Normal,ALLOW,ddos
1787352149.3814197,2,1,00:00:00:00:00:03,0,67607.14,3650785.71,4.448,0.0,0.0,Normal,ALLOW,ddos
1787352149.3872664,2,2,00:00:00:00:00:04,0,83993.64,4535656.68,4.252,0.0,0.0,Normal,ALLOW,ddos
1787352149.3935444,2,3,00:00:00:00:00:01,0,68883.9,3719730.4,4.654,0.0,0.0,Normal,ALLOW,ddos
1787352149.814155,1,3,00:00:00:00:00:04,0,61429.0,3317166.0,4.635,0.0,100.3,Normal,ALLOW,ddos
1787352149.8204172,1,1,00:00:00:00:00:01,0,61428.0,3317112.0,4.552,0.0,100.3,Normal,ALLOW,ddos
1787352149.8267233,1,3,00:00:00:00:00:03,0,64728.0,3495312.0,4.655,0.0,100.3,Normal,ALLOW,ddos
1787352150.377495,2,1,00:00:00:00:00:03,0,69791.88,3768761.41,4.627,0.0,690.3,Normal,ALLOW,ddos
1787352150.3838046,2,2,00:00:00:00:00:04,0,116364.36,6283675.46,4.461,0.0,690.3,Normal,ALLOW,ddos
1787352150.389908,2,3,00:00:00:00:00:01,0,71126.8,3840846.99,4.45,0.0,690.3,Normal,ALLOW,ddos
1787352150.9170964,1,3,00:00:00:00:00:04,0,58067.9,3135666.38,4.463,0.0,98.3,Normal,ALLOW,ddos
1787352150.9228573,1,1,00:00:00:00:00:01,0,58067.9,3135666.38,4.297,0.0,98.3,Normal,ALLOW,ddos
1787352150.928885,1,3,00:00:00:00:00:03,0,60665.76,3275950.96,4.429,0.0,98.3,Normal,ALLOW,ddos
1787352151.382951,2,1,00:00:00:00:00:03,0,66495.82,3590774.37,4.651,0.0,0.0,Normal,ALLOW,ddos
1787352151.389091,2,2,00:00:00:00:00:04,0,120002.24,6480121.12,4.573,0.0,0.0,Normal,ALLOW,ddos
1787352151.3955295,2,3,00:00:00:00:00:01,0,67812.87,3661894.76,4.61,0.0,0.0,Normal,ALLOW,ddos
1787352151.994797,1,3,00:00:00:00:00:04,0,60544.24,3269388.75,7.847,0.0,100.4,Normal,ALLOW,ddos
1787352152.004572,1,1,00:00:00:00:00:01,0,60544.24,3269388.75,7.232,0.0,100.4,Normal,ALLOW,ddos
1787352152.011374,1,3,00:00:00:00:00:03,0,63810.93,3445790.28,4.647,0.0,100.4,Normal,ALLOW,ddos
1787352152.3809667,2,1,00:00:00:00:00:03,0,67731.0,3657474.0,4.763,0.0,0.0,Normal,ALLOW,ddos
1787352152.3871956,2,2,00:00:00:00:00:04,0,114585.0,6187590.0,4.542,0.0,0.0,Normal,ALLOW,ddos
1787352152.3936121,2,3,00:00:00:00:00:01,0,68995.0,3725730.0,4.786,0.0,0.0,Normal,ALLOW,ddos
1787352153.0473244,1,3,00:00:00:00:00:04,0,64612.9,3489096.61,5.792,0.0,99.3,Normal,ALLOW,ddos
1787352153.0535102,1,1,00:00:00:00:00:01,0,64612.9,3489096.61,4.428,0.0,99.3,Normal,ALLOW,ddos
1787352153.060872,1,3,00:00:00:00:00:03,0,66301.4,3580275.36,5.757,0.0,99.3,Normal,ALLOW,ddos
1787352153.38229,2,1,00:00:00:00:00:03,0,67169.91,3627175.31,4.747,0.0,98.1,Normal,ALLOW,ddos
1787352153.3883505,2,2,00:00:00:00:00:04,0,118509.11,6399491.88,4.516,0.0,98.1,Normal,ALLOW,ddos
1787352153.394782,2,3,00:00:00:00:00:01,0,68401.65,3693688.9,4.863,0.0,98.1,Normal,ALLOW,ddos
1787352154.061671,1,3,00:00:00:00:00:04,0,66570.31,3594796.95,4.891,0.0,100.2,Normal,ALLOW,ddos
1787352154.0681136,1,1,00:00:00:00:00:01,0,66570.31,3594796.95,4.518,0.0,100.2,Normal,ALLOW,ddos
1787352154.0745277,1,3,00:00:00:00:00:03,0,67570.88,3648827.65,4.664,0.0,100.2,Normal,ALLOW,ddos
1787352154.3853092,2,1,00:00:00:00:00:03,0,67281.94,3633224.65,4.625,0.0,0.0,Normal,ALLOW,ddos
1787352154.392579,2,2,00:00:00:00:00:04,0,119348.97,6444844.47,5.62,0.0,0.0,Normal,ALLOW,ddos
1787352154.3990622,2,3,00:00:00:00:00:01,0,68547.27,3701552.73,4.596,0.0,0.0,Normal,ALLOW,ddos
1787352154.9355698,1,3,00:00:00:00:00:04,0,67942.0,3668868.0,4.989,0.0,101.9,Normal,ALLOW,ddos
1787352154.9419622,1,1,00:00:00:00:00:01,0,67942.0,3668868.0,4.829,0.0,101.9,Normal,ALLOW,ddos
1787352154.9486728,1,3,00:00:00:00:00:03,0,67096.0,3623184.0,4.68,0.0,101.9,Normal,ALLOW,ddos
1787352155.3883648,2,1,00:00:00:00:00:03,0,67987.95,3671349.43,4.71,0.0,0.0,Normal,ALLOW,ddos
1787352155.3951263,2,2,00:00:00:00:00:04,0,116463.6,6289034.66,4.993,0.0,0.0,Normal,ALLOW,ddos
1787352155.401646,2,3,00:00:00:00:00:01,0,69294.09,3741880.86,4.525,0.0,0.0,Normal,ALLOW,ddos
1787352155.976269,1,3,00:00:00:00:00:04,0,56655.91,3059418.99,4.939,0.0,98.8,Normal,ALLOW,ddos
1787352155.9829543,1,1,00:00:00:00:00:01,0,56655.91,3059418.99,4.652,0.0,98.8,Normal,ALLOW,ddos
1787352155.9893136,1,3,00:00:00:00:00:03,0,63434.17,3425445.22,4.616,0.0,98.8,Normal,ALLOW,ddos
1787352156.39091,2,1,00:00:00:00:00:03,0,66002.69,3564145.27,4.859,0.0,665.0,Normal,ALLOW,ddos
1787352156.3976786,2,2,00:00:00:00:00:04,0,118781.3,6414190.06,4.817,0.0,665.0,Normal,ALLOW,ddos
1787352156.4039996,2,3,00:00:00:00:00:01,0,67180.94,3627770.52,4.53,0.0,665.0,Normal,ALLOW,ddos
1787352157.0598745,1,3,00:00:00:00:00:04,0,57435.92,3101539.53,4.859,0.0,98.7,Normal,ALLOW,ddos
1787352157.06663,1,1,00:00:00:00:00:01,0,57435.92,3101539.53,4.667,0.0,98.7,Normal,ALLOW,ddos
1787352157.0729494,1,3,00:00:00:00:00:03,0,59359.98,3205439.11,4.474,0.0,98.7,Normal,ALLOW,ddos
1787352157.3907278,2,1,00:00:00:00:00:03,0,66449.0,3588246.0,4.805,0.0,96.8,Normal,ALLOW,ddos
1787352157.397376,2,2,00:00:00:00:00:04,0,121099.0,6539346.0,4.652,0.0,96.8,Normal,ALLOW,ddos
1787352157.4037604,2,3,00:00:00:00:00:01,0,67714.0,3656556.0,4.598,0.0,96.8,Normal,ALLOW,ddos
1787352158.0712676,1,3,00:00:00:00:00:04,0,66503.12,3591168.46,4.62,0.0,98.6,Normal,ALLOW,ddos
1787352158.0776372,1,1,00:00:00:00:00:01,0,66503.12,3591168.46,4.754,0.0,98.6,Normal,ALLOW,ddos
1787352158.0840132,1,3,00:00:00:00:00:03,0,64929.72,3506204.83,4.465,0.0,98.6,Normal,ALLOW,ddos
1787352158.3935897,2,1,00:00:00:00:00:03,0,65536.98,3538996.99,4.808,0.0,99.2,Normal,ALLOW,ddos
1787352158.3998442,2,2,00:00:00:00:00:04,0,118813.5,6415929.21,4.446,0.0,99.2,Normal,ALLOW,ddos
1787352158.4058611,2,3,00:00:00:00:00:01,0,66906.68,3612960.48,4.474,0.0,99.2,Normal,ALLOW,ddos
1787352159.1046298,1,3,00:00:00:00:00:04,0,62416.71,3370502.45,4.65,0.0,101.3,Normal,ALLOW,ddos
1787352159.1114788,1,1,00:00:00:00:00:01,0,62417.68,3370554.69,5.061,0.0,101.3,Normal,ALLOW,ddos
1787352159.1178882,1,3,00:00:00:00:00:03,0,62404.14,3369823.41,4.544,0.0,101.3,Normal,ALLOW,ddos
1787352159.3982868,2,1,00:00:00:00:00:03,0,66262.38,3578168.45,5.535,0.0,99.3,Normal,ALLOW,ddos
1787352159.4047277,2,2,00:00:00:00:00:04,0,112848.3,6093808.24,4.684,0.0,99.3,Normal,ALLOW,ddos
1787352159.4416728,2,3,00:00:00:00:00:01,0,67623.05,3651644.89,5.018,0.0,99.3,Normal,ALLOW,ddos
1787352160.20156,1,3,00:00:00:00:00:04,0,61889.14,3342013.75,4.89,0.0,101.1,Normal,ALLOW,ddos
1787352160.2081447,1,1,00:00:00:00:00:01,0,61887.32,3341915.28,4.617,0.0,101.1,Normal,ALLOW,ddos
1787352160.214819,1,3,00:00:00:00:00:03,0,65569.91,3540774.92,4.582,0.0,101.1,Normal,ALLOW,ddos
1787352160.397406,2,1,00:00:00:00:00:03,0,68515.86,3699856.19,4.644,0.0,97.1,Normal,ALLOW,ddos
1787352160.4041915,2,2,00:00:00:00:00:04,0,120274.82,6494840.11,4.848,0.0,97.1,Normal,ALLOW,ddos
1787352160.410782,2,3,00:00:00:00:00:01,0,69710.28,3764354.99,4.736,0.0,97.1,Normal,ALLOW,ddos
1787352161.2009368,1,3,00:00:00:00:00:04,0,65388.0,3530952.0,7.605,0.0,100.2,Normal,ALLOW,ddos
1787352161.2083895,1,1,00:00:00:00:00:01,0,65389.0,3531006.0,5.108,0.0,100.2,Normal,ALLOW,ddos
1787352161.2147155,1,3,00:00:00:00:00:03,0,68084.0,3676536.0,4.443,0.0,100.2,Normal,ALLOW,ddos
1787352161.398571,2,1,00:00:00:00:00:03,0,69388.97,3747004.23,4.485,0.0,0.0,Normal,ALLOW,ddos
1787352161.4044743,2,2,00:00:00:00:00:04,0,121481.35,6559992.77,4.377,0.0,0.0,Normal,ALLOW,ddos
1787352161.4110005,2,3,00:00:00:00:00:01,0,71073.81,3837985.73,4.948,0.0,0.0,Normal,ALLOW,ddos
1787352162.339081,1,3,00:00:00:00:00:04,0,61677.14,3330565.75,4.469,0.0,100.0,Normal,ALLOW,ddos
1787352162.3453367,1,1,00:00:00:00:00:01,0,61677.14,3330565.75,4.589,0.0,100.0,Normal,ALLOW,ddos
1787352162.3515234,1,3,00:00:00:00:00:03,0,64354.99,3475169.48,4.463,0.0,100.0,Normal,ALLOW,ddos
1787352162.3575106,1,2,00:00:00:00:00:02,0,68167.35,3681037.17,4.44,0.0,100.0,Normal,ALLOW,ddos
1787352162.401254,2,1,00:00:00:00:00:03,0,70287.27,3795512.35,4.482,0.0,0.0,Normal,ALLOW,ddos
1787352162.407229,2,2,00:00:00:00:00:04,0,123465.8,6667153.21,4.419,0.0,0.0,Normal,ALLOW,ddos
1787352162.4137836,2,3,00:00:00:00:00:01,0,72292.14,3903775.59,4.47,0.0,0.0,Normal,ALLOW,ddos
1787352163.1383502,1,3,00:00:00:00:00:04,0,67353.0,3637062.0,4.442,0.0,100.5,Normal,ALLOW,ddos
1787352163.1445634,1,1,00:00:00:00:00:01,0,67353.0,3637062.0,4.6,0.0,100.5,Normal,ALLOW,ddos
1787352163.1507466,1,3,00:00:00:00:00:03,0,70321.0,3797334.0,4.359,0.0,100.5,Normal,ALLOW,ddos
1787352163.1567137,1,2,00:00:00:00:00:02,0,74155.0,4004370.0,4.413,0.0,100.5,Normal,ALLOW,ddos
1787352163.4017165,2,1,00:00:00:00:00:03,0,68962.72,3723987.03,4.573,0.0,0.0,Normal,ALLOW,ddos
1787352163.4078603,2,2,00:00:00:00:00:04,0,125460.38,6774860.3,4.582,0.0,0.0,Normal,ALLOW,ddos
1787352163.4142022,2,3,00:00:00:00:00:01,0,70965.93,3832160.24,4.435,0.0,0.0,Normal,ALLOW,ddos
1787352164.123681,1,3,00:00:00:00:00:04,0,66409.0,3586086.0,4.59,0.0,101.2,Normal,ALLOW,ddos
1787352164.1305177,1,1,00:00:00:00:00:01,0,66409.0,3586086.0,4.484,0.0,101.2,Normal,ALLOW,ddos
1787352164.1364439,1,3,00:00:00:00:00:03,0,70082.0,3784428.0,4.364,0.0,101.2,Normal,ALLOW,ddos
1787352164.1424255,1,2,00:00:00:00:00:02,0,75901.0,4098654.0,4.453,0.0,101.2,Normal,ALLOW,ddos
1787352164.4188757,2,1,00:00:00:00:00:03,0,69711.46,3764418.81,7.91,0.0,671.3,Normal,ALLOW,ddos
1787352164.429293,2,2,00:00:00:00:00:04,0,119424.95,6448947.4,7.898,0.0,671.3,Normal,ALLOW,ddos
1787352164.439716,2,3,00:00:00:00:00:01,0,71525.42,3862372.51,7.729,0.0,671.3,Normal,ALLOW,ddos
1787352165.1732476,1,3,00:00:00:00:00:04,0,61161.44,3302717.58,4.546,0.0,100.2,Normal,ALLOW,ddos
1787352165.179819,1,1,00:00:00:00:00:01,0,61161.44,3302717.58,4.688,0.0,100.2,Normal,ALLOW,ddos
1787352165.186134,1,3,00:00:00:00:00:03,0,61235.76,3306730.92,4.485,0.0,100.2,Normal,ALLOW,ddos
1787352165.1925893,1,2,00:00:00:00:00:02,0,65614.03,3543157.52,4.797,0.0,100.2,Normal,ALLOW,ddos
1787352165.4083784,2,1,00:00:00:00:00:03,0,67727.0,3657258.0,4.816,0.0,0.0,Normal,ALLOW,ddos
1787352165.4146197,2,2,00:00:00:00:00:04,0,119138.0,6433452.0,4.356,0.0,0.0,Normal,ALLOW,ddos
1787352165.4203947,2,3,00:00:00:00:00:01,0,69481.0,3751974.0,4.262,0.0,0.0,Normal,ALLOW,ddos
1787352166.1893697,1,3,00:00:00:00:00:04,0,62357.44,3367301.59,4.625,0.0,99.9,Normal,ALLOW,ddos
1787352166.1969178,1,1,00:00:00:00:00:01,0,62357.44,3367301.59,5.528,0.0,99.9,Normal,ALLOW,ddos
1787352166.2031865,1,2,00:00:00:00:00:02,0,70456.57,3804654.9,4.522,0.0,99.9,Normal,ALLOW,ddos
1787352166.2103813,1,3,00:00:00:00:00:03,0,63683.02,3438882.99,5.609,0.0,99.9,Normal,ALLOW,ddos
1787352166.4059694,2,1,00:00:00:00:00:03,0,70892.0,3828168.0,4.432,0.0,0.0,Normal,ALLOW,ddos
1787352166.4122381,2,2,00:00:00:00:00:04,0,122129.0,6594966.0,4.674,0.0,0.0,Normal,ALLOW,ddos
1787352166.4182885,2,3,00:00:00:00:00:01,0,72659.0,3923586.0,4.329,0.0,0.0,Normal,ALLOW,ddos
1787352166.954453,1,3,00:00:00:00:00:04,0,63613.0,3435102.0,4.603,0.0,100.4,Normal,ALLOW,ddos
1787352166.9607372,1,1,00:00:00:00:00:01,0,63614.0,3435156.0,4.67,0.0,100.4,Normal,ALLOW,ddos
1787352166.9670646,1,2,00:00:00:00:00:02,0,66877.0,3611358.0,4.467,0.0,100.4,Normal,ALLOW,ddos
1787352166.9731622,1,3,00:00:00:00:00:03,0,64089.0,3460806.0,4.525,0.0,100.4,Normal,ALLOW,ddos
1787352167.4075077,2,1,00:00:00:00:00:03,0,68606.53,3704752.72,4.616,0.0,99.3,Normal,ALLOW,ddos
1787352167.4138784,2,2,00:00:00:00:00:04,0,125970.84,6802425.46,4.468,0.0,99.3,Normal,ALLOW,ddos
1787352167.4199152,2,3,00:00:00:00:00:01,0,70384.3,3800752.29,4.383,0.0,99.3,Normal,ALLOW,ddos
1787352167.9308233,1,3,00:00:00:00:00:04,0,67476.0,3643704.0,4.538,0.0,99.4,Normal,ALLOW,ddos
1787352167.9373667,1,1,00:00:00:00:00:01,0,67475.0,3643650.0,4.901,0.0,99.4,Normal,ALLOW,ddos
1787352167.9437354,1,2,00:00:00:00:00:02,0,71642.0,3868668.0,4.719,0.0,99.4,Normal,ALLOW,ddos
1787352167.9502487,1,3,00:00:00:00:00:03,0,68610.0,3704940.0,4.593,0.0,99.4,Normal,ALLOW,ddos
1787352168.4090858,2,1,00:00:00:00:00:03,0,67967.33,3670235.81,4.642,0.0,0.0,Normal,ALLOW,ddos
1787352168.4154484,2,2,00:00:00:00:00:04,0,121026.64,6535438.39,4.539,0.0,0.0,Normal,ALLOW,ddos
1787352168.4213843,2,3,00:00:00:00:00:01,0,69979.28,3778881.34,4.388,0.0,0.0,Normal,ALLOW,ddos
1787352168.9873464,1,3,00:00:00:00:00:04,0,64083.94,3460532.65,4.574,0.0,100.3,Normal,ALLOW,ddos
1787352168.9937491,1,1,00:00:00:00:00:01,0,64083.94,3460532.65,4.851,0.0,100.3,Normal,ALLOW,ddos
1787352169.0001357,1,3,00:00:00:00:00:03,0,61857.51,3340305.36,4.532,0.0,100.3,Normal,ALLOW,ddos
1787352169.006017,1,2,00:00:00:00:00:02,0,69963.68,3778038.95,4.381,0.0,100.3,Normal,ALLOW,ddos
1787352169.4085908,2,1,00:00:00:00:00:03,0,67724.0,3657096.0,4.71,0.0,0.0,Normal,ALLOW,ddos
1787352169.414802,2,2,00:00:00:00:00:04,0,121703.0,6571962.0,4.397,0.0,0.0,Normal,ALLOW,ddos
1787352169.4206364,2,3,00:00:00:00:00:01,0,69476.0,3751704.0,4.297,0.0,0.0,Normal,ALLOW,ddos
1787352169.9865296,1,3,00:00:00:00:00:04,0,65640.0,3544560.0,4.917,0.0,100.5,Normal,ALLOW,ddos
1787352169.9934213,1,1,00:00:00:00:00:01,0,65640.0,3544560.0,5.156,0.0,100.5,Normal,ALLOW,ddos
1787352170.0000288,1,2,00:00:00:00:00:02,0,74391.0,4017114.0,4.705,0.0,100.5,Normal,ALLOW,ddos
1787352170.0063083,1,3,00:00:00:00:00:03,0,69739.0,3765906.0,4.658,0.0,100.5,Normal,ALLOW,ddos
1787352170.4107423,2,1,00:00:00:00:00:03,0,68842.83,3717513.09,4.63,0.0,0.0,Normal,ALLOW,ddos
1787352170.4168127,2,2,00:00:00:00:00:04,0,123877.59,6689389.78,4.268,0.0,0.0,Normal,ALLOW,ddos
1787352170.4224944,2,3,00:00:00:00:00:01,0,70812.57,3823878.62,4.199,0.0,0.0,Normal,ALLOW,ddos
1787352170.951152,1,3,00:00:00:00:00:04,0,63408.0,3424032.0,4.725,0.0,101.9,Normal,ALLOW,ddos
1787352170.957286,1,1,00:00:00:00:00:01,0,63408.0,3424032.0,4.552,0.0,101.9,Normal,ALLOW,ddos
1787352170.964161,1,2,00:00:00:00:00:02,0,72722.0,3926988.0,4.761,0.0,101.9,Normal,ALLOW,ddos
1787352170.9703894,1,3,00:00:00:00:00:03,0,70924.0,3829896.0,4.398,0.0,101.9,Normal,ALLOW,ddos
1787352171.4138281,2,1,00:00:00:00:00:03,0,71577.28,3865172.87,5.016,0.0,0.0,Normal,ALLOW,ddos
1787352171.4200292,2,2,00:00:00:00:00:04,0,116143.67,6271758.43,4.547,0.0,0.0,Normal,ALLOW,ddos
1787352171.42761,2,3,00:00:00:00:00:01,0,73487.31,3968314.56,5.976,0.0,0.0,Normal,ALLOW,ddos
1787352171.7852223,1,3,00:00:00:00:00:04,0,65624.0,3543696.0,4.556,0.0,102.2,Normal,ALLOW,ddos
1787352171.7915704,1,1,00:00:00:00:00:01,0,65624.0,3543696.0,4.724,0.0,102.2,Normal,ALLOW,ddos
1787352171.7978804,1,3,00:00:00:00:00:03,0,72577.0,3919158.0,4.495,0.0,102.2,Normal,ALLOW,ddos
1787352171.8038704,1,2,00:00:00:00:00:02,0,74086.0,4000644.0,4.393,0.0,102.2,Normal,ALLOW,ddos
1787352172.4118476,2,1,00:00:00:00:00:03,0,67896.0,3666384.0,4.817,0.0,99.0,Normal,ALLOW,ddos
1787352172.4179919,2,2,00:00:00:00:00:04,0,121867.0,6580818.0,4.41,0.0,99.0,Normal,ALLOW,ddos
1787352172.424095,2,3,00:00:00:00:00:01,0,69803.0,3769362.0,4.519,0.0,99.0,Normal,ALLOW,ddos
1787352172.9006734,1,3,00:00:00:00:00:04,0,62264.7,3362293.73,4.601,0.0,102.4,Normal,ALLOW,ddos
1787352172.9065514,1,1,00:00:00:00:00:01,0,62265.6,3362342.14,4.376,0.0,102.4,Normal,ALLOW,ddos
1787352172.9128072,1,3,00:00:00:00:00:03,0,62384.81,3368779.98,4.441,0.0,102.4,Normal,ALLOW,ddos
1787352172.9188552,1,2,00:00:00:00:00:02,0,69776.41,3767925.9,4.375,0.0,102.4,Normal,ALLOW,ddos
1787352173.4165335,2,1,00:00:00:00:00:03,0,72052.77,3890849.64,4.558,0.0,98.9,Normal,ALLOW,ddos
1787352173.4226289,2,2,00:00:00:00:00:04,0,118527.93,6400508.39,4.548,0.0,98.9,Normal,ALLOW,ddos
1787352173.428919,2,3,00:00:00:00:00:01,0,73911.66,3991229.54,4.537,0.0,98.9,Normal,ALLOW,ddos
1787352173.8674972,1,3,00:00:00:00:00:04,0,69410.0,3748140.0,4.374,0.0,97.5,Normal,ALLOW,ddos
1787352173.8737047,1,1,00:00:00:00:00:01,0,69409.0,3748086.0,4.689,0.0,97.5,Normal,ALLOW,ddos
1787352173.879897,1,3,00:00:00:00:00:03,0,68828.0,3716712.0,4.363,0.0,97.5,Normal,ALLOW,ddos
1787352173.8859384,1,2,00:00:00:00:00:02,0,76611.0,4136994.0,4.353,0.0,97.5,Normal,ALLOW,ddos
1787352174.4183102,2,1,00:00:00:00:00:03,0,68240.37,3684980.03,4.573,0.0,0.0,Normal,ALLOW,ddos
1787352174.4245322,2,2,00:00:00:00:00:04,0,119465.8,6451152.95,4.63,0.0,0.0,Normal,ALLOW,ddos
1787352174.431094,2,3,00:00:00:00:00:01,0,70046.23,3782496.2,4.67,0.0,0.0,Normal,ALLOW,ddos
1787352174.845188,1,3,00:00:00:00:00:04,0,67893.0,3666222.0,4.682,0.0,100.9,Normal,ALLOW,ddos
1787352174.8513641,1,1,00:00:00:00:00:01,0,67894.0,3666276.0,4.488,0.0,100.9,Normal,ALLOW,ddos
1787352174.8573184,1,3,00:00:00:00:00:03,0,72022.0,3889188.0,4.417,0.0,100.9,Normal,ALLOW,ddos
1787352174.8637173,1,2,00:00:00:00:00:02,0,75138.0,4057452.0,4.572,0.0,100.9,Normal,ALLOW,ddos
1787352175.4187858,2,1,00:00:00:00:00:03,0,70627.0,3813858.0,4.622,0.0,99.3,Normal,ALLOW,ddos
1787352175.4249837,2,2,00:00:00:00:00:04,0,122596.0,6620184.0,4.636,0.0,99.3,Normal,ALLOW,ddos
1787352175.4312012,2,3,00:00:00:00:00:01,0,72526.0,3916404.0,4.422,0.0,99.3,Normal,ALLOW,ddos
1787352175.742494,1,3,00:00:00:00:00:04,0,67613.0,3651102.0,4.825,0.0,98.9,Normal,ALLOW,ddos
1787352175.7487729,1,1,00:00:00:00:00:01,0,67612.0,3651048.0,4.452,0.0,98.9,Normal,ALLOW,ddos
1787352175.7546568,1,3,00:00:00:00:00:03,0,70665.0,3815910.0,4.373,0.0,98.9,Normal,ALLOW,ddos
1787352175.7613332,1,2,00:00:00:00:00:02,0,75671.0,4086234.0,5.129,0.0,98.9,Normal,ALLOW,ddos
1787352177.6190448,1,3,00:00:00:00:00:04,0,35685.75,1927030.5,4.544,0.0,102.5,Normal,ALLOW,ddos
1787352177.6263556,1,1,00:00:00:00:00:01,0,35685.75,1927030.5,5.619,0.0,102.5,Normal,ALLOW,ddos
1787352177.6327183,1,2,00:00:00:00:00:02,0,40965.32,2212127.55,4.466,0.0,102.5,Normal,ALLOW,ddos
1787352177.6385715,1,3,00:00:00:00:00:03,0,38507.49,2079404.5,4.344,0.0,102.5,Normal,ALLOW,ddos
1787352179.4442902,2,2,00:00:00:00:00:04,0,30714.83,1658600.96,4.766,0.0,75.8,Normal,ALLOW,ddos
1787352179.450703,2,3,00:00:00:00:00:01,0,17534.72,946875.0,4.538,0.0,75.8,Normal,ALLOW,ddos
1787352179.4579258,2,2,00:00:00:00:00:04,0,124266.0,6710364.0,4.515,0.0,68.0,Normal,ALLOW,ddos
1787352179.4644816,2,3,00:00:00:00:00:01,0,75037.0,4051998.0,4.557,0.0,68.0,Normal,ALLOW,ddos
1787352179.4705338,2,1,00:00:00:00:00:03,0,72004.0,3888216.0,4.482,0.0,68.0,Normal,ALLOW,ddos
1787352179.478122,2,2,00:00:00:00:00:04,0,121809.0,6577686.0,4.882,0.0,100.9,Normal,ALLOW,ddos
1787352179.4844227,2,3,00:00:00:00:00:01,0,72697.0,3925638.0,4.491,0.0,100.9,Normal,ALLOW,ddos
1787352179.4905186,2,1,00:00:00:00:00:03,0,69834.0,3771036.0,4.565,0.0,100.9,Normal,ALLOW,ddos
1787352179.4984004,2,2,00:00:00:00:00:04,0,120697.0,6517638.0,4.673,0.0,100.0,Normal,ALLOW,ddos
1787352179.5043762,2,3,00:00:00:00:00:01,0,71719.0,3872826.0,4.441,0.0,100.0,Normal,ALLOW,ddos
1787352179.5105672,2,1,00:00:00:00:00:03,0,68668.0,3708072.0,4.611,0.0,100.0,Normal,ALLOW,ddos
1787352179.577194,1,3,00:00:00:00:00:04,0,34839.15,1881313.87,4.826,0.0,101.7,Normal,ALLOW,ddos
1787352179.583549,1,1,00:00:00:00:00:01,0,34839.15,1881313.87,4.478,0.0,101.7,Normal,ALLOW,ddos
1787352179.5895793,1,2,00:00:00:00:00:02,0,39675.84,2142495.6,4.433,0.0,101.7,Normal,ALLOW,ddos
1787352179.5962136,1,3,00:00:00:00:00:03,0,37466.15,2023172.32,4.553,0.0,101.7,Normal,ALLOW,ddos
1787352180.4330087,2,2,00:00:00:00:00:04,0,126258.0,6817932.0,4.543,0.0,100.4,Normal,ALLOW,ddos
1787352180.4390345,2,3,00:00:00:00:00:01,0,71129.0,3840966.0,4.45,0.0,100.4,Normal,ALLOW,ddos
1787352180.445356,2,1,00:00:00:00:00:03,0,69298.0,3742092.0,4.617,0.0,100.4,Normal,ALLOW,ddos
1787352180.5654025,1,3,00:00:00:00:00:04,0,68877.0,3719358.0,4.525,0.0,89.0,Normal,ALLOW,ddos
1787352180.5713766,1,1,00:00:00:00:00:01,0,68878.0,3719412.0,4.481,0.0,89.0,Normal,ALLOW,ddos
1787352180.577735,1,3,00:00:00:00:00:03,0,74858.0,4042332.0,4.844,0.0,89.0,Normal,ALLOW,ddos
1787352180.5835655,1,2,00:00:00:00:00:02,0,72713.0,3926502.0,4.357,0.0,89.0,Normal,ALLOW,ddos
1787352181.432974,2,2,00:00:00:00:00:04,0,125895.0,6798330.0,4.88,0.0,101.5,Normal,ALLOW,ddos
1787352181.4393718,2,3,00:00:00:00:00:01,0,74314.0,4012956.0,4.77,0.0,101.5,Normal,ALLOW,ddos
1787352181.445749,2,1,00:00:00:00:00:03,0,72303.0,3904362.0,4.679,0.0,101.5,Normal,ALLOW,ddos
1787352181.5178638,1,3,00:00:00:00:00:04,0,66471.0,3589434.0,4.501,0.0,93.0,Normal,ALLOW,ddos
1787352181.524052,1,1,00:00:00:00:00:01,0,66470.0,3589380.0,4.578,0.0,93.0,Normal,ALLOW,ddos
1787352181.530545,1,2,00:00:00:00:00:02,0,78852.0,4258008.0,4.472,0.0,93.0,Normal,ALLOW,ddos
1787352181.5366294,1,3,00:00:00:00:00:03,0,75020.0,4051080.0,4.47,0.0,93.0,Normal,ALLOW,ddos
1787352182.4324677,2,2,00:00:00:00:00:04,0,126509.51,6831513.57,4.388,0.0,99.5,Normal,ALLOW,ddos
1787352182.4383624,2,3,00:00:00:00:00:01,0,73928.79,3992154.77,4.431,0.0,99.5,Normal,ALLOW,ddos
1787352182.4442103,2,1,00:00:00:00:00:03,0,71896.88,3882431.53,4.354,0.0,99.5,Normal,ALLOW,ddos
1787352182.4519744,1,3,00:00:00:00:00:04,0,68699.0,3709746.0,4.325,0.0,0.0,Normal,ALLOW,ddos
1787352182.4582384,1,1,00:00:00:00:00:01,0,68699.0,3709746.0,4.405,0.0,0.0,Normal,ALLOW,ddos
1787352182.4640117,1,3,00:00:00:00:00:03,0,72527.0,3916458.0,4.32,0.0,0.0,Normal,ALLOW,ddos
1787352182.4697914,1,2,00:00:00:00:00:02,0,74344.0,4014576.0,4.358,0.0,0.0,Normal,ALLOW,ddos
1787352183.3935206,1,3,00:00:00:00:00:04,0,66972.0,3616488.0,4.603,0.0,101.0,Normal,ALLOW,ddos
1787352183.399364,1,1,00:00:00:00:00:01,0,66972.0,3616488.0,4.355,0.0,101.0,Normal,ALLOW,ddos
1787352183.4052901,1,3,00:00:00:00:00:03,0,72570.0,3918780.0,4.432,0.0,101.0,Normal,ALLOW,ddos
1787352183.4112644,1,2,00:00:00:00:00:02,0,72118.0,3894372.0,4.472,0.0,101.0,Normal,ALLOW,ddos
1787352183.4510694,2,2,00:00:00:00:00:04,0,125609.24,6782898.7,4.321,0.0,86.1,Normal,ALLOW,ddos
1787352183.4567964,2,3,00:00:00:00:00:01,0,71775.72,3875889.1,4.263,0.0,86.1,Normal,ALLOW,ddos
1787352183.4625323,2,1,00:00:00:00:00:03,0,69747.68,3766374.66,4.244,0.0,86.1,Normal,ALLOW,ddos
1787352184.2589135,1,3,00:00:00:00:00:04,0,63551.0,3431754.0,4.494,0.0,100.2,Normal,ALLOW,ddos
1787352184.2647684,1,1,00:00:00:00:00:01,0,63552.0,3431808.0,4.222,0.0,100.2,Normal,ALLOW,ddos
1787352184.2704606,1,2,00:00:00:00:00:02,0,70924.0,3829896.0,4.183,0.0,100.2,Normal,ALLOW,ddos
1787352184.2764843,1,3,00:00:00:00:00:03,0,65019.0,3511026.0,4.461,0.0,100.2,Normal,ALLOW,ddos
1787352184.4555027,2,2,00:00:00:00:00:04,0,125974.42,6802618.59,4.458,0.0,101.7,Normal,ALLOW,ddos
1787352184.4616213,2,3,00:00:00:00:00:01,0,72596.42,3920206.87,4.467,0.0,101.7,Normal,ALLOW,ddos
1787352184.467486,2,1,00:00:00:00:00:03,0,70664.42,3815878.82,4.345,0.0,101.7,Normal,ALLOW,ddos
1787352185.272996,1,3,00:00:00:00:00:04,0,69064.45,3729480.08,4.731,0.0,99.0,Normal,ALLOW,ddos
1787352185.2788646,1,1,00:00:00:00:00:01,0,69063.46,3729426.82,4.363,0.0,99.0,Normal,ALLOW,ddos
1787352185.2846098,1,2,00:00:00:00:00:02,0,74625.19,4029760.11,4.242,0.0,99.0,Normal,ALLOW,ddos
1787352185.2904396,1,3,00:00:00:00:00:03,0,66166.71,3573002.12,4.37,0.0,99.0,Normal,ALLOW,ddos
1787352185.4560463,2,2,00:00:00:00:00:04,0,125558.58,6780163.49,4.519,0.0,0.0,Normal,ALLOW,ddos
1787352185.461951,2,3,00:00:00:00:00:01,0,74524.0,4024295.94,4.36,0.0,0.0,Normal,ALLOW,ddos
1787352185.4681215,2,1,00:00:00:00:00:03,0,72610.0,3920940.12,4.437,0.0,0.0,Normal,ALLOW,ddos
1787352186.1618826,1,3,00:00:00:00:00:04,0,66839.0,3609306.0,4.587,0.0,100.7,Normal,ALLOW,ddos
1787352186.1679513,1,1,00:00:00:00:00:01,0,66839.0,3609306.0,4.405,0.0,100.7,Normal,ALLOW,ddos
1787352186.1741195,1,2,00:00:00:00:00:02,0,77023.0,4159242.0,4.529,0.0,100.7,Normal,ALLOW,ddos
1787352186.180622,1,3,00:00:00:00:00:03,0,72871.0,3935034.0,4.541,0.0,100.7,Normal,ALLOW,ddos
1787352186.4557147,2,2,00:00:00:00:00:04,0,122475.0,6613650.0,4.458,0.0,98.6,Normal,ALLOW,ddos
1787352186.4620879,2,3,00:00:00:00:00:01,0,72016.0,3888864.0,4.589,0.0,98.6,Normal,ALLOW,ddos
1787352186.468113,2,1,00:00:00:00:00:03,0,70048.0,3782592.0,4.362,0.0,98.6,Normal,ALLOW,ddos
1787352187.257251,1,3,00:00:00:00:00:04,0,60024.52,3241323.86,4.733,0.0,101.1,Normal,ALLOW,ddos
1787352187.2637706,1,1,00:00:00:00:00:01,0,60025.43,3241373.16,4.514,0.0,101.1,Normal,ALLOW,ddos
1787352187.2702703,1,2,00:00:00:00:00:02,0,71036.33,3835961.78,4.842,0.0,101.1,Normal,ALLOW,ddos
1787352187.276979,1,3,00:00:00:00:00:03,0,64700.57,3493830.53,4.859,0.0,101.1,Normal,ALLOW,ddos
1787352187.460197,2,2,00:00:00:00:00:04,0,116721.5,6302961.11,4.947,0.0,0.0,Normal,ALLOW,ddos
1787352187.466441,2,3,00:00:00:00:00:01,0,71403.86,3855808.36,4.466,0.0,0.0,Normal,ALLOW,ddos
1787352187.4723814,2,1,00:00:00:00:00:03,0,69603.06,3758565.16,4.407,0.0,0.0,Normal,ALLOW,ddos
1787352188.2347922,1,3,00:00:00:00:00:04,0,66367.0,3583818.0,4.582,0.0,100.7,Normal,ALLOW,ddos
1787352188.2413042,1,1,00:00:00:00:00:01,0,66366.0,3583764.0,4.839,0.0,100.7,Normal,ALLOW,ddos
1787352188.2478073,1,2,00:00:00:00:00:02,0,77745.0,4198230.0,4.55,0.0,100.7,Normal,ALLOW,ddos
1787352188.253894,1,3,00:00:00:00:00:03,0,69491.0,3752514.0,4.5,0.0,100.7,Normal,ALLOW,ddos
1787352188.4710886,2,2,00:00:00:00:00:04,0,125398.28,6771506.91,5.57,0.0,0.0,Normal,ALLOW,ddos
1787352188.4771554,2,3,00:00:00:00:00:01,0,70406.44,3801947.57,4.506,0.0,0.0,Normal,ALLOW,ddos
1787352188.4834373,2,1,00:00:00:00:00:03,0,68569.64,3702760.75,4.455,0.0,0.0,Normal,ALLOW,ddos
1787352189.1632955,1,3,00:00:00:00:00:04,0,62804.0,3391416.0,4.63,0.0,101.0,Normal,ALLOW,ddos
1787352189.1695106,1,1,00:00:00:00:00:01,0,62804.0,3391416.0,4.682,0.0,101.0,Normal,ALLOW,ddos
1787352189.1760633,1,3,00:00:00:00:00:03,0,63459.0,3426786.0,4.987,0.0,101.0,Normal,ALLOW,ddos
1787352189.1824355,1,2,00:00:00:00:00:02,0,68258.0,3685932.0,4.529,0.0,101.0,Normal,ALLOW,ddos
1787352189.4634988,2,2,00:00:00:00:00:04,0,124407.0,6717978.0,4.445,0.0,96.6,Normal,ALLOW,ddos
1787352189.4696183,2,3,00:00:00:00:00:01,0,72653.0,3923262.0,4.597,0.0,96.6,Normal,ALLOW,ddos
1787352189.4755645,2,1,00:00:00:00:00:03,0,70880.0,3827520.0,4.431,0.0,96.6,Normal,ALLOW,ddos
1787352190.0106554,1,3,00:00:00:00:00:04,0,66434.0,3587436.0,7.021,0.0,99.1,Normal,ALLOW,ddos
1787352190.017542,1,1,00:00:00:00:00:01,0,66434.0,3587436.0,4.663,0.0,99.1,Normal,ALLOW,ddos
1787352190.0237703,1,2,00:00:00:00:00:02,0,72691.0,3925314.0,4.511,0.0,99.1,Normal,ALLOW,ddos
1787352190.0304832,1,3,00:00:00:00:00:03,0,65239.0,3522906.0,4.646,0.0,99.1,Normal,ALLOW,ddos
1787352190.4653773,2,2,00:00:00:00:00:04,0,122133.61,6595215.16,4.509,0.0,100.6,Normal,ALLOW,ddos
1787352190.4716165,2,3,00:00:00:00:00:01,0,71295.51,3849957.39,4.484,0.0,100.6,Normal,ALLOW,ddos
1787352190.5067914,2,1,00:00:00:00:00:03,0,69415.24,3748422.89,4.069,0.0,100.6,Normal,ALLOW,ddos
1787352190.9512203,1,3,00:00:00:00:00:04,0,59627.0,3219858.0,4.632,0.0,98.5,Normal,ALLOW,ddos
1787352190.9575465,1,1,00:00:00:00:00:01,0,59627.0,3219858.0,4.738,0.0,98.5,Normal,ALLOW,ddos
1787352190.9636981,1,3,00:00:00:00:00:03,0,65208.0,3521232.0,4.404,0.0,98.5,Normal,ALLOW,ddos
1787352190.970396,1,2,00:00:00:00:00:02,0,67106.0,3623724.0,5.036,0.0,98.5,Normal,ALLOW,ddos
1787352191.4686935,2,2,00:00:00:00:00:04,0,124588.54,6727781.02,4.663,0.0,100.5,Normal,ALLOW,ddos
1787352191.474932,2,3,00:00:00:00:00:01,0,71197.29,3844653.91,4.569,0.0,100.5,Normal,ALLOW,ddos
1787352191.4816358,2,1,00:00:00:00:00:03,0,70108.84,3785877.19,4.512,0.0,100.5,Normal,ALLOW,ddos
1787352191.5872154,1,3,00:00:00:00:00:04,0,63571.0,3432834.0,4.626,0.0,92.1,Normal,ALLOW,ddos
1787352191.593945,1,1,00:00:00:00:00:01,0,63571.0,3432834.0,4.876,0.0,92.1,Normal,ALLOW,ddos
1787352191.6005769,1,3,00:00:00:00:00:03,0,67724.0,3657096.0,4.541,0.0,92.1,Normal,ALLOW,ddos
1787352191.6070335,1,2,00:00:00:00:00:02,0,70785.0,3822390.0,4.563,0.0,92.1,Normal,ALLOW,ddos
1787352192.2384758,1,3,00:00:00:00:00:04,0,68024.0,3673296.0,4.576,0.0,99.8,Normal,ALLOW,ddos
1787352192.2459233,1,1,00:00:00:00:00:01,0,68024.0,3673296.0,5.788,0.0,99.8,Normal,ALLOW,ddos
1787352192.2522418,1,3,00:00:00:00:00:03,0,70243.0,3793122.0,4.511,0.0,99.8,Normal,ALLOW,ddos
1787352192.259515,1,1,00:00:00:00:00:01,0,70243.0,3793122.0,5.644,0.0,99.8,Normal,ALLOW,ddos
1787352192.2662294,1,2,00:00:00:00:00:02,0,74203.0,4006962.0,4.653,0.0,99.8,Normal,ALLOW,ddos
1787352192.4685848,2,2,00:00:00:00:00:04,0,119510.0,6453540.0,4.809,0.0,104.4,Normal,ALLOW,ddos
1787352192.4749188,2,3,00:00:00:00:00:01,0,67783.0,3660282.0,4.669,0.0,104.4,Normal,ALLOW,ddos
1787352192.481208,2,1,00:00:00:00:00:03,0,67783.0,3660282.0,4.351,0.0,104.4,Normal,ALLOW,ddos
1787352193.2590091,1,3,00:00:00:00:00:04,0,67648.37,3653012.18,4.527,0.0,100.0,Normal,ALLOW,ddos
1787352193.265436,1,1,00:00:00:00:00:01,0,67649.35,3653065.08,4.353,0.0,100.0,Normal,ALLOW,ddos
1787352193.2712548,1,3,00:00:00:00:00:03,0,69693.16,3763430.55,4.318,0.0,100.0,Normal,ALLOW,ddos
1787352193.2771614,1,1,00:00:00:00:00:01,0,69692.18,3763377.64,4.321,0.0,100.0,Normal,ALLOW,ddos
1787352193.283002,1,2,00:00:00:00:00:02,0,75050.55,4052729.85,4.345,0.0,100.0,Normal,ALLOW,ddos
1787352193.4777365,2,2,00:00:00:00:00:04,0,127661.06,6893697.48,7.243,0.0,97.7,Normal,ALLOW,ddos
1787352193.4837031,2,3,00:00:00:00:00:01,0,70753.69,3820699.15,4.432,0.0,97.7,Normal,ALLOW,ddos
1787352193.4895513,2,1,00:00:00:00:00:03,0,70753.69,3820699.15,4.368,0.0,97.7,Normal,ALLOW,ddos
1787352194.1296046,1,3,00:00:00:00:00:04,0,67911.0,3667194.0,4.524,0.0,98.1,Normal,ALLOW,ddos
1787352194.1354873,1,1,00:00:00:00:00:01,0,67911.0,3667194.0,4.317,0.0,98.1,Normal,ALLOW,ddos
1787352194.1418242,1,3,00:00:00:00:00:03,0,68205.0,3683070.0,4.631,0.0,98.1,Normal,ALLOW,ddos
1787352194.148038,1,2,00:00:00:00:00:02,0,75089.0,4054806.0,4.446,0.0,98.1,Normal,ALLOW,ddos
1787352194.1543345,1,1,00:00:00:00:00:01,0,68206.0,3683124.0,4.601,0.0,98.1,Normal,ALLOW,ddos
1787352194.4720566,2,2,00:00:00:00:00:04,0,121362.0,6553548.0,4.542,0.0,99.2,Normal,ALLOW,ddos
1787352194.4782426,2,3,00:00:00:00:00:01,0,71977.0,3886758.0,4.544,0.0,99.2,Normal,ALLOW,ddos
1787352194.4842844,2,1,00:00:00:00:00:03,0,71977.0,3886758.0,4.443,0.0,99.2,Normal,ALLOW,ddos
1787352195.3160274,1,1,00:00:00:00:00:01,0,43133.43,2329205.14,4.538,0.0,100.7,Normal,ALLOW,ddos
1787352195.3219938,1,3,00:00:00:00:00:03,0,57155.1,3086375.4,4.282,0.0,100.7,Normal,ALLOW,ddos
1787352195.3281596,1,2,00:00:00:00:00:02,0,63879.03,3449467.69,4.439,0.0,100.7,Normal,ALLOW,ddos
1787352195.334416,1,1,00:00:00:00:00:01,0,57155.1,3086375.4,4.425,0.0,100.7,Normal,ALLOW,ddos
1787352195.4771466,2,2,00:00:00:00:00:04,0,89191.69,4816351.09,6.6,0.0,94.6,Normal,ALLOW,ddos
1787352195.4848192,2,3,00:00:00:00:00:01,0,65551.44,3539777.87,5.09,0.0,94.6,Normal,ALLOW,ddos
1787352195.4911766,2,1,00:00:00:00:00:03,0,65551.44,3539777.87,4.591,0.0,94.6,Normal,ALLOW,ddos
1787352196.3291209,1,3,00:00:00:00:00:03,0,69055.96,3729022.01,4.449,0.0,100.0,Normal,ALLOW,ddos
1787352196.3351128,1,1,00:00:00:00:00:01,0,69055.96,3729022.01,4.356,0.0,100.0,Normal,ALLOW,ddos
1787352196.3410685,1,2,00:00:00:00:00:02,0,71615.71,3867248.45,4.275,0.0,100.0,Normal,ALLOW,ddos
1787352198.215752,1,3,00:00:00:00:00:03,0,35425.88,1912997.37,4.309,0.0,99.7,Normal,ALLOW,ddos
1787352198.2215354,1,1,00:00:00:00:00:01,0,35425.35,1912968.76,4.29,0.0,99.7,Normal,ALLOW,ddos
1787352198.2273405,1,2,00:00:00:00:00:02,0,40199.11,2170751.79,4.315,0.0,99.7,Normal,ALLOW,ddos
1787352198.7259157,2,3,00:00:00:00:00:01,0,21725.72,1173188.77,4.506,0.0,103.6,Normal,ALLOW,ddos
1787352198.7318473,2,1,00:00:00:00:00:03,0,21725.72,1173188.77,4.402,0.0,103.6,Normal,ALLOW,ddos
1787352198.7392275,2,3,00:00:00:00:00:01,0,74061.0,3999294.0,4.452,0.0,72.2,Normal,ALLOW,ddos
1787352198.7450793,2,1,00:00:00:00:00:03,0,74061.0,3999294.0,4.358,0.0,72.2,Normal,ALLOW,ddos
1787352198.750827,2,2,00:00:00:00:00:04,0,74783.0,4038282.0,4.285,0.0,72.2,Normal,ALLOW,ddos
1787352198.7583888,2,3,00:00:00:00:00:01,0,73158.0,3950532.0,4.512,0.0,105.4,Normal,ALLOW,ddos
1787352198.7647414,2,1,00:00:00:00:00:03,0,73158.0,3950532.0,4.427,0.0,105.4,Normal,ALLOW,ddos
1787352198.7706156,2,2,00:00:00:00:00:04,0,73453.0,3966462.0,4.358,0.0,105.4,Normal,ALLOW,ddos
1787352199.4470384,1,3,00:00:00:00:00:03,0,55021.98,2971187.14,4.551,0.0,98.8,Normal,ALLOW,ddos
1787352199.4530056,1,2,00:00:00:00:00:02,0,60191.92,3250363.8,4.415,0.0,98.8,Normal,ALLOW,ddos
1787352199.4590402,1,1,00:00:00:00:00:01,0,55022.8,2971231.01,4.419,0.0,98.8,Normal,ALLOW,ddos
1787352199.5016606,2,3,00:00:00:00:00:01,0,74303.0,4012362.0,4.454,0.0,0.0,Normal,ALLOW,ddos
1787352199.5076263,2,1,00:00:00:00:00:03,0,74304.0,4012416.0,4.353,0.0,0.0,Normal,ALLOW,ddos
1787352199.5136576,2,2,00:00:00:00:00:04,0,72860.0,3934440.0,4.277,0.0,0.0,Normal,ALLOW,ddos
1787352200.3327823,1,3,00:00:00:00:00:03,0,67240.0,3630960.0,4.401,0.0,99.9,Normal,ALLOW,ddos
1787352200.3385746,1,2,00:00:00:00:00:02,0,74171.0,4005234.0,4.324,0.0,99.9,Normal,ALLOW,ddos
1787352200.344514,1,1,00:00:00:00:00:01,0,67240.0,3630960.0,4.353,0.0,99.9,Normal,ALLOW,ddos
1787352200.5042589,2,3,00:00:00:00:00:01,0,76254.0,4117715.84,4.574,0.0,0.0,Normal,ALLOW,ddos
1787352200.5105014,2,1,00:00:00:00:00:03,0,76253.0,4117661.97,4.676,0.0,0.0,Normal,ALLOW,ddos
1787352200.5165827,2,2,00:00:00:00:00:04,0,71215.62,3845643.33,4.503,0.0,0.0,Normal,ALLOW,ddos
1787352201.333026,1,3,00:00:00:00:00:03,0,67517.98,3645970.66,4.473,0.0,99.0,Normal,ALLOW,ddos
1787352201.3394766,1,1,00:00:00:00:00:01,0,67516.98,3645916.67,4.842,0.0,99.0,Normal,ALLOW,ddos
1787352201.345636,1,2,00:00:00:00:00:02,0,73851.85,3987999.74,4.436,0.0,99.0,Normal,ALLOW,ddos
1787352201.504922,2,3,00:00:00:00:00:01,0,74124.63,4002729.88,4.407,0.0,0.0,Normal,ALLOW,ddos
1787352201.5108964,2,1,00:00:00:00:00:03,0,74125.63,4002783.83,4.421,0.0,0.0,Normal,ALLOW,ddos
1787352201.516894,2,2,00:00:00:00:00:04,0,74123.63,4002675.93,4.42,0.0,0.0,Normal,ALLOW,ddos
1787352202.2891605,1,3,00:00:00:00:00:03,0,68189.0,3682206.0,7.778,0.0,100.1,Normal,ALLOW,ddos
1787352202.295921,1,1,00:00:00:00:00:01,0,68190.0,3682260.0,4.379,0.0,100.1,Normal,ALLOW,ddos
1787352202.3015578,1,2,00:00:00:00:00:02,0,74150.0,4004100.0,4.074,0.0,100.1,Normal,ALLOW,ddos
1787352202.5086477,2,3,00:00:00:00:00:01,0,72440.99,3911813.36,4.873,0.0,0.0,Normal,ALLOW,ddos
1787352202.5147614,2,1,00:00:00:00:00:03,0,72439.99,3911759.52,4.462,0.0,0.0,Normal,ALLOW,ddos
1787352202.520968,2,2,00:00:00:00:00:04,0,73986.17,3995253.03,4.614,0.0,0.0,Normal,ALLOW,ddos
1787352203.2142973,1,3,00:00:00:00:00:03,0,66157.0,3572478.0,4.249,0.0,100.6,Normal,ALLOW,ddos
1787352203.2203739,1,1,00:00:00:00:00:01,0,66157.0,3572478.0,4.489,0.0,100.6,Normal,ALLOW,ddos
1787352203.2259262,1,2,00:00:00:00:00:02,0,75654.0,4085316.0,4.086,0.0,100.6,Normal,ALLOW,ddos
1787352203.5091624,2,3,00:00:00:00:00:01,0,72874.23,3935208.3,4.477,0.0,98.5,Normal,ALLOW,ddos
1787352203.5151167,2,1,00:00:00:00:00:03,0,72874.23,3935208.3,4.411,0.0,98.5,Normal,ALLOW,ddos
1787352203.5212433,2,2,00:00:00:00:00:04,0,71901.61,3882687.03,4.5,0.0,98.5,Normal,ALLOW,ddos
1787352204.1747403,1,3,00:00:00:00:00:03,0,66449.0,3588246.0,5.583,0.0,97.7,Normal,ALLOW,ddos
1787352204.181469,1,1,00:00:00:00:00:01,0,66449.0,3588246.0,4.597,0.0,97.7,Normal,ALLOW,ddos
1787352204.1883202,1,2,00:00:00:00:00:02,0,71351.0,3852954.0,4.951,0.0,97.7,Normal,ALLOW,ddos
1787352204.5120337,2,3,00:00:00:00:00:01,0,70097.08,3785242.09,4.592,0.0,0.0,Normal,ALLOW,ddos
1787352204.5189764,2,1,00:00:00:00:00:03,0,70097.08,3785242.09,5.049,0.0,0.0,Normal,ALLOW,ddos
1787352204.5267394,2,2,00:00:00:00:00:04,0,70819.73,3824265.2,5.081,0.0,0.0,Normal,ALLOW,ddos
1787352205.0348153,1,3,00:00:00:00:00:03,0,65742.0,3550068.0,4.599,0.0,99.6,Normal,ALLOW,ddos
1787352205.040851,1,2,00:00:00:00:00:02,0,75057.0,4053078.0,4.48,0.0,99.6,Normal,ALLOW,ddos
1787352205.0470006,1,1,00:00:00:00:00:01,0,65742.0,3550068.0,4.398,0.0,99.6,Normal,ALLOW,ddos
1787352205.5127358,2,3,00:00:00:00:00:01,0,68120.88,3678527.49,4.469,0.0,100.4,Normal,ALLOW,ddos
1787352205.5186257,2,1,00:00:00:00:00:03,0,68120.88,3678527.49,4.373,0.0,100.4,Normal,ALLOW,ddos
1787352205.5245695,2,2,00:00:00:00:00:04,0,71335.84,3852135.11,4.437,0.0,100.4,Normal,ALLOW,ddos
1787352206.0779982,1,3,00:00:00:00:00:03,0,63715.9,3440658.44,4.587,0.0,99.0,Normal,ALLOW,ddos
1787352206.0840716,1,2,00:00:00:00:00:02,0,70954.55,3831545.9,4.474,0.0,99.0,Normal,ALLOW,ddos
1787352206.0903223,1,1,00:00:00:00:00:01,0,63715.9,3440658.44,4.687,0.0,99.0,Normal,ALLOW,ddos
1787352206.5143502,2,3,00:00:00:00:00:01,0,71416.79,3856506.45,4.382,0.0,100.8,Normal,ALLOW,ddos
1787352206.5202885,2,1,00:00:00:00:00:03,0,71416.79,3856506.45,4.337,0.0,100.8,Normal,ALLOW,ddos
1787352206.5264733,2,2,00:00:00:00:00:04,0,76032.5,4105754.97,4.524,0.0,100.8,Normal,ALLOW,ddos
1787352206.8671012,1,3,00:00:00:00:00:03,0,68548.0,3701592.0,4.481,0.0,99.1,Normal,ALLOW,ddos
1787352206.873254,1,2,00:00:00:00:00:02,0,74585.0,4027590.0,4.559,0.0,99.1,Normal,ALLOW,ddos
1787352206.8793964,1,1,00:00:00:00:00:01,0,68548.0,3701592.0,4.481,0.0,99.1,Normal,ALLOW,ddos
1787352207.5148222,2,3,00:00:00:00:00:01,0,71579.91,3865315.28,4.435,0.0,98.8,Normal,ALLOW,ddos
1787352207.5206966,2,1,00:00:00:00:00:03,0,71579.91,3865315.28,4.377,0.0,98.8,Normal,ALLOW,ddos
1787352207.5268571,2,2,00:00:00:00:00:04,0,76915.67,4153446.17,4.445,0.0,98.8,Normal,ALLOW,ddos
1787352207.814669,1,3,00:00:00:00:00:03,0,69179.0,3735666.0,4.497,0.0,99.9,Normal,ALLOW,ddos
1787352207.8206317,1,2,00:00:00:00:00:02,0,77117.0,4164318.0,4.486,0.0,99.9,Normal,ALLOW,ddos
1787352207.8265657,1,1,00:00:00:00:00:01,0,69179.0,3735666.0,4.426,0.0,99.9,Normal,ALLOW,ddos
1787352208.5191894,2,3,00:00:00:00:00:01,0,72399.99,3909599.69,4.573,0.0,727.8,Normal,ALLOW,ddos
1787352208.525234,2,1,00:00:00:00:00:03,0,72399.99,3909599.69,4.48,0.0,727.8,Normal,ALLOW,ddos
1787352208.5312095,2,2,00:00:00:00:00:04,0,74543.78,4025364.04,4.399,0.0,727.8,Normal,ALLOW,ddos
1787352208.8427439,1,3,00:00:00:00:00:03,0,68924.05,3721898.51,4.727,0.0,99.1,Normal,ALLOW,ddos
1787352208.8489075,1,2,00:00:00:00:00:02,0,77513.89,4185750.15,4.594,0.0,99.1,Normal,ALLOW,ddos
1787352208.8548722,1,1,00:00:00:00:00:01,0,68924.05,3721898.51,4.429,0.0,99.1,Normal,ALLOW,ddos
1787352208.8609078,1,1,00:00:00:00:00:01,0,77513.89,4185750.15,4.453,0.0,99.1,Normal,ALLOW,ddos
1787352209.5199935,2,3,00:00:00:00:00:01,0,69493.05,3752624.55,4.612,0.0,0.0,Normal,ALLOW,ddos
1787352209.5258794,2,1,00:00:00:00:00:03,0,69493.05,3752624.55,4.383,0.0,0.0,Normal,ALLOW,ddos
1787352209.5318484,2,2,00:00:00:00:00:04,0,71837.26,3879212.1,4.477,0.0,0.0,Normal,ALLOW,ddos
1787352209.9079187,1,3,00:00:00:00:00:03,0,64758.18,3496941.54,4.45,0.0,98.1,Normal,ALLOW,ddos
1787352209.9141269,1,2,00:00:00:00:00:02,0,75776.33,4091921.89,4.334,0.0,98.1,Normal,ALLOW,ddos
1787352209.9200373,1,1,00:00:00:00:00:01,0,64758.18,3496941.54,4.221,0.0,98.1,Normal,ALLOW,ddos
1787352209.9261014,1,1,00:00:00:00:00:01,0,75776.33,4091921.89,4.419,0.0,98.1,Normal,ALLOW,ddos
1787352210.5234919,2,3,00:00:00:00:00:01,0,72557.41,3918100.22,5.002,0.0,100.8,Normal,ALLOW,ddos
1787352210.530067,2,1,00:00:00:00:00:03,0,72557.41,3918100.22,4.658,0.0,100.8,Normal,ALLOW,ddos
1787352210.5363703,2,2,00:00:00:00:00:04,0,70998.21,3833903.14,4.602,0.0,100.8,Normal,ALLOW,ddos
1787352210.8811035,1,3,00:00:00:00:00:03,0,70598.0,3812292.0,4.479,0.0,97.9,Normal,ALLOW,ddos
1787352210.887292,1,2,00:00:00:00:00:02,0,77123.0,4164642.0,4.482,0.0,97.9,Normal,ALLOW,ddos
1787352210.893521,1,1,00:00:00:00:00:01,0,70597.0,3812238.0,4.551,0.0,97.9,Normal,ALLOW,ddos
1787352210.8997433,1,1,00:00:00:00:00:01,0,77124.0,4164696.0,4.527,0.0,97.9,Normal,ALLOW,ddos
1787352211.5230591,2,3,00:00:00:00:00:01,0,70707.26,3818191.87,4.426,0.0,0.0,Normal,ALLOW,ddos
1787352211.5291913,2,1,00:00:00:00:00:03,0,70707.26,3818191.87,4.34,0.0,0.0,Normal,ALLOW,ddos
1787352211.5350816,2,2,00:00:00:00:00:04,0,75777.4,4091979.77,4.263,0.0,0.0,Normal,ALLOW,ddos
1787352211.7565207,1,3,00:00:00:00:00:03,0,67726.0,3657204.0,4.469,0.0,103.0,Normal,ALLOW,ddos
1787352211.7627287,1,2,00:00:00:00:00:02,0,78698.0,4249692.0,4.396,0.0,103.0,Normal,ALLOW,ddos
1787352211.7688136,1,1,00:00:00:00:00:01,0,78698.0,4249692.0,4.387,0.0,103.0,Normal,ALLOW,ddos
1787352211.774873,1,1,00:00:00:00:00:01,0,67727.0,3657258.0,4.357,0.0,103.0,Normal,ALLOW,ddos
1787352212.5256019,2,3,00:00:00:00:00:01,0,71507.85,3861424.06,4.632,0.0,0.0,Normal,ALLOW,ddos
1787352212.531774,2,1,00:00:00:00:00:03,0,71507.85,3861424.06,4.529,0.0,0.0,Normal,ALLOW,ddos
1787352212.5378053,2,2,00:00:00:00:00:04,0,75547.24,4079551.05,4.543,0.0,0.0,Normal,ALLOW,ddos
1787352212.703473,1,3,00:00:00:00:00:03,0,70893.0,3828222.0,4.522,0.0,101.5,Normal,ALLOW,ddos
1787352212.7095673,1,2,00:00:00:00:00:02,0,76906.0,4152924.0,4.555,0.0,101.5,Normal,ALLOW,ddos
1787352212.7156193,1,1,00:00:00:00:00:01,0,70893.0,3828222.0,4.443,0.0,101.5,Normal,ALLOW,ddos
1787352212.7214987,1,1,00:00:00:00:00:01,0,76905.0,4152870.0,4.366,0.0,101.5,Normal,ALLOW,ddos
1787352213.526738,2,3,00:00:00:00:00:01,0,70972.34,3832506.38,4.623,0.0,0.0,Normal,ALLOW,ddos
1787352213.5329168,2,1,00:00:00:00:00:03,0,70972.34,3832506.38,4.509,0.0,0.0,Normal,ALLOW,ddos
1787352213.5389364,2,2,00:00:00:00:00:04,0,72596.45,3920208.23,4.452,0.0,0.0,Normal,ALLOW,ddos
1787352213.7007406,1,3,00:00:00:00:00:03,0,68654.0,3707316.0,4.993,0.0,98.4,Normal,ALLOW,ddos
1787352213.7078836,1,2,00:00:00:00:00:02,0,77976.0,4210704.0,4.99,0.0,98.4,Normal,ALLOW,ddos
1787352213.71471,1,1,00:00:00:00:00:01,0,77976.0,4210704.0,4.623,0.0,98.4,Normal,ALLOW,ddos
1787352213.7213008,1,1,00:00:00:00:00:01,0,68654.0,3707316.0,4.636,0.0,98.4,Normal,ALLOW,ddos
1787352214.5337193,2,3,00:00:00:00:00:01,0,70586.25,3811657.33,7.351,0.0,100.0,Normal,ALLOW,ddos
1787352214.539688,2,1,00:00:00:00:00:03,0,70586.25,3811657.33,4.381,0.0,100.0,Normal,ALLOW,ddos
1787352214.5453815,2,2,00:00:00:00:00:04,0,74886.44,4043867.93,4.239,0.0,100.0,Normal,ALLOW,ddos
1787352214.7663436,1,3,00:00:00:00:00:03,0,63865.22,3448722.08,4.587,0.0,103.2,Normal,ALLOW,ddos
1787352214.7723727,1,2,00:00:00:00:00:02,0,70303.04,3796364.29,4.504,0.0,103.2,Normal,ALLOW,ddos
1787352214.7784607,1,1,00:00:00:00:00:01,0,70303.98,3796414.93,4.499,0.0,103.2,Normal,ALLOW,ddos
1787352214.784846,1,1,00:00:00:00:00:01,0,63865.22,3448722.08,4.887,0.0,103.2,Normal,ALLOW,ddos
1787352215.5329752,2,3,00:00:00:00:00:01,0,70711.87,3818440.78,4.507,0.0,0.0,Normal,ALLOW,ddos
1787352215.5389543,2,1,00:00:00:00:00:03,0,70711.87,3818440.78,4.453,0.0,0.0,Normal,ALLOW,ddos
1787352215.545149,2,2,00:00:00:00:00:04,0,74836.97,4041196.61,4.355,0.0,0.0,Normal,ALLOW,ddos
1787352215.7394156,1,3,00:00:00:00:00:03,0,67725.0,3657150.0,7.477,0.0,98.9,Normal,ALLOW,ddos
1787352215.7464178,1,2,00:00:00:00:00:02,0,78102.0,4217508.0,4.896,0.0,98.9,Normal,ALLOW,ddos
1787352215.7523248,1,1,00:00:00:00:00:01,0,78101.0,4217454.0,4.313,0.0,98.9,Normal,ALLOW,ddos
1787352215.758143,1,1,00:00:00:00:00:01,0,67725.0,3657150.0,4.345,0.0,98.9,Normal,ALLOW,ddos
1787352216.5329118,2,3,00:00:00:00:00:01,0,70513.0,3807702.0,4.544,0.0,100.3,Normal,ALLOW,ddos
1787352216.5391939,2,1,00:00:00:00:00:03,0,70513.0,3807702.0,4.517,0.0,100.3,Normal,ALLOW,ddos
1787352216.5452452,2,2,00:00:00:00:00:04,0,73555.0,3971970.0,4.488,0.0,100.3,Normal,ALLOW,ddos
1787352216.7724814,1,3,00:00:00:00:00:03,0,66542.57,3593298.95,4.758,0.0,100.3,Normal,ALLOW,ddos
1787352216.778508,1,2,00:00:00:00:00:02,0,74130.27,4003034.61,4.474,0.0,100.3,Normal,ALLOW,ddos
1787352216.7844896,1,1,00:00:00:00:00:01,0,74130.27,4003034.61,4.477,0.0,100.3,Normal,ALLOW,ddos
1787352216.7904246,1,1,00:00:00:00:00:01,0,66542.57,3593298.95,4.436,0.0,100.3,Normal,ALLOW,ddos
1787352217.530724,2,3,00:00:00:00:00:01,0,71371.0,3854034.0,4.485,0.0,0.0,Normal,ALLOW,ddos
1787352217.5366588,2,1,00:00:00:00:00:03,0,71371.0,3854034.0,4.444,0.0,0.0,Normal,ALLOW,ddos
1787352217.5425696,2,2,00:00:00:00:00:04,0,74852.0,4042008.0,4.437,0.0,0.0,Normal,ALLOW,ddos
1787352217.744956,1,3,00:00:00:00:00:03,0,71726.0,3873204.0,4.473,0.0,98.6,Normal,ALLOW,ddos
1787352217.7508383,1,2,00:00:00:00:00:02,0,78320.0,4229280.0,4.346,0.0,98.6,Normal,ALLOW,ddos
1787352217.7567708,1,1,00:00:00:00:00:01,0,78321.0,4229334.0,4.407,0.0,98.6,Normal,ALLOW,ddos
1787352217.7628071,1,1,00:00:00:00:00:01,0,71725.0,3873150.0,4.399,0.0,98.6,Normal,ALLOW,ddos
1787352218.5327394,2,3,00:00:00:00:00:01,0,70002.66,3780143.79,4.481,0.0,0.0,Normal,ALLOW,ddos
1787352218.5386677,2,1,00:00:00:00:00:03,0,70002.66,3780143.79,4.418,0.0,0.0,Normal,ALLOW,ddos
1787352218.5444179,2,2,00:00:00:00:00:04,0,72758.37,3928952.22,4.306,0.0,0.0,Normal,ALLOW,ddos
1787352218.7198246,1,3,00:00:00:00:00:03,0,67896.0,3666384.0,4.463,0.0,101.7,Normal,ALLOW,ddos
1787352218.7258682,1,2,00:00:00:00:00:02,0,79009.0,4266486.0,4.385,0.0,101.7,Normal,ALLOW,ddos
1787352218.7317414,1,1,00:00:00:00:00:01,0,79008.0,4266432.0,4.243,0.0,101.7,Normal,ALLOW,ddos
1787352218.737685,1,1,00:00:00:00:00:01,0,67897.0,3666438.0,4.299,0.0,101.7,Normal,ALLOW,ddos
1787352219.5332313,2,3,00:00:00:00:00:01,0,70848.0,3825792.0,4.668,0.0,99.6,Normal,ALLOW,ddos
1787352219.5396917,2,1,00:00:00:00:00:03,0,70848.0,3825792.0,4.817,0.0,99.6,Normal,ALLOW,ddos
1787352219.5463026,2,2,00:00:00:00:00:04,0,74492.0,4022568.0,4.712,0.0,99.6,Normal,ALLOW,ddos
1787352219.6654365,1,3,00:00:00:00:00:03,0,72406.0,3909924.0,4.359,0.0,98.4,Normal,ALLOW,ddos
1787352219.6713312,1,2,00:00:00:00:00:02,0,81271.0,4388634.0,4.359,0.0,98.4,Normal,ALLOW,ddos
1787352219.6776128,1,1,00:00:00:00:00:01,0,81271.0,4388634.0,4.402,0.0,98.4,Normal,ALLOW,ddos
1787352219.6842213,1,1,00:00:00:00:00:01,0,72405.0,3909870.0,4.839,0.0,98.4,Normal,ALLOW,ddos
1787352220.5352542,2,3,00:00:00:00:00:01,0,72448.36,3912211.62,4.396,0.0,742.7,Normal,ALLOW,ddos
1787352220.5412235,2,1,00:00:00:00:00:03,0,72448.36,3912211.62,4.408,0.0,742.7,Normal,ALLOW,ddos
1787352220.5470886,2,2,00:00:00:00:00:04,0,76660.83,4139684.57,4.236,0.0,742.7,Normal,ALLOW,ddos
1787352220.6609752,1,3,00:00:00:00:00:03,0,68397.0,3693438.0,4.498,0.0,87.9,Normal,ALLOW,ddos
1787352220.6669335,1,2,00:00:00:00:00:02,0,79110.0,4271940.0,4.366,0.0,87.9,Normal,ALLOW,ddos
1787352220.6728387,1,1,00:00:00:00:00:01,0,68398.0,3693492.0,4.296,0.0,87.9,Normal,ALLOW,ddos
1787352220.6788437,1,1,00:00:00:00:00:01,0,79110.0,4271940.0,4.378,0.0,87.9,Normal,ALLOW,ddos
1787352221.5382197,2,3,00:00:00:00:00:01,0,74388.09,4016956.65,4.785,0.0,101.5,Normal,ALLOW,ddos
1787352221.545051,2,1,00:00:00:00:00:03,0,74388.09,4016956.65,4.816,0.0,101.5,Normal,ALLOW,ddos
1787352221.5519657,2,2,00:00:00:00:00:04,0,77641.19,4192624.05,4.929,0.0,101.5,Normal,ALLOW,ddos
1787352221.7271376,1,3,00:00:00:00:00:03,0,66286.86,3579490.66,4.926,0.0,95.9,Normal,ALLOW,ddos
1787352221.733887,1,2,00:00:00:00:00:02,0,74052.52,3998836.31,4.859,0.0,95.9,Normal,ALLOW,ddos
1787352221.7403007,1,1,00:00:00:00:00:01,0,66286.86,3579490.66,4.518,0.0,95.9,Normal,ALLOW,ddos
1787352221.7467232,1,1,00:00:00:00:00:01,0,74052.52,3998836.31,4.374,0.0,95.9,Normal,ALLOW,ddos
1787352222.2894602,1,3,00:00:00:00:00:03,0,69253.0,3739662.0,4.755,0.0,99.5,Normal,ALLOW,ddos
1787352222.2957149,1,2,00:00:00:00:00:02,0,79619.0,4299426.0,4.411,0.0,99.5,Normal,ALLOW,ddos
1787352222.3015952,1,1,00:00:00:00:00:01,0,79620.0,4299480.0,4.297,0.0,99.5,Normal,ALLOW,ddos
1787352222.3082652,1,1,00:00:00:00:00:01,0,69253.0,3739662.0,5.065,0.0,99.5,Normal,ALLOW,ddos
1787352222.540076,2,3,00:00:00:00:00:01,0,71953.15,3885470.3,4.426,0.0,103.6,Normal,ALLOW,ddos
1787352222.545998,2,1,00:00:00:00:00:03,0,71953.15,3885470.3,4.24,0.0,103.6,Normal,ALLOW,ddos
1787352222.5517821,2,2,00:00:00:00:00:04,0,74594.88,4028123.58,4.254,0.0,103.6,Normal,ALLOW,ddos
1787352222.941952,1,3,00:00:00:00:00:03,0,74049.0,3998646.0,4.644,0.0,99.4,Normal,ALLOW,ddos
1787352222.9481752,1,2,00:00:00:00:00:02,0,76833.0,4148982.0,4.395,0.0,99.4,Normal,ALLOW,ddos
1787352222.9541278,1,1,00:00:00:00:00:01,0,74049.0,3998646.0,4.361,0.0,99.4,Normal,ALLOW,ddos
1787352222.9602182,1,1,00:00:00:00:00:01,0,76832.0,4148928.0,4.445,0.0,99.4,Normal,ALLOW,ddos
1787352223.4452322,1,3,00:00:00:00:00:03,0,71398.0,3855492.0,7.295,0.0,100.0,Normal,ALLOW,ddos
1787352223.4555619,1,2,00:00:00:00:00:02,0,80486.0,4346244.0,7.491,0.0,100.0,Normal,ALLOW,ddos
1787352223.4656234,1,1,00:00:00:00:00:01,0,80487.0,4346298.0,7.39,0.0,100.0,Normal,ALLOW,ddos
1787352223.4727883,1,1,00:00:00:00:00:01,0,71775.0,3875850.0,4.639,0.0,100.0,Normal,ALLOW,ddos
1787352223.5467088,2,3,00:00:00:00:00:01,0,71547.66,3863573.44,4.504,0.0,0.0,Normal,ALLOW,ddos
1787352223.5526707,2,1,00:00:00:00:00:03,0,71547.66,3863573.44,4.35,0.0,0.0,Normal,ALLOW,ddos
1787352223.559181,2,2,00:00:00:00:00:04,0,75505.97,4077322.21,4.794,0.0,0.0,Normal,ALLOW,ddos
1787352223.9861686,1,3,00:00:00:00:00:03,0,71105.0,3839670.0,4.737,0.0,102.5,Normal,ALLOW,ddos
1787352223.9923348,1,2,00:00:00:00:00:02,0,77516.0,4185864.0,4.575,0.0,102.5,Normal,ALLOW,ddos
1787352223.9984446,1,1,00:00:00:00:00:01,0,70728.0,3819312.0,4.459,0.0,102.5,Normal,ALLOW,ddos
1787352224.0044346,1,1,00:00:00:00:00:01,0,77515.0,4185810.0,4.496,0.0,102.5,Normal,ALLOW,ddos
1787352224.5462918,2,3,00:00:00:00:00:01,0,69578.0,3757212.0,4.67,0.0,99.9,Normal,ALLOW,ddos
1787352224.552264,2,1,00:00:00:00:00:03,0,69578.0,3757212.0,4.466,0.0,99.9,Normal,ALLOW,ddos
1787352224.5580783,2,2,00:00:00:00:00:04,0,73354.0,3961116.0,4.332,0.0,99.9,Normal,ALLOW,ddos
1787352224.8367057,1,3,00:00:00:00:00:03,0,69403.0,3747762.0,4.543,0.0,96.0,Normal,ALLOW,ddos
1787352224.8428366,1,2,00:00:00:00:00:02,0,78463.0,4237002.0,4.489,0.0,96.0,Normal,ALLOW,ddos
1787352224.8490667,1,1,00:00:00:00:00:01,0,69403.0,3747762.0,4.464,0.0,96.0,Normal,ALLOW,ddos
1787352224.8549795,1,1,00:00:00:00:00:01,0,78463.0,4237002.0,4.392,0.0,96.0,Normal,ALLOW,ddos
1787352225.5443082,2,3,00:00:00:00:00:01,0,68547.0,3701538.0,4.668,0.0,0.0,Normal,ALLOW,ddos
1787352225.5505633,2,1,00:00:00:00:00:03,0,68547.0,3701538.0,4.623,0.0,0.0,Normal,ALLOW,ddos
1787352225.5567038,2,2,00:00:00:00:00:04,0,72630.0,3922020.0,4.59,0.0,0.0,Normal,ALLOW,ddos
1787352225.961742,1,3,00:00:00:00:00:03,0,64279.89,3471114.11,4.765,0.0,100.7,Normal,ALLOW,ddos
1787352225.967583,1,2,00:00:00:00:00:02,0,70886.31,3827860.7,4.357,0.0,100.7,Normal,ALLOW,ddos
1787352225.9734888,1,1,00:00:00:00:00:01,0,64279.89,3471114.11,4.42,0.0,100.7,Normal,ALLOW,ddos
1787352225.9795303,1,1,00:00:00:00:00:01,0,70886.31,3827860.7,4.493,0.0,100.7,Normal,ALLOW,ddos
1787352226.5460482,2,3,00:00:00:00:00:01,0,73562.91,3972397.34,5.04,0.0,99.3,Normal,ALLOW,ddos
1787352226.5521474,2,1,00:00:00:00:00:03,0,73561.91,3972343.38,4.386,0.0,99.3,Normal,ALLOW,ddos
1787352226.5580218,2,2,00:00:00:00:00:04,0,72417.93,3910568.04,4.303,0.0,99.3,Normal,ALLOW,ddos
1787352227.036086,1,3,00:00:00:00:00:03,0,66903.98,3612814.75,4.543,0.0,99.9,Normal,ALLOW,ddos
1787352227.0467942,1,2,00:00:00:00:00:02,0,74727.85,4035303.88,8.94,0.0,99.9,Normal,ALLOW,ddos
1787352227.0561767,1,1,00:00:00:00:00:01,0,66903.98,3612814.75,6.819,0.0,99.9,Normal,ALLOW,ddos
1787352227.0629234,1,1,00:00:00:00:00:01,0,74727.85,4035303.88,4.708,0.0,99.9,Normal,ALLOW,ddos
1787352227.5484061,2,3,00:00:00:00:00:01,0,71076.54,3838133.09,4.474,0.0,0.0,Normal,ALLOW,ddos
1787352227.5543275,2,1,00:00:00:00:00:03,0,71077.54,3838186.9,4.429,0.0,0.0,Normal,ALLOW,ddos
1787352227.5603797,2,2,00:00:00:00:00:04,0,73393.34,3963240.48,4.421,0.0,0.0,Normal,ALLOW,ddos
1787352228.0311258,1,3,00:00:00:00:00:03,0,71053.0,3836862.0,5.763,0.0,99.9,Normal,ALLOW,ddos
1787352228.0377278,1,2,00:00:00:00:00:02,0,80880.0,4367520.0,4.579,0.0,99.9,Normal,ALLOW,ddos
1787352228.046978,1,1,00:00:00:00:00:01,0,80880.0,4367520.0,7.177,0.0,99.9,Normal,ALLOW,ddos
1787352228.0544994,1,1,00:00:00:00:00:01,0,71053.0,3836862.0,4.91,0.0,99.9,Normal,ALLOW,ddos
1787352228.551088,2,3,00:00:00:00:00:01,0,67164.13,3626863.26,4.34,0.0,0.0,Normal,ALLOW,ddos
1787352228.5570738,2,1,00:00:00:00:00:03,0,67164.13,3626863.26,4.407,0.0,0.0,Normal,ALLOW,ddos
1787352228.5636058,2,2,00:00:00:00:00:04,0,73411.68,3964230.86,4.679,0.0,0.0,Normal,ALLOW,ddos
1787352229.0465968,1,3,00:00:00:00:00:03,0,69754.61,3766749.06,4.553,0.0,99.0,Normal,ALLOW,ddos
1787352229.0529284,1,2,00:00:00:00:00:02,0,79814.07,4309959.74,4.391,0.0,99.0,Normal,ALLOW,ddos
1787352229.0590343,1,1,00:00:00:00:00:01,0,79814.07,4309959.74,4.448,0.0,99.0,Normal,ALLOW,ddos
1787352229.0654876,1,1,00:00:00:00:00:01,0,69754.61,3766749.06,4.575,0.0,99.0,Normal,ALLOW,ddos
1787352229.5483994,2,3,00:00:00:00:00:01,0,71092.0,3838968.0,4.405,0.0,103.6,Normal,ALLOW,ddos
1787352229.5542326,2,1,00:00:00:00:00:03,0,71092.0,3838968.0,4.286,0.0,103.6,Normal,ALLOW,ddos
1787352229.560292,2,2,00:00:00:00:00:04,0,74303.0,4012362.0,4.579,0.0,103.6,Normal,ALLOW,ddos
1787352230.1617112,1,3,00:00:00:00:00:03,0,65210.77,3521381.39,4.913,0.0,99.5,Normal,ALLOW,ddos
1787352230.1677601,1,2,00:00:00:00:00:02,0,72934.39,3938457.2,4.215,0.0,99.5,Normal,ALLOW,ddos
1787352230.1735098,1,1,00:00:00:00:00:01,0,72934.39,3938457.2,4.139,0.0,99.5,Normal,ALLOW,ddos
1787352230.1796658,1,1,00:00:00:00:00:01,0,65210.77,3521381.39,4.287,0.0,99.5,Normal,ALLOW,ddos
1787352230.5508068,2,3,00:00:00:00:00:01,0,70432.74,3803367.92,4.526,0.0,100.1,Normal,ALLOW,ddos
1787352230.5568202,2,1,00:00:00:00:00:03,0,70432.74,3803367.92,4.484,0.0,100.1,Normal,ALLOW,ddos
1787352230.5632162,2,2,00:00:00:00:00:04,0,74703.75,4034002.43,4.644,0.0,100.1,Normal,ALLOW,ddos
1787352231.1681116,1,3,00:00:00:00:00:03,0,69574.5,3757022.73,4.617,0.0,100.5,Normal,ALLOW,ddos
1787352231.1746445,1,2,00:00:00:00:00:02,0,78297.26,4228051.81,4.993,0.0,100.5,Normal,ALLOW,ddos
1787352231.1808755,1,1,00:00:00:00:00:01,0,69574.5,3757022.73,4.458,0.0,100.5,Normal,ALLOW,ddos
1787352231.1869144,1,1,00:00:00:00:00:01,0,78297.26,4228051.81,4.51,0.0,100.5,Normal,ALLOW,ddos
1787352231.555355,2,3,00:00:00:00:00:01,0,68483.97,3698134.35,4.839,0.0,0.0,Normal,ALLOW,ddos
1787352231.5617795,2,1,00:00:00:00:00:03,0,68483.97,3698134.35,4.849,0.0,0.0,Normal,ALLOW,ddos
1787352231.5680711,2,2,00:00:00:00:00:04,0,69899.21,3774557.41,4.732,0.0,0.0,Normal,ALLOW,ddos
1787352232.1620157,1,3,00:00:00:00:00:03,0,69921.0,3775734.0,4.519,0.0,100.6,Normal,ALLOW,ddos
1787352232.1689503,1,2,00:00:00:00:00:02,0,78796.0,4254984.0,4.804,0.0,100.6,Normal,ALLOW,ddos
1787352232.1760476,1,1,00:00:00:00:00:01,0,78796.0,4254984.0,4.612,0.0,100.6,Normal,ALLOW,ddos
1787352232.1826682,1,1,00:00:00:00:00:01,0,69921.0,3775734.0,4.508,0.0,100.6,Normal,ALLOW,ddos
1787352232.5613031,2,3,00:00:00:00:00:01,0,66680.26,3600733.81,4.798,0.0,97.9,Normal,ALLOW,ddos
1787352232.5682356,2,1,00:00:00:00:00:03,0,66680.26,3600733.81,4.947,0.0,97.9,Normal,ALLOW,ddos
1787352232.5754125,2,2,00:00:00:00:00:04,0,67022.54,3619217.02,5.316,0.0,97.9,Normal,ALLOW,ddos
1787352233.1847513,1,3,00:00:00:00:00:03,0,67652.84,3653253.32,4.443,0.0,98.0,Normal,ALLOW,ddos
1787352233.1914144,1,2,00:00:00:00:00:02,0,77974.12,4210602.62,5.026,0.0,98.0,Normal,ALLOW,ddos
1787352233.1975508,1,1,00:00:00:00:00:01,0,67652.84,3653253.32,4.408,0.0,98.0,Normal,ALLOW,ddos
1787352233.2039661,1,1,00:00:00:00:00:01,0,77974.12,4210602.62,4.412,0.0,98.0,Normal,ALLOW,ddos
1787352233.5544257,2,3,00:00:00:00:00:01,0,71085.0,3838590.0,4.424,0.0,0.0,Normal,ALLOW,ddos
1787352233.5604641,2,1,00:00:00:00:00:03,0,71085.0,3838590.0,4.435,0.0,0.0,Normal,ALLOW,ddos
1787352233.5680656,2,2,00:00:00:00:00:04,0,73653.0,3977262.0,5.919,0.0,0.0,Normal,ALLOW,ddos
1787352234.2249358,1,3,00:00:00:00:00:03,0,68275.8,3686893.26,5.642,0.0,100.3,Normal,ALLOW,ddos
1787352234.2328272,1,2,00:00:00:00:00:02,0,75412.49,4072274.29,4.939,0.0,100.3,Normal,ALLOW,ddos
1787352234.24025,1,1,00:00:00:00:00:01,0,68274.84,3686841.25,5.155,0.0,100.3,Normal,ALLOW,ddos
1787352234.2504828,1,1,00:00:00:00:00:01,0,75412.49,4072274.29,7.424,0.0,100.3,Normal,ALLOW,ddos
1787352234.5611794,2,3,00:00:00:00:00:01,0,64702.31,3493924.71,4.66,0.0,97.7,Normal,ALLOW,ddos
1787352234.5675435,2,1,00:00:00:00:00:03,0,64702.31,3493924.71,4.571,0.0,97.7,Normal,ALLOW,ddos
1787352234.5741954,2,2,00:00:00:00:00:04,0,66212.54,3575477.18,4.806,0.0,97.7,Normal,ALLOW,ddos
1787352235.3610744,1,3,00:00:00:00:00:03,0,61144.19,3301786.25,4.584,0.0,100.2,Normal,ALLOW,ddos
1787352235.3672423,1,2,00:00:00:00:00:02,0,70815.33,3824027.9,4.419,0.0,100.2,Normal,ALLOW,ddos
1787352235.3735447,1,1,00:00:00:00:00:01,0,61145.07,3301833.73,4.75,0.0,100.2,Normal,ALLOW,ddos
1787352235.380055,1,1,00:00:00:00:00:01,0,70815.33,3824027.9,4.698,0.0,100.2,Normal,ALLOW,ddos
1787352235.5636485,2,3,00:00:00:00:00:01,0,65525.74,3538390.09,4.683,0.0,103.7,Normal,ALLOW,ddos
1787352235.5703032,2,1,00:00:00:00:00:03,0,65525.74,3538390.09,4.698,0.0,103.7,Normal,ALLOW,ddos
1787352235.5804987,2,2,00:00:00:00:00:04,0,69512.54,3753677.13,7.88,0.0,103.7,Normal,ALLOW,ddos
1787352236.4733696,1,3,00:00:00:00:00:03,0,63225.96,3414201.69,4.499,0.0,99.4,Normal,ALLOW,ddos
1787352236.4793477,1,2,00:00:00:00:00:02,0,74452.16,4020416.89,4.457,0.0,99.4,Normal,ALLOW,ddos
1787352236.4852464,1,1,00:00:00:00:00:01,0,63225.06,3414153.15,4.391,0.0,99.4,Normal,ALLOW,ddos
1787352236.4911091,1,1,00:00:00:00:00:01,0,74452.16,4020416.89,4.368,0.0,99.4,Normal,ALLOW,ddos
1787352236.5663016,2,3,00:00:00:00:00:01,0,64253.05,3469664.87,4.575,0.0,0.0,Normal,ALLOW,ddos
1787352236.5724132,2,1,00:00:00:00:00:03,0,64253.05,3469664.87,4.576,0.0,0.0,Normal,ALLOW,ddos
1787352236.5784326,2,2,00:00:00:00:00:04,0,66798.86,3607138.61,4.495,0.0,0.0,Normal,ALLOW,ddos
1787352237.334871,1,3,00:00:00:00:00:03,0,67783.0,3660282.0,4.989,0.0,99.0,Normal,ALLOW,ddos
1787352237.3415062,1,2,00:00:00:00:00:02,0,77523.0,4186242.0,4.733,0.0,99.0,Normal,ALLOW,ddos
1787352237.3481326,1,1,00:00:00:00:00:01,0,67784.0,3660336.0,4.666,0.0,99.0,Normal,ALLOW,ddos
1787352237.3543847,1,1,00:00:00:00:00:01,0,77523.0,4186242.0,4.499,0.0,99.0,Normal,ALLOW,ddos
1787352237.5657837,2,3,00:00:00:00:00:01,0,68051.0,3674754.0,4.934,0.0,99.5,Normal,ALLOW,ddos
1787352237.5719059,2,1,00:00:00:00:00:03,0,68052.0,3674808.0,4.451,0.0,99.5,Normal,ALLOW,ddos
1787352237.5781648,2,2,00:00:00:00:00:04,0,69818.0,3770172.0,4.411,0.0,99.5,Normal,ALLOW,ddos
1787352238.4480863,1,3,00:00:00:00:00:03,0,63909.46,3451110.62,4.683,0.0,100.9,Normal,ALLOW,ddos
1787352238.453973,1,2,00:00:00:00:00:02,0,73158.43,3950555.41,4.392,0.0,100.9,Normal,ALLOW,ddos
1787352238.4599206,1,1,00:00:00:00:00:01,0,63909.46,3451110.62,4.458,0.0,100.9,Normal,ALLOW,ddos
1787352238.465764,1,1,00:00:00:00:00:01,0,73158.43,3950555.41,4.372,0.0,100.9,Normal,ALLOW,ddos
1787352238.5669067,2,3,00:00:00:00:00:01,0,68012.05,3672650.72,4.593,0.0,0.0,Normal,ALLOW,ddos
1787352238.5731726,2,1,00:00:00:00:00:03,0,68011.05,3672596.82,4.538,0.0,0.0,Normal,ALLOW,ddos
1787352238.5792828,2,2,00:00:00:00:00:04,0,71578.24,3865224.77,4.455,0.0,0.0,Normal,ALLOW,ddos
1787352239.4691586,1,3,00:00:00:00:00:03,0,70515.12,3807816.45,4.634,0.0,99.9,Normal,ALLOW,ddos
1787352239.4751532,1,2,00:00:00:00:00:02,0,77076.1,4162109.44,4.46,0.0,99.9,Normal,ALLOW,ddos
1787352239.4814694,1,1,00:00:00:00:00:01,0,70516.1,3807869.35,4.573,0.0,99.9,Normal,ALLOW,ddos
1787352239.487319,1,1,00:00:00:00:00:01,0,77076.1,4162109.44,4.343,0.0,99.9,Normal,ALLOW,ddos
1787352239.5713663,2,3,00:00:00:00:00:01,0,68743.38,3712142.52,4.613,0.0,98.0,Normal,ALLOW,ddos
1787352239.5795035,2,1,00:00:00:00:00:03,0,68743.38,3712142.52,5.655,0.0,98.0,Normal,ALLOW,ddos
1787352239.5859175,2,2,00:00:00:00:00:04,0,72405.2,3909880.91,4.491,0.0,98.0,Normal,ALLOW,ddos
1787352240.807937,1,3,00:00:00:00:00:03,0,49078.15,2650220.08,4.521,0.0,97.2,Normal,ALLOW,ddos
1787352240.8144333,1,2,00:00:00:00:00:02,0,55279.0,2985065.79,4.608,0.0,97.2,Normal,ALLOW,ddos
1787352240.8207753,1,1,00:00:00:00:00:01,0,49076.66,2650139.45,4.537,0.0,97.2,Normal,ALLOW,ddos
1787352240.8281476,1,1,00:00:00:00:00:01,0,55279.0,2985065.79,5.202,0.0,97.2,Normal,ALLOW,ddos
1787352241.0783112,2,3,00:00:00:00:00:01,0,42628.8,2301955.38,4.557,0.0,99.9,Normal,ALLOW,ddos
1787352241.084461,2,1,00:00:00:00:00:03,0,42628.8,2301955.38,4.523,0.0,99.9,Normal,ALLOW,ddos
1787352241.0906303,2,2,00:00:00:00:00:04,0,47332.91,2555977.1,4.486,0.0,99.9,Normal,ALLOW,ddos
1787352241.575228,2,3,00:00:00:00:00:01,0,70555.0,3809970.0,5.082,0.0,98.7,Normal,ALLOW,ddos
1787352241.581456,2,1,00:00:00:00:00:03,0,70555.0,3809970.0,4.397,0.0,98.7,Normal,ALLOW,ddos
1787352241.5874283,2,2,00:00:00:00:00:04,0,73195.0,3952530.0,4.317,0.0,98.7,Normal,ALLOW,ddos
1787352241.5937762,2,3,00:00:00:00:00:01,0,76079.0,4108266.0,4.732,0.0,98.7,Normal,ALLOW,ddos
1787352241.862867,1,3,00:00:00:00:00:03,0,66956.89,3615672.29,4.488,0.0,99.4,Normal,ALLOW,ddos
1787352241.869703,1,2,00:00:00:00:00:02,0,75547.84,4079583.59,5.213,0.0,99.4,Normal,ALLOW,ddos
1787352241.8761072,1,1,00:00:00:00:00:01,0,66957.84,3615723.48,4.41,0.0,99.4,Normal,ALLOW,ddos
1787352241.8820407,1,1,00:00:00:00:00:01,0,75547.84,4079583.59,4.289,0.0,99.4,Normal,ALLOW,ddos
1787352241.8891575,1,3,00:00:00:00:00:04,0,65925.56,3559980.42,4.781,0.0,99.4,Normal,ALLOW,ddos
1787352242.359154,1,3,00:00:00:00:00:03,0,74062.0,3999348.0,4.49,0.0,100.8,Normal,ALLOW,ddos
1787352242.365479,1,2,00:00:00:00:00:02,0,78433.0,4235382.0,4.488,0.0,100.8,Normal,ALLOW,ddos
1787352242.3721352,1,1,00:00:00:00:00:01,0,74061.0,3999294.0,4.744,0.0,100.8,Normal,ALLOW,ddos
1787352242.3784437,1,1,00:00:00:00:00:01,0,78433.0,4235382.0,4.427,0.0,100.8,Normal,ALLOW,ddos
1787352242.3850553,1,3,00:00:00:00:00:04,0,76856.0,4150224.0,4.495,0.0,100.8,Normal,ALLOW,ddos
1787352242.5729704,2,3,00:00:00:00:00:01,0,70680.0,3816720.0,4.296,0.0,98.0,Normal,ALLOW,ddos
1787352242.5797455,2,1,00:00:00:00:00:03,0,70680.0,3816720.0,4.607,0.0,98.0,Normal,ALLOW,ddos
1787352242.5864797,2,2,00:00:00:00:00:04,0,74488.0,4022352.0,5.016,0.0,98.0,Normal,ALLOW,ddos
1787352242.5927324,2,3,00:00:00:00:00:01,0,78199.0,4222746.0,4.443,0.0,98.0,Normal,ALLOW,ddos
1787352242.8859158,1,3,00:00:00:00:00:03,0,73157.0,3950478.0,4.521,0.0,101.6,Normal,ALLOW,ddos
1787352242.8920696,1,2,00:00:00:00:00:02,0,79271.0,4280634.0,4.408,0.0,101.6,Normal,ALLOW,ddos
1787352242.897985,1,1,00:00:00:00:00:01,0,73158.0,3950532.0,4.251,0.0,101.6,Normal,ALLOW,ddos
1787352242.9040427,1,3,00:00:00:00:00:04,0,75477.0,4075758.0,4.533,0.0,101.6,Normal,ALLOW,ddos
1787352242.9100728,1,1,00:00:00:00:00:01,0,79271.0,4280634.0,4.298,0.0,101.6,Normal,ALLOW,ddos
1787352243.5767949,2,3,00:00:00:00:00:01,0,71311.09,3850798.62,4.463,0.0,0.0,Normal,ALLOW,ddos
1787352243.5830836,2,1,00:00:00:00:00:03,0,71311.09,3850798.62,4.346,0.0,0.0,Normal,ALLOW,ddos
1787352243.5890048,2,2,00:00:00:00:00:04,0,75851.01,4095954.56,4.343,0.0,0.0,Normal,ALLOW,ddos
1787352243.5952787,2,3,00:00:00:00:00:01,0,79827.18,4310667.72,4.327,0.0,0.0,Normal,ALLOW,ddos
1787352243.7045238,1,3,00:00:00:00:00:03,0,74304.0,4012416.0,4.568,0.0,102.3,Normal,ALLOW,ddos
1787352243.7110262,1,2,00:00:00:00:00:02,0,83251.0,4495554.0,4.52,0.0,102.3,Normal,ALLOW,ddos
1787352243.7168117,1,1,00:00:00:00:00:01,0,74304.0,4012416.0,4.252,0.0,102.3,Normal,ALLOW,ddos
1787352243.7228544,1,3,00:00:00:00:00:04,0,73430.0,3965220.0,4.526,0.0,102.3,Normal,ALLOW,ddos
1787352243.7290704,1,1,00:00:00:00:00:01,0,83251.0,4495554.0,4.391,0.0,102.3,Normal,ALLOW,ddos
1787352244.5770786,2,3,00:00:00:00:00:01,0,64824.84,3500541.28,4.453,0.0,0.0,Normal,ALLOW,ddos
1787352244.5831604,2,1,00:00:00:00:00:03,0,76354.36,4123135.62,4.527,0.0,0.0,Normal,ALLOW,ddos
1787352244.5892305,2,2,00:00:00:00:00:04,0,76421.34,4126752.22,4.311,0.0,0.0,Normal,ALLOW,ddos
1787352244.59503,2,3,00:00:00:00:00:01,0,80474.76,4345637.26,4.285,0.0,0.0,Normal,ALLOW,ddos
1787352244.8081694,1,3,00:00:00:00:00:03,0,69261.41,3740116.05,4.555,0.0,104.1,Normal,ALLOW,ddos
1787352244.8145638,1,2,00:00:00:00:00:02,0,76551.32,4133771.28,4.715,0.0,104.1,Normal,ALLOW,ddos
1787352244.8208253,1,1,00:00:00:00:00:01,0,69261.41,3740116.05,4.549,0.0,104.1,Normal,ALLOW,ddos
1787352244.827109,1,1,00:00:00:00:00:01,0,76551.32,4133771.28,4.605,0.0,104.1,Normal,ALLOW,ddos
1787352244.833662,1,3,00:00:00:00:00:04,0,64685.05,3492992.94,4.45,0.0,104.1,Normal,ALLOW,ddos
1787352245.5789433,2,1,00:00:00:00:00:03,0,119541.21,6455225.13,4.564,0.0,100.0,Normal,ALLOW,ddos
1787352245.5852256,2,2,00:00:00:00:00:04,0,73583.65,3973517.08,4.604,0.0,100.0,Normal,ALLOW,ddos
1787352245.5917542,2,3,00:00:00:00:00:01,0,77548.51,4187619.3,4.904,0.0,100.0,Normal,ALLOW,ddos
1787352245.7974977,1,3,00:00:00:00:00:03,0,74195.0,4006530.0,4.636,0.0,101.1,Normal,ALLOW,ddos
1787352245.803429,1,2,00:00:00:00:00:02,0,80544.0,4349376.0,4.401,0.0,101.1,Normal,ALLOW,ddos
1787352245.8094442,1,1,00:00:00:00:00:01,0,74195.0,4006530.0,4.495,0.0,101.1,Normal,ALLOW,ddos
1787352245.8155284,1,1,00:00:00:00:00:01,0,80544.0,4349376.0,4.542,0.0,101.1,Normal,ALLOW,ddos
1787352245.821708,1,3,00:00:00:00:00:04,0,74194.0,4006476.0,4.615,0.0,101.1,Normal,ALLOW,ddos
1787352246.5811315,2,1,00:00:00:00:00:03,0,123503.01,6669162.36,4.697,0.0,98.3,Normal,ALLOW,ddos
1787352246.5873756,2,2,00:00:00:00:00:04,0,74154.08,4004320.09,4.595,0.0,98.3,Normal,ALLOW,ddos
1787352246.593704,2,3,00:00:00:00:00:01,0,77999.64,4211980.63,4.646,0.0,98.3,Normal,ALLOW,ddos
1787352246.7900357,1,3,00:00:00:00:00:03,0,72667.0,3924018.0,4.736,0.0,100.9,Normal,ALLOW,ddos
1787352246.7971284,1,2,00:00:00:00:00:02,0,80948.0,4371192.0,4.54,0.0,100.9,Normal,ALLOW,ddos
1787352246.8031695,1,1,00:00:00:00:00:01,0,72666.0,3923964.0,4.463,0.0,100.9,Normal,ALLOW,ddos
1787352246.8093011,1,3,00:00:00:00:00:04,0,74217.0,4007718.0,4.452,0.0,100.9,Normal,ALLOW,ddos
1787352246.815282,1,1,00:00:00:00:00:01,0,80948.0,4371192.0,4.383,0.0,100.9,Normal,ALLOW,ddos
1787352247.5838988,2,1,00:00:00:00:00:03,0,123049.04,6644647.99,4.583,0.0,0.0,Normal,ALLOW,ddos
1787352247.589888,2,2,00:00:00:00:00:04,0,74161.26,4004708.04,4.462,0.0,0.0,Normal,ALLOW,ddos
1787352247.5961063,2,3,00:00:00:00:00:01,0,78163.24,4220815.15,4.552,0.0,0.0,Normal,ALLOW,ddos
1787352247.7507694,1,3,00:00:00:00:00:03,0,72902.0,3936708.0,4.652,0.0,96.2,Normal,ALLOW,ddos
1787352247.7567759,1,2,00:00:00:00:00:02,0,81361.0,4393494.0,4.476,0.0,96.2,Normal,ALLOW,ddos
1787352247.7626624,1,1,00:00:00:00:00:01,0,72904.0,3936816.0,4.367,0.0,96.2,Normal,ALLOW,ddos
1787352247.7685566,1,1,00:00:00:00:00:01,0,81361.0,4393494.0,4.428,0.0,96.2,Normal,ALLOW,ddos
1787352247.7744067,1,3,00:00:00:00:00:04,0,71930.0,3884220.0,4.37,0.0,96.2,Normal,ALLOW,ddos
1787352248.5858436,2,1,00:00:00:00:00:03,0,125684.14,6786943.55,4.452,0.0,0.0,Normal,ALLOW,ddos
1787352248.5919104,2,2,00:00:00:00:00:04,0,73540.95,3971211.26,4.563,0.0,0.0,Normal,ALLOW,ddos
1787352248.5979435,2,3,00:00:00:00:00:01,0,77587.58,4189729.46,4.436,0.0,0.0,Normal,ALLOW,ddos
1787352248.713351,1,3,00:00:00:00:00:03,0,70326.0,3797604.0,4.554,0.0,94.6,Normal,ALLOW,ddos
1787352248.719408,1,2,00:00:00:00:00:02,0,77278.0,4173012.0,4.502,0.0,94.6,Normal,ALLOW,ddos
1787352248.7254038,1,1,00:00:00:00:00:01,0,70325.0,3797550.0,4.424,0.0,94.6,Normal,ALLOW,ddos
1787352248.7314498,1,1,00:00:00:00:00:01,0,77278.0,4173012.0,4.438,0.0,94.6,Normal,ALLOW,ddos
1787352248.737986,1,3,00:00:00:00:00:04,0,71050.0,3836700.0,4.427,0.0,94.6,Normal,ALLOW,ddos
1787352249.6004198,2,1,00:00:00:00:00:03,0,119955.12,6477576.26,4.493,0.0,100.3,Normal,ALLOW,ddos
1787352249.606469,2,2,00:00:00:00:00:04,0,72471.07,3913438.03,4.516,0.0,100.3,Normal,ALLOW,ddos
1787352249.6126072,2,3,00:00:00:00:00:01,0,76335.79,4122132.71,4.442,0.0,100.3,Normal,ALLOW,ddos
1787352249.730322,1,3,00:00:00:00:00:03,0,67114.65,3624190.96,5.678,0.0,101.4,Normal,ALLOW,ddos
1787352249.7369015,1,2,00:00:00:00:00:02,0,71432.55,3857357.78,4.648,0.0,101.4,Normal,ALLOW,ddos
1787352249.7437592,1,1,00:00:00:00:00:01,0,67115.63,3624244.15,4.858,0.0,101.4,Normal,ALLOW,ddos
1787352249.750771,1,1,00:00:00:00:00:01,0,71432.55,3857357.78,4.755,0.0,101.4,Normal,ALLOW,ddos
1787352249.7578163,1,3,00:00:00:00:00:04,0,70283.15,3795289.88,5.186,0.0,101.4,Normal,ALLOW,ddos
1787352250.5905275,2,1,00:00:00:00:00:03,0,123505.0,6669270.0,4.564,0.0,99.8,Normal,ALLOW,ddos
1787352250.5968072,2,2,00:00:00:00:00:04,0,70960.0,3831840.0,4.448,0.0,99.8,Normal,ALLOW,ddos
1787352250.6027699,2,3,00:00:00:00:00:01,0,74816.0,4040064.0,4.345,0.0,99.8,Normal,ALLOW,ddos
1787352250.7148373,1,3,00:00:00:00:00:03,0,71546.0,3863484.0,5.077,0.0,96.4,Normal,ALLOW,ddos
1787352250.7208698,1,2,00:00:00:00:00:02,0,77280.0,4173120.0,4.395,0.0,96.4,Normal,ALLOW,ddos
1787352250.7272592,1,1,00:00:00:00:00:01,0,71544.0,3863376.0,4.748,0.0,96.4,Normal,ALLOW,ddos
1787352250.7335353,1,3,00:00:00:00:00:04,0,76169.0,4113126.0,4.41,0.0,96.4,Normal,ALLOW,ddos
1787352250.7397115,1,1,00:00:00:00:00:01,0,77281.0,4173174.0,4.466,0.0,96.4,Normal,ALLOW,ddos
1787352251.5905268,2,1,00:00:00:00:00:03,0,130117.82,7026362.14,4.549,0.0,100.4,Normal,ALLOW,ddos
1787352251.5966613,2,2,00:00:00:00:00:04,0,72422.89,3910836.0,4.495,0.0,100.4,Normal,ALLOW,ddos
1787352251.6026125,2,3,00:00:00:00:00:01,0,76405.61,4125902.83,4.456,0.0,100.4,Normal,ALLOW,ddos
1787352251.8611221,1,3,00:00:00:00:00:03,0,62727.17,3387267.11,8.453,0.0,97.7,Normal,ALLOW,ddos
1787352251.868079,1,2,00:00:00:00:00:02,0,69508.03,3753433.85,4.837,0.0,97.7,Normal,ALLOW,ddos
1787352251.8749583,1,1,00:00:00:00:00:01,0,62728.04,3387314.41,4.819,0.0,97.7,Normal,ALLOW,ddos
1787352251.8817651,1,1,00:00:00:00:00:01,0,69507.16,3753386.55,4.661,0.0,97.7,Normal,ALLOW,ddos
1787352251.891796,1,3,00:00:00:00:00:04,0,67403.96,3639813.84,7.823,0.0,97.7,Normal,ALLOW,ddos
1787352252.5950913,2,1,00:00:00:00:00:03,0,116957.97,6315730.64,4.805,0.0,0.0,Normal,ALLOW,ddos
1787352252.601522,2,2,00:00:00:00:00:04,0,66435.19,3587500.1,4.594,0.0,0.0,Normal,ALLOW,ddos
1787352252.6084027,2,3,00:00:00:00:00:01,0,69938.32,3776669.45,5.05,0.0,0.0,Normal,ALLOW,ddos
1787352253.007324,1,3,00:00:00:00:00:03,0,63234.32,3414653.37,5.238,0.0,99.7,Normal,ALLOW,ddos
1787352253.0141098,1,2,00:00:00:00:00:02,0,66494.05,3590678.53,4.531,0.0,99.7,Normal,ALLOW,ddos
1787352253.020211,1,1,00:00:00:00:00:01,0,63234.32,3414653.37,4.392,0.0,99.7,Normal,ALLOW,ddos
1787352253.0265803,1,1,00:00:00:00:00:01,0,66494.05,3590678.53,4.677,0.0,99.7,Normal,ALLOW,ddos
1787352253.0328708,1,3,00:00:00:00:00:04,0,65106.71,3515762.22,4.38,0.0,99.7,Normal,ALLOW,ddos
1787352253.5958946,2,1,00:00:00:00:00:03,0,120205.11,6491076.14,4.949,0.0,0.0,Normal,ALLOW,ddos
1787352253.6020422,2,2,00:00:00:00:00:04,0,68100.44,3677423.61,4.392,0.0,0.0,Normal,ALLOW,ddos
1787352253.6085367,2,3,00:00:00:00:00:01,0,71881.96,3881625.96,4.917,0.0,0.0,Normal,ALLOW,ddos
1787352254.0142334,1,3,00:00:00:00:00:03,0,68991.44,3725537.96,4.495,0.0,100.3,Normal,ALLOW,ddos
1787352254.020656,1,2,00:00:00:00:00:02,0,77023.88,4159289.45,4.689,0.0,100.3,Normal,ALLOW,ddos
1787352254.0270264,1,1,00:00:00:00:00:01,0,68991.44,3725537.96,4.417,0.0,100.3,Normal,ALLOW,ddos
1787352254.0329137,1,1,00:00:00:00:00:01,0,77023.88,4159289.45,4.24,0.0,100.3,Normal,ALLOW,ddos
1787352254.0391712,1,3,00:00:00:00:00:04,0,71318.74,3851211.79,4.641,0.0,100.3,Normal,ALLOW,ddos
1787352254.5944397,2,1,00:00:00:00:00:03,0,115233.0,6222582.0,4.662,0.0,100.0,Normal,ALLOW,ddos
1787352254.6007228,2,2,00:00:00:00:00:04,0,70279.0,3795066.0,4.605,0.0,100.0,Normal,ALLOW,ddos
1787352254.6068788,2,3,00:00:00:00:00:01,0,74167.0,4005018.0,4.56,0.0,100.0,Normal,ALLOW,ddos
1787352255.0277617,1,3,00:00:00:00:00:03,0,71776.41,3875926.02,4.774,0.0,99.3,Normal,ALLOW,ddos
1787352255.0337982,1,2,00:00:00:00:00:02,0,78191.73,4222353.39,4.514,0.0,99.3,Normal,ALLOW,ddos
1787352255.0402005,1,1,00:00:00:00:00:01,0,71776.41,3875926.02,4.872,0.0,99.3,Normal,ALLOW,ddos
1787352255.046347,1,1,00:00:00:00:00:01,0,78191.73,4222353.39,4.588,0.0,99.3,Normal,ALLOW,ddos
1787352255.0523682,1,3,00:00:00:00:00:04,0,70234.01,3792636.37,4.489,0.0,99.3,Normal,ALLOW,ddos
1787352255.596058,2,1,00:00:00:00:00:03,0,123798.74,6685132.11,4.552,0.0,100.3,Normal,ALLOW,ddos
1787352255.602034,2,2,00:00:00:00:00:04,0,72189.57,3898236.84,4.411,0.0,100.3,Normal,ALLOW,ddos
1787352255.607898,2,3,00:00:00:00:00:01,0,76116.44,4110287.91,4.365,0.0,100.3,Normal,ALLOW,ddos
1787352255.9979055,1,3,00:00:00:00:00:03,0,70761.0,3821094.0,4.413,0.0,101.9,Normal,ALLOW,ddos
1787352256.0036879,1,2,00:00:00:00:00:02,0,81532.0,4402728.0,4.301,0.0,101.9,Normal,ALLOW,ddos
1787352256.009759,1,1,00:00:00:00:00:01,0,70761.0,3821094.0,4.568,0.0,101.9,Normal,ALLOW,ddos
1787352256.017793,1,1,00:00:00:00:00:01,0,81532.0,4402728.0,6.192,0.0,101.9,Normal,ALLOW,ddos
1787352256.0244403,1,3,00:00:00:00:00:04,0,75834.0,4095036.0,4.894,0.0,101.9,Normal,ALLOW,ddos
1787352256.5989273,2,1,00:00:00:00:00:03,0,118216.89,6383711.88,4.445,0.0,0.0,Normal,ALLOW,ddos
1787352256.6048477,2,2,00:00:00:00:00:04,0,71973.83,3886587.08,4.441,0.0,0.0,Normal,ALLOW,ddos
1787352256.6107016,2,3,00:00:00:00:00:01,0,75944.53,4101004.62,4.369,0.0,0.0,Normal,ALLOW,ddos
1787352257.1338005,1,3,00:00:00:00:00:03,0,63121.0,3408533.95,4.559,0.0,99.2,Normal,ALLOW,ddos
1787352257.140938,1,2,00:00:00:00:00:02,0,71411.15,3856201.83,4.969,0.0,99.2,Normal,ALLOW,ddos
1787352257.148393,1,1,00:00:00:00:00:01,0,63120.12,3408486.4,4.552,0.0,99.2,Normal,ALLOW,ddos
1787352257.1550493,1,1,00:00:00:00:00:01,0,71411.15,3856201.83,4.657,0.0,99.2,Normal,ALLOW,ddos
1787352257.1623275,1,3,00:00:00:00:00:04,0,66686.62,3601077.74,4.834,0.0,99.2,Normal,ALLOW,ddos
1787352257.597103,2,1,00:00:00:00:00:03,0,127933.0,6908382.0,4.364,0.0,99.2,Normal,ALLOW,ddos
1787352257.6031334,2,2,00:00:00:00:00:04,0,73072.0,3945888.0,4.4,0.0,99.2,Normal,ALLOW,ddos
1787352257.6094656,2,3,00:00:00:00:00:01,0,76999.0,4157946.0,4.597,0.0,99.2,Normal,ALLOW,ddos
1787352258.1024256,1,3,00:00:00:00:00:03,0,71054.0,3836916.0,4.548,0.0,101.0,Normal,ALLOW,ddos
1787352258.1085598,1,2,00:00:00:00:00:02,0,78111.0,4217994.0,4.588,0.0,101.0,Normal,ALLOW,ddos
1787352258.1145763,1,1,00:00:00:00:00:01,0,71055.0,3836970.0,4.448,0.0,101.0,Normal,ALLOW,ddos
1787352258.120972,1,1,00:00:00:00:00:01,0,78111.0,4217994.0,4.82,0.0,101.0,Normal,ALLOW,ddos
1787352258.1268764,1,3,00:00:00:00:00:04,0,72681.0,3924774.0,4.208,0.0,101.0,Normal,ALLOW,ddos
1787352258.6037197,2,1,00:00:00:00:00:03,0,119892.71,6474206.35,4.76,0.0,0.0,Normal,ALLOW,ddos
1787352258.609948,2,2,00:00:00:00:00:04,0,72056.07,3891027.91,4.649,0.0,0.0,Normal,ALLOW,ddos
1787352258.615983,2,3,00:00:00:00:00:01,0,75887.1,4097903.28,4.488,0.0,0.0,Normal,ALLOW,ddos
1787352259.1042602,1,3,00:00:00:00:00:03,0,70637.58,3814429.29,4.414,0.0,99.8,Normal,ALLOW,ddos
1787352259.1102257,1,2,00:00:00:00:00:02,0,78479.66,4237901.48,4.348,0.0,99.8,Normal,ALLOW,ddos
1787352259.1161091,1,1,00:00:00:00:00:01,0,70637.58,3814429.29,4.304,0.0,99.8,Normal,ALLOW,ddos
1787352259.122373,1,1,00:00:00:00:00:01,0,78479.66,4237901.48,4.261,0.0,99.8,Normal,ALLOW,ddos
1787352259.128255,1,3,00:00:00:00:00:04,0,74939.84,4046751.59,4.316,0.0,99.8,Normal,ALLOW,ddos
1787352259.6035495,2,1,00:00:00:00:00:03,0,123206.0,6653124.0,5.757,0.0,0.0,Normal,ALLOW,ddos
1787352259.6114202,2,2,00:00:00:00:00:04,0,70397.0,3801438.0,5.818,0.0,0.0,Normal,ALLOW,ddos
1787352259.619247,2,3,00:00:00:00:00:01,0,74253.0,4009662.0,5.651,0.0,0.0,Normal,ALLOW,ddos
1787352260.1324885,1,3,00:00:00:00:00:03,0,69132.61,3733161.05,5.093,0.0,102.2,Normal,ALLOW,ddos
1787352260.139175,1,2,00:00:00:00:00:02,0,76219.41,4115848.34,4.65,0.0,102.2,Normal,ALLOW,ddos
1787352260.146004,1,1,00:00:00:00:00:01,0,69132.61,3733161.05,4.868,0.0,102.2,Normal,ALLOW,ddos
1787352260.1525972,1,1,00:00:00:00:00:01,0,76219.41,4115848.34,4.736,0.0,102.2,Normal,ALLOW,ddos
1787352260.1607695,1,3,00:00:00:00:00:04,0,73166.62,3950997.62,5.905,0.0,102.2,Normal,ALLOW,ddos
1787352260.6047058,2,1,00:00:00:00:00:03,0,112911.19,6097204.22,4.748,0.0,97.1,Normal,ALLOW,ddos
1787352260.6110961,2,2,00:00:00:00:00:04,0,66506.71,3591362.1,4.65,0.0,97.1,Normal,ALLOW,ddos
1787352260.6171365,2,3,00:00:00:00:00:01,0,70243.5,3793148.85,4.298,0.0,97.1,Normal,ALLOW,ddos
1787352261.1809092,1,3,00:00:00:00:00:03,0,67233.56,3630612.12,4.823,0.0,100.9,Normal,ALLOW,ddos
1787352261.1879106,1,2,00:00:00:00:00:02,0,72062.04,3891350.14,4.688,0.0,100.9,Normal,ALLOW,ddos
1787352261.1945355,1,1,00:00:00:00:00:01,0,67233.56,3630612.12,4.647,0.0,100.9,Normal,ALLOW,ddos
1787352261.2007744,1,1,00:00:00:00:00:01,0,72062.04,3891350.14,4.546,0.0,100.9,Normal,ALLOW,ddos
1787352261.2077703,1,3,00:00:00:00:00:04,0,70134.08,3787240.29,5.228,0.0,100.9,Normal,ALLOW,ddos
1787352261.606647,2,1,00:00:00:00:00:03,0,124071.69,6699871.3,5.15,0.0,100.8,Normal,ALLOW,ddos
1787352261.6130612,2,2,00:00:00:00:00:04,0,69168.94,3735122.71,4.49,0.0,100.8,Normal,ALLOW,ddos
1787352261.6194303,2,3,00:00:00:00:00:01,0,72842.84,3933513.18,4.595,0.0,100.8,Normal,ALLOW,ddos
1787352262.2033029,1,3,00:00:00:00:00:03,0,69700.99,3763853.59,4.465,0.0,98.9,Normal,ALLOW,ddos
1787352262.2091727,1,2,00:00:00:00:00:02,0,77122.08,4164592.31,4.26,0.0,98.9,Normal,ALLOW,ddos
1787352262.214829,1,1,00:00:00:00:00:01,0,69700.02,3763800.86,4.163,0.0,98.9,Normal,ALLOW,ddos
1787352262.2205822,1,1,00:00:00:00:00:01,0,77122.08,4164592.31,4.281,0.0,98.9,Normal,ALLOW,ddos
1787352262.226536,1,3,00:00:00:00:00:04,0,73099.52,3947373.89,4.434,0.0,98.9,Normal,ALLOW,ddos
1787352262.6066704,2,1,00:00:00:00:00:03,0,128384.79,6932778.64,4.693,0.0,0.0,Normal,ALLOW,ddos
1787352262.6129816,2,2,00:00:00:00:00:04,0,70811.25,3823807.71,4.494,0.0,0.0,Normal,ALLOW,ddos
1787352262.6190429,2,3,00:00:00:00:00:01,0,74726.73,4035243.62,4.472,0.0,0.0,Normal,ALLOW,ddos
1787352263.2184808,1,3,00:00:00:00:00:03,0,69142.39,3733689.24,5.046,0.0,99.9,Normal,ALLOW,ddos
1787352263.225264,1,2,00:00:00:00:00:02,0,76363.62,4123635.54,5.046,0.0,99.9,Normal,ALLOW,ddos
1787352263.2334566,1,1,00:00:00:00:00:01,0,69144.36,3733795.71,5.462,0.0,99.9,Normal,ALLOW,ddos
1787352263.2400095,1,1,00:00:00:00:00:01,0,76363.62,4123635.54,4.555,0.0,99.9,Normal,ALLOW,ddos
1787352263.2461042,1,3,00:00:00:00:00:04,0,71865.26,3880724.28,4.354,0.0,99.9,Normal,ALLOW,ddos
1787352263.6077716,2,1,00:00:00:00:00:03,0,120747.27,6520352.62,4.961,0.0,97.6,Normal,ALLOW,ddos
1787352263.6144445,2,2,00:00:00:00:00:04,0,70639.53,3814534.78,4.909,0.0,97.6,Normal,ALLOW,ddos
1787352263.620729,2,3,00:00:00:00:00:01,0,74621.72,4029572.74,4.36,0.0,97.6,Normal,ALLOW,ddos
1787352264.2254536,1,3,00:00:00:00:00:03,0,70302.18,3796317.6,4.397,0.0,100.5,Normal,ALLOW,ddos
1787352264.2316132,1,2,00:00:00:00:00:02,0,78808.02,4255632.97,4.569,0.0,100.5,Normal,ALLOW,ddos
1787352264.2380214,1,1,00:00:00:00:00:01,0,70301.19,3796264.02,4.506,0.0,100.5,Normal,ALLOW,ddos
1787352264.2440727,1,1,00:00:00:00:00:01,0,78808.02,4255632.97,4.367,0.0,100.5,Normal,ALLOW,ddos
1787352264.2498689,1,3,00:00:00:00:00:04,0,73917.06,3991521.28,4.27,0.0,100.5,Normal,ALLOW,ddos
1787352264.6091716,2,1,00:00:00:00:00:03,0,126978.72,6856850.71,4.783,0.0,0.0,Normal,ALLOW,ddos
1787352264.6152942,2,2,00:00:00:00:00:04,0,69520.83,3754124.82,4.474,0.0,0.0,Normal,ALLOW,ddos
1787352264.6211987,2,3,00:00:00:00:00:01,0,73544.14,3971383.52,4.381,0.0,0.0,Normal,ALLOW,ddos
1787352265.1880581,1,3,00:00:00:00:00:03,0,72664.0,3923856.0,4.884,0.0,100.3,Normal,ALLOW,ddos
1787352265.194265,1,2,00:00:00:00:00:02,0,81816.0,4418064.0,4.554,0.0,100.3,Normal,ALLOW,ddos
1787352265.200277,1,1,00:00:00:00:00:01,0,72664.0,3923856.0,4.479,0.0,100.3,Normal,ALLOW,ddos
1787352265.2062361,1,1,00:00:00:00:00:01,0,81817.0,4418118.0,4.406,0.0,100.3,Normal,ALLOW,ddos
1787352265.2122366,1,3,00:00:00:00:00:04,0,76889.0,4152006.0,4.454,0.0,100.3,Normal,ALLOW,ddos
1787352265.6112213,2,1,00:00:00:00:00:03,0,124088.71,6700790.1,4.479,0.0,0.0,Normal,ALLOW,ddos
1787352265.6172426,2,2,00:00:00:00:00:04,0,70229.14,3792373.52,4.43,0.0,0.0,Normal,ALLOW,ddos
1787352265.6231308,2,3,00:00:00:00:00:01,0,74274.64,4010830.7,4.313,0.0,0.0,Normal,ALLOW,ddos
1787352266.2732706,1,3,00:00:00:00:00:03,0,68651.53,3707182.44,4.605,0.0,101.3,Normal,ALLOW,ddos
1787352266.2793322,1,2,00:00:00:00:00:02,0,75261.23,4064106.26,4.445,0.0,101.3,Normal,ALLOW,ddos
1787352266.2853348,1,1,00:00:00:00:00:01,0,68651.53,3707182.44,4.454,0.0,101.3,Normal,ALLOW,ddos
1787352266.291293,1,1,00:00:00:00:00:01,0,75260.31,4064056.51,4.424,0.0,101.3,Normal,ALLOW,ddos
1787352266.2971876,1,3,00:00:00:00:00:04,0,71653.76,3869302.96,4.363,0.0,101.3,Normal,ALLOW,ddos
1787352266.6131155,2,1,00:00:00:00:00:03,0,129025.2,6967360.59,4.403,0.0,97.1,Normal,ALLOW,ddos
1787352266.6189923,2,2,00:00:00:00:00:04,0,71876.84,3881349.12,4.33,0.0,97.1,Normal,ALLOW,ddos
1787352266.6252995,2,3,00:00:00:00:00:01,0,75959.15,4101793.92,4.708,0.0,97.1,Normal,ALLOW,ddos
1787352267.2723281,1,3,00:00:00:00:00:03,0,72123.0,3894642.0,4.766,0.0,100.1,Normal,ALLOW,ddos
1787352267.2783601,1,2,00:00:00:00:00:02,0,77116.0,4164264.0,4.399,0.0,100.1,Normal,ALLOW,ddos
1787352267.2842793,1,1,00:00:00:00:00:01,0,72123.0,3894642.0,4.369,0.0,100.1,Normal,ALLOW,ddos
1787352267.2908757,1,1,00:00:00:00:00:01,0,77116.0,4164264.0,4.573,0.0,100.1,Normal,ALLOW,ddos
1787352267.297198,1,3,00:00:00:00:00:04,0,74772.0,4037688.0,4.638,0.0,100.1,Normal,ALLOW,ddos
1787352267.6180224,2,1,00:00:00:00:00:03,0,124290.06,6711663.14,4.667,0.0,0.0,Normal,ALLOW,ddos
1787352267.624423,2,2,00:00:00:00:00:04,0,70628.67,3813947.97,4.666,0.0,0.0,Normal,ALLOW,ddos
1787352267.6307607,2,3,00:00:00:00:00:01,0,74510.37,4023559.86,4.643,0.0,0.0,Normal,ALLOW,ddos
1787352268.2378693,1,3,00:00:00:00:00:03,0,72013.0,3888702.0,4.546,0.0,101.7,Normal,ALLOW,ddos
1787352268.2439783,1,2,00:00:00:00:00:02,0,78746.0,4252284.0,4.442,0.0,101.7,Normal,ALLOW,ddos
1787352268.2500124,1,1,00:00:00:00:00:01,0,72013.0,3888702.0,4.426,0.0,101.7,Normal,ALLOW,ddos
1787352268.2564712,1,1,00:00:00:00:00:01,0,78746.0,4252284.0,4.796,0.0,101.7,Normal,ALLOW,ddos
1787352268.2622247,1,3,00:00:00:00:00:04,0,75997.0,4103838.0,4.173,0.0,101.7,Normal,ALLOW,ddos
1787352268.61722,2,1,00:00:00:00:00:03,0,120835.0,6525090.0,4.56,0.0,0.0,Normal,ALLOW,ddos
1787352268.6240914,2,2,00:00:00:00:00:04,0,67894.0,3666276.0,5.081,0.0,0.0,Normal,ALLOW,ddos
1787352268.630311,2,3,00:00:00:00:00:01,0,71622.0,3867588.0,4.379,0.0,0.0,Normal,ALLOW,ddos
1787352269.139541,1,3,00:00:00:00:00:03,0,69578.0,3757212.0,4.733,0.0,99.8,Normal,ALLOW,ddos
1787352269.1454437,1,2,00:00:00:00:00:02,0,76539.0,4133106.0,4.306,0.0,99.8,Normal,ALLOW,ddos
1787352269.1512663,1,1,00:00:00:00:00:01,0,69578.0,3757212.0,4.211,0.0,99.8,Normal,ALLOW,ddos
1787352269.1569746,1,1,00:00:00:00:00:01,0,76539.0,4133106.0,4.244,0.0,99.8,Normal,ALLOW,ddos
1787352269.1627882,1,3,00:00:00:00:00:04,0,73353.0,3961062.0,4.208,0.0,99.8,Normal,ALLOW,ddos
1787352269.620348,2,1,00:00:00:00:00:03,0,124479.87,6721913.08,4.42,0.0,101.7,Normal,ALLOW,ddos
1787352269.6263762,2,2,00:00:00:00:00:04,0,67928.57,3668142.76,4.43,0.0,101.7,Normal,ALLOW,ddos
1787352269.6324716,2,3,00:00:00:00:00:01,0,71805.42,3877492.47,4.407,0.0,101.7,Normal,ALLOW,ddos
1787352270.270611,1,3,00:00:00:00:00:03,0,60600.37,3272420.15,4.674,0.0,100.0,Normal,ALLOW,ddos
1787352270.276957,1,2,00:00:00:00:00:02,0,69162.59,3734780.12,4.571,0.0,100.0,Normal,ALLOW,ddos
1787352270.2833004,1,1,00:00:00:00:00:01,0,60600.37,3272420.15,4.619,0.0,100.0,Normal,ALLOW,ddos
1787352270.2895994,1,1,00:00:00:00:00:01,0,69163.48,3734827.86,4.438,0.0,100.0,Normal,ALLOW,ddos
1787352270.2958815,1,3,00:00:00:00:00:04,0,64210.03,3467341.76,4.625,0.0,100.0,Normal,ALLOW,ddos
1787352270.633591,2,1,00:00:00:00:00:03,0,120519.75,6508066.47,4.795,0.0,468.3,Normal,ALLOW,ddos
1787352270.6399798,2,2,00:00:00:00:00:04,0,67536.77,3646985.78,4.719,0.0,468.3,Normal,ALLOW,ddos
1787352270.64678,2,3,00:00:00:00:00:01,0,71321.91,3851382.98,4.618,0.0,468.3,Normal,ALLOW,ddos
1787352271.358249,1,3,00:00:00:00:00:03,0,67674.48,3654421.99,4.715,0.0,100.7,Normal,ALLOW,ddos
1787352271.3650436,1,2,00:00:00:00:00:02,0,71868.58,3880903.14,4.373,0.0,100.7,Normal,ALLOW,ddos
1787352271.3710074,1,1,00:00:00:00:00:01,0,67674.48,3654421.99,4.389,0.0,100.7,Normal,ALLOW,ddos
1787352271.3770514,1,1,00:00:00:00:00:01,0,71867.66,3880853.51,4.37,0.0,100.7,Normal,ALLOW,ddos
1787352271.3829274,1,3,00:00:00:00:00:04,0,66622.05,3597590.76,4.305,0.0,100.7,Normal,ALLOW,ddos
1787352271.6226692,2,1,00:00:00:00:00:03,0,120635.0,6514290.0,4.515,0.0,98.3,Normal,ALLOW,ddos
1787352271.6289208,2,2,00:00:00:00:00:04,0,66457.0,3588678.0,4.499,0.0,98.3,Normal,ALLOW,ddos
1787352271.6348894,2,3,00:00:00:00:00:01,0,70103.0,3785562.0,4.38,0.0,98.3,Normal,ALLOW,ddos
1787352272.3681471,1,3,00:00:00:00:00:03,0,70630.29,3814035.79,4.679,0.0,99.3,Normal,ALLOW,ddos
1787352272.3744056,1,2,00:00:00:00:00:02,0,74221.76,4007975.25,4.596,0.0,99.3,Normal,ALLOW,ddos
1787352272.380503,1,1,00:00:00:00:00:01,0,70630.29,3814035.79,4.5,0.0,99.3,Normal,ALLOW,ddos
1787352272.3864765,1,1,00:00:00:00:00:01,0,74222.75,4008028.72,4.442,0.0,99.3,Normal,ALLOW,ddos
1787352272.3924892,1,3,00:00:00:00:00:04,0,72931.53,3938302.49,4.478,0.0,99.3,Normal,ALLOW,ddos
1787352272.6312807,2,1,00:00:00:00:00:03,0,116721.68,6302970.79,4.539,0.0,0.0,Normal,ALLOW,ddos
1787352272.6374826,2,2,00:00:00:00:00:04,0,68485.22,3698201.67,4.579,0.0,0.0,Normal,ALLOW,ddos
1787352272.6438708,2,3,00:00:00:00:00:01,0,72269.96,3902578.09,4.552,0.0,0.0,Normal,ALLOW,ddos
1787352273.3937802,1,3,00:00:00:00:00:03,0,65684.11,3546941.82,5.122,0.0,101.1,Normal,ALLOW,ddos
1787352273.4001672,1,2,00:00:00:00:00:02,0,71666.21,3869975.25,4.547,0.0,101.1,Normal,ALLOW,ddos
1787352273.4074872,1,1,00:00:00:00:00:01,0,65683.13,3546889.14,5.513,0.0,101.1,Normal,ALLOW,ddos
1787352273.4146824,1,1,00:00:00:00:00:01,0,71665.23,3869922.57,4.681,0.0,101.1,Normal,ALLOW,ddos
1787352273.4209704,1,3,00:00:00:00:00:04,0,71794.96,3876927.86,4.627,0.0,101.1,Normal,ALLOW,ddos
1787352273.625682,2,1,00:00:00:00:00:03,0,116111.0,6269994.0,4.895,0.0,94.8,Normal,ALLOW,ddos
1787352273.631872,2,2,00:00:00:00:00:04,0,65293.0,3525822.0,4.517,0.0,94.8,Normal,ALLOW,ddos
1787352273.6377926,2,3,00:00:00:00:00:01,0,69074.0,3729996.0,4.406,0.0,94.8,Normal,ALLOW,ddos
1787352274.4105918,1,3,00:00:00:00:00:03,0,69886.06,3773847.3,4.631,0.0,99.3,Normal,ALLOW,ddos
1787352274.4167883,1,2,00:00:00:00:00:02,0,78276.4,4226925.56,4.608,0.0,99.3,Normal,ALLOW,ddos
1787352274.4229488,1,1,00:00:00:00:00:01,0,69887.04,3773900.38,4.509,0.0,99.3,Normal,ALLOW,ddos
1787352274.4293451,1,1,00:00:00:00:00:01,0,78276.4,4226925.56,4.637,0.0,99.3,Normal,ALLOW,ddos
1787352274.4356403,1,3,00:00:00:00:00:04,0,73042.64,3944302.4,4.626,0.0,99.3,Normal,ALLOW,ddos
1787352274.63611,2,1,00:00:00:00:00:03,0,121391.74,6555154.14,5.072,0.0,102.3,Normal,ALLOW,ddos
1787352274.6425493,2,2,00:00:00:00:00:04,0,66179.74,3573706.15,4.819,0.0,102.3,Normal,ALLOW,ddos
1787352274.6489155,2,3,00:00:00:00:00:01,0,69934.34,3776454.45,4.548,0.0,102.3,Normal,ALLOW,ddos
1787352275.4270234,1,3,00:00:00:00:00:03,0,69474.76,3751636.93,4.824,0.0,100.0,Normal,ALLOW,ddos
1787352275.433207,1,2,00:00:00:00:00:02,0,77771.53,4199662.6,4.582,0.0,100.0,Normal,ALLOW,ddos
1787352275.4392297,1,1,00:00:00:00:00:01,0,69474.76,3751636.93,4.455,0.0,100.0,Normal,ALLOW,ddos
1787352275.4452384,1,1,00:00:00:00:00:01,0,77771.53,4199662.6,4.485,0.0,100.0,Normal,ALLOW,ddos
1787352275.451127,1,3,00:00:00:00:00:04,0,73686.63,3979078.13,4.404,0.0,100.0,Normal,ALLOW,ddos
1787352275.6313615,2,1,00:00:00:00:00:03,0,125719.0,6788826.0,4.605,0.0,0.0,Normal,ALLOW,ddos
1787352275.637425,2,2,00:00:00:00:00:04,0,67847.0,3663738.0,4.515,0.0,0.0,Normal,ALLOW,ddos
1787352275.643781,2,3,00:00:00:00:00:01,0,71701.0,3871854.0,4.735,0.0,0.0,Normal,ALLOW,ddos
1787352276.4095862,1,3,00:00:00:00:00:03,0,68811.0,3715794.0,4.809,0.0,100.3,Normal,ALLOW,ddos
1787352276.415839,1,2,00:00:00:00:00:02,0,78900.0,4260600.0,4.597,0.0,100.3,Normal,ALLOW,ddos
1787352276.4220018,1,1,00:00:00:00:00:01,0,68811.0,3715794.0,4.538,0.0,100.3,Normal,ALLOW,ddos
1787352276.4280524,1,1,00:00:00:00:00:01,0,78900.0,4260600.0,4.479,0.0,100.3,Normal,ALLOW,ddos
1787352276.4340398,1,3,00:00:00:00:00:04,0,70233.0,3792582.0,4.479,0.0,100.3,Normal,ALLOW,ddos
1787352276.6392455,2,1,00:00:00:00:00:03,0,123234.1,6654641.57,4.557,0.0,0.0,Normal,ALLOW,ddos
1787352276.6456501,2,2,00:00:00:00:00:04,0,63653.38,3437282.32,4.599,0.0,0.0,Normal,ALLOW,ddos
1787352276.6516974,2,3,00:00:00:00:00:01,0,67526.61,3646436.92,4.397,0.0,0.0,Normal,ALLOW,ddos
1787352277.4433868,1,3,00:00:00:00:00:03,0,64438.28,3479666.89,4.704,0.0,100.8,Normal,ALLOW,ddos
1787352277.45349,1,2,00:00:00:00:00:02,0,72956.86,3939670.28,7.824,0.0,100.8,Normal,ALLOW,ddos
1787352277.463763,1,1,00:00:00:00:00:01,0,64437.31,3479614.65,7.833,0.0,100.8,Normal,ALLOW,ddos
1787352277.4728725,1,1,00:00:00:00:00:01,0,72956.86,3939670.28,6.117,0.0,100.8,Normal,ALLOW,ddos
1787352277.4791532,1,3,00:00:00:00:00:04,0,64752.63,3496642.14,4.592,0.0,100.8,Normal,ALLOW,ddos
1787352277.6373773,2,1,00:00:00:00:00:03,0,120853.0,6526062.0,4.649,0.0,0.0,Normal,ALLOW,ddos
1787352277.6440527,2,2,00:00:00:00:00:04,0,64223.0,3468042.0,4.89,0.0,0.0,Normal,ALLOW,ddos
1787352277.6503718,2,3,00:00:00:00:00:01,0,67926.0,3668004.0,4.502,0.0,0.0,Normal,ALLOW,ddos
1787352278.518244,1,3,00:00:00:00:00:03,0,66148.16,3572000.37,4.65,0.0,98.8,Normal,ALLOW,ddos
1787352278.524498,1,2,00:00:00:00:00:02,0,73704.81,3980059.6,4.561,0.0,98.8,Normal,ALLOW,ddos
1787352278.5313208,1,1,00:00:00:00:00:01,0,66149.09,3572050.61,5.061,0.0,98.8,Normal,ALLOW,ddos
1787352278.5375812,1,1,00:00:00:00:00:01,0,73704.81,3980059.6,4.538,0.0,98.8,Normal,ALLOW,ddos
1787352278.543875,1,3,00:00:00:00:00:04,0,68532.75,3700768.63,4.653,0.0,98.8,Normal,ALLOW,ddos
1787352278.6363654,2,1,00:00:00:00:00:03,0,116703.0,6301962.0,4.702,0.0,666.8,Normal,ALLOW,ddos
1787352278.6425915,2,2,00:00:00:00:00:04,0,64009.0,3456486.0,4.592,0.0,666.8,Normal,ALLOW,ddos
1787352278.648763,2,3,00:00:00:00:00:01,0,67601.0,3650454.0,4.42,0.0,666.8,Normal,ALLOW,ddos
1787352279.3874023,1,3,00:00:00:00:00:03,0,65460.0,3534840.0,5.382,0.0,98.7,Normal,ALLOW,ddos
1787352279.3963847,1,2,00:00:00:00:00:02,0,74047.0,3998538.0,6.903,0.0,98.7,Normal,ALLOW,ddos
1787352279.4033244,1,1,00:00:00:00:00:01,0,65460.0,3534840.0,4.679,0.0,98.7,Normal,ALLOW,ddos
1787352279.4121194,1,1,00:00:00:00:00:01,0,74048.0,3998592.0,6.918,0.0,98.7,Normal,ALLOW,ddos
1787352279.4196138,1,3,00:00:00:00:00:04,0,67004.0,3618216.0,4.821,0.0,98.7,Normal,ALLOW,ddos
1787352281.3265278,1,3,00:00:00:00:00:03,0,33729.99,1821419.2,4.777,0.0,99.3,Normal,ALLOW,ddos
1787352281.3328145,1,2,00:00:00:00:00:02,0,36559.16,1974194.71,4.5,0.0,99.3,Normal,ALLOW,ddos
1787352281.339042,1,1,00:00:00:00:00:01,0,33729.99,1821419.2,4.497,0.0,99.3,Normal,ALLOW,ddos
1787352281.3456824,1,1,00:00:00:00:00:01,0,36558.65,1974166.87,4.857,0.0,99.3,Normal,ALLOW,ddos
1787352281.3518739,1,3,00:00:00:00:00:04,0,35917.85,1939564.11,4.485,0.0,99.3,Normal,ALLOW,ddos
1787352282.4328814,2,2,00:00:00:00:00:04,0,17013.3,918718.29,4.691,0.0,100.0,Normal,ALLOW,ddos
1787352282.4397066,2,3,00:00:00:00:00:01,0,17969.83,970370.67,4.615,0.0,100.0,Normal,ALLOW,ddos
1787352282.4481397,2,2,00:00:00:00:00:04,0,65747.0,3550338.0,4.645,0.0,65.3,Normal,ALLOW,ddos
1787352282.4543235,2,3,00:00:00:00:00:01,0,67614.0,3651156.0,4.459,0.0,65.3,Normal,ALLOW,ddos
1787352282.4609132,2,1,00:00:00:00:00:03,0,118035.0,6373890.0,4.832,0.0,65.3,Normal,ALLOW,ddos
1787352282.4689178,2,2,00:00:00:00:00:04,0,63387.0,3422898.0,4.533,0.0,94.4,Normal,ALLOW,ddos
1787352282.475419,2,3,00:00:00:00:00:01,0,65261.0,3524094.0,4.742,0.0,94.4,Normal,ALLOW,ddos
1787352282.482008,2,1,00:00:00:00:00:03,0,122554.0,6617916.0,4.579,0.0,94.4,Normal,ALLOW,ddos
1787352282.6435993,2,2,00:00:00:00:00:04,0,66388.0,3584952.0,4.698,0.0,103.2,Normal,ALLOW,ddos
1787352282.6498406,2,3,00:00:00:00:00:01,0,68498.0,3698892.0,4.532,0.0,103.2,Normal,ALLOW,ddos
1787352282.6563306,2,1,00:00:00:00:00:03,0,122218.0,6599772.0,4.518,0.0,103.2,Normal,ALLOW,ddos
1787352282.8916917,1,3,00:00:00:00:00:03,0,41382.78,2234670.34,5.598,0.0,101.6,Normal,ALLOW,ddos
1787352282.8981817,1,2,00:00:00:00:00:02,0,47145.93,2545880.28,4.518,0.0,101.6,Normal,ALLOW,ddos
1787352282.9042966,1,1,00:00:00:00:00:01,0,41382.78,2234670.34,4.465,0.0,101.6,Normal,ALLOW,ddos
1787352282.9111135,1,1,00:00:00:00:00:01,0,47145.93,2545880.28,4.982,0.0,101.6,Normal,ALLOW,ddos
1787352282.9175022,1,3,00:00:00:00:00:04,0,42857.61,2314311.09,4.537,0.0,101.6,Normal,ALLOW,ddos
1787352283.645646,2,2,00:00:00:00:00:04,0,66955.63,3615603.95,4.617,0.0,0.0,Normal,ALLOW,ddos
1787352283.6517775,2,3,00:00:00:00:00:01,0,70681.15,3816782.13,4.398,0.0,0.0,Normal,ALLOW,ddos
1787352283.658103,2,1,00:00:00:00:00:03,0,119790.39,6468681.19,4.597,0.0,0.0,Normal,ALLOW,ddos
1787352283.7531173,1,3,00:00:00:00:00:03,0,68052.0,3674808.0,6.43,0.0,105.5,Normal,ALLOW,ddos
1787352283.7613287,1,2,00:00:00:00:00:02,0,77517.0,4185918.0,6.203,0.0,105.5,Normal,ALLOW,ddos
1787352283.7679114,1,1,00:00:00:00:00:01,0,68052.0,3674808.0,4.61,0.0,105.5,Normal,ALLOW,ddos
1787352283.775667,1,1,00:00:00:00:00:01,0,77518.0,4185972.0,5.879,0.0,105.5,Normal,ALLOW,ddos
1787352283.7846437,1,3,00:00:00:00:00:04,0,69818.0,3770172.0,6.297,0.0,105.5,Normal,ALLOW,ddos
1787352284.6484075,2,2,00:00:00:00:00:04,0,63331.74,3419913.91,4.698,0.0,99.1,Normal,ALLOW,ddos
1787352284.6545532,2,3,00:00:00:00:00:01,0,66755.24,3604782.86,4.574,0.0,99.1,Normal,ALLOW,ddos
1787352284.662984,2,1,00:00:00:00:00:03,0,117116.19,6324274.01,6.355,0.0,99.1,Normal,ALLOW,ddos
1787352284.8490176,1,3,00:00:00:00:00:03,0,62008.76,3348472.91,4.583,0.0,101.0,Normal,ALLOW,ddos
1787352284.8550339,1,2,00:00:00:00:00:02,0,69740.17,3765969.37,4.493,0.0,101.0,Normal,ALLOW,ddos
1787352284.8611565,1,1,00:00:00:00:00:01,0,62008.76,3348472.91,4.525,0.0,101.0,Normal,ALLOW,ddos
1787352284.8673282,1,1,00:00:00:00:00:01,0,69739.26,3765920.23,4.5,0.0,101.0,Normal,ALLOW,ddos
1787352284.8743327,1,3,00:00:00:00:00:04,0,65261.12,3524100.54,5.352,0.0,101.0,Normal,ALLOW,ddos
1787352285.6456845,2,2,00:00:00:00:00:04,0,65898.0,3558492.0,4.645,0.0,99.2,Normal,ALLOW,ddos
1787352285.6520882,2,3,00:00:00:00:00:01,0,69836.0,3771144.0,4.785,0.0,99.2,Normal,ALLOW,ddos
1787352285.658507,2,1,00:00:00:00:00:03,0,118256.0,6385824.0,4.808,0.0,99.2,Normal,ALLOW,ddos
1787352285.8330572,1,3,00:00:00:00:00:03,0,68973.0,3724542.0,4.58,0.0,102.6,Normal,ALLOW,ddos
1787352285.839955,1,2,00:00:00:00:00:02,0,77503.0,4185162.0,5.168,0.0,102.6,Normal,ALLOW,ddos
1787352285.8461533,1,1,00:00:00:00:00:01,0,68973.0,3724542.0,4.346,0.0,102.6,Normal,ALLOW,ddos
1787352285.8519228,1,1,00:00:00:00:00:01,0,77503.0,4185162.0,4.283,0.0,102.6,Normal,ALLOW,ddos
1787352285.8579276,1,3,00:00:00:00:00:04,0,72646.0,3922884.0,4.504,0.0,102.6,Normal,ALLOW,ddos
1787352286.1066475,1,3,00:00:00:00:00:03,0,64268.0,3470472.0,7.354,0.0,99.7,Normal,ALLOW,ddos
1787352286.116575,1,2,00:00:00:00:00:02,0,74756.0,4036824.0,7.389,0.0,99.7,Normal,ALLOW,ddos
1787352286.1264262,1,1,00:00:00:00:00:01,0,64267.0,3470418.0,7.595,0.0,99.7,Normal,ALLOW,ddos
1787352286.1333601,1,1,00:00:00:00:00:01,0,74756.0,4036824.0,4.579,0.0,99.7,Normal,ALLOW,ddos
1787352286.1393168,1,3,00:00:00:00:00:04,0,71360.0,3853440.0,4.434,0.0,99.7,Normal,ALLOW,ddos
1787352286.1467454,1,3,00:00:00:00:00:03,0,70555.0,3809970.0,4.466,0.0,112.8,Normal,ALLOW,ddos
1787352286.1526368,1,2,00:00:00:00:00:02,0,77114.0,4164156.0,4.421,0.0,112.8,Normal,ALLOW,ddos
1787352286.1588564,1,1,00:00:00:00:00:01,0,70555.0,3809970.0,4.696,0.0,112.8,Normal,ALLOW,ddos
1787352286.1649942,1,1,00:00:00:00:00:01,0,77114.0,4164156.0,4.463,0.0,112.8,Normal,ALLOW,ddos
1787352286.1710112,1,3,00:00:00:00:00:04,0,73195.0,3952530.0,4.482,0.0,112.8,Normal,ALLOW,ddos
1787352286.1773767,1,1,00:00:00:00:00:01,0,73194.0,3952476.0,4.645,0.0,112.8,Normal,ALLOW,ddos
1787352286.184537,1,3,00:00:00:00:00:03,0,70680.0,3816720.0,4.445,0.0,78.9,Normal,ALLOW,ddos
1787352286.1905956,1,2,00:00:00:00:00:02,0,77671.0,4194234.0,4.567,0.0,78.9,Normal,ALLOW,ddos
1787352286.1967645,1,1,00:00:00:00:00:01,0,70680.0,3816720.0,4.441,0.0,78.9,Normal,ALLOW,ddos
1787352286.2027175,1,1,00:00:00:00:00:01,0,77671.0,4194234.0,4.468,0.0,78.9,Normal,ALLOW,ddos
1787352286.2088416,1,3,00:00:00:00:00:04,0,74488.0,4022352.0,4.613,0.0,78.9,Normal,ALLOW,ddos
1787352286.2148912,1,1,00:00:00:00:00:01,0,74488.0,4022352.0,4.416,0.0,78.9,Normal,ALLOW,ddos
1787352286.2222085,1,3,00:00:00:00:00:03,0,71594.0,3866076.0,4.428,0.0,106.6,Normal,ALLOW,ddos
1787352286.2290094,1,2,00:00:00:00:00:02,0,78676.0,4248504.0,4.608,0.0,106.6,Normal,ALLOW,ddos
1787352286.2351224,1,1,00:00:00:00:00:01,0,71595.0,3866130.0,4.405,0.0,106.6,Normal,ALLOW,ddos
1787352286.2413733,1,1,00:00:00:00:00:01,0,78676.0,4248504.0,4.7,0.0,106.6,Normal,ALLOW,ddos
1787352286.2476525,1,3,00:00:00:00:00:04,0,76153.0,4112262.0,4.481,0.0,106.6,Normal,ALLOW,ddos
1787352286.253514,1,1,00:00:00:00:00:01,0,76154.0,4112316.0,4.386,0.0,106.6,Normal,ALLOW,ddos
1787352286.6492589,2,2,00:00:00:00:00:04,0,69497.13,3752845.2,4.655,0.0,100.8,Normal,ALLOW,ddos
1787352286.6553483,2,3,00:00:00:00:00:01,0,71265.77,3848351.82,4.53,0.0,100.8,Normal,ALLOW,ddos
1787352286.6614594,2,1,00:00:00:00:00:03,0,101955.43,5505593.45,4.587,0.0,100.8,Normal,ALLOW,ddos
1787352287.6515517,2,2,00:00:00:00:00:04,0,70400.41,3801622.35,4.645,0.0,99.8,Normal,ALLOW,ddos
1787352287.657779,2,3,00:00:00:00:00:01,0,70400.41,3801622.35,4.528,0.0,99.8,Normal,ALLOW,ddos
1787352287.664021,2,1,00:00:00:00:00:03,0,71681.35,3870792.7,4.379,0.0,99.8,Normal,ALLOW,ddos
1787352288.652631,2,2,00:00:00:00:00:04,0,65419.58,3532657.58,4.804,0.0,99.9,Normal,ALLOW,ddos
1787352288.659155,2,3,00:00:00:00:00:01,0,65418.59,3532603.62,4.71,0.0,99.9,Normal,ALLOW,ddos
1787352288.6652117,2,1,00:00:00:00:00:03,0,69642.94,3760718.91,4.479,0.0,99.9,Normal,ALLOW,ddos
1787352289.274996,1,2,00:00:00:00:00:02,0,25856.55,1396253.49,4.528,0.0,101.3,Normal,ALLOW,ddos
1787352289.2809815,1,1,00:00:00:00:00:01,0,21246.05,1147286.44,4.364,0.0,101.3,Normal,ALLOW,ddos
1787352289.2869089,1,1,00:00:00:00:00:01,0,25856.87,1396271.18,4.308,0.0,101.3,Normal,ALLOW,ddos
1787352289.2935052,1,3,00:00:00:00:00:04,0,25046.36,1352503.36,4.938,0.0,101.3,Normal,ALLOW,ddos
1787352289.2996058,1,1,00:00:00:00:00:01,0,25046.03,1352485.67,4.515,0.0,101.3,Normal,ALLOW,ddos
1787352289.6531227,2,2,00:00:00:00:00:04,0,65679.82,3546710.34,4.45,0.0,97.8,Normal,ALLOW,ddos
1787352289.6591384,2,3,00:00:00:00:00:01,0,65679.82,3546710.34,4.403,0.0,97.8,Normal,ALLOW,ddos
1787352289.6650128,2,1,00:00:00:00:00:03,0,72015.69,3888847.32,4.325,0.0,97.8,Normal,ALLOW,ddos
1787352290.6582937,2,2,00:00:00:00:00:04,0,65914.44,3559379.88,4.587,0.0,0.0,Normal,ALLOW,ddos
1787352290.6645608,2,3,00:00:00:00:00:01,0,65915.44,3559433.59,4.434,0.0,0.0,Normal,ALLOW,ddos
1787352290.6705325,2,1,00:00:00:00:00:03,0,74273.95,4010793.52,4.315,0.0,0.0,Normal,ALLOW,ddos
1787352291.5043416,1,2,00:00:00:00:00:02,0,33812.82,1825892.04,4.581,0.0,100.5,Normal,ALLOW,ddos
1787352291.510762,1,1,00:00:00:00:00:01,0,33812.37,1825867.82,4.606,0.0,100.5,Normal,ALLOW,ddos
1787352291.5169365,1,3,00:00:00:00:00:04,0,33034.52,1783864.33,4.443,0.0,100.5,Normal,ALLOW,ddos
1787352291.5230536,1,1,00:00:00:00:00:01,0,33034.97,1783888.56,4.396,0.0,100.5,Normal,ALLOW,ddos
1787352291.6599007,2,2,00:00:00:00:00:04,0,62805.92,3391519.93,4.741,0.0,96.6,Normal,ALLOW,ddos
1787352291.666469,2,3,00:00:00:00:00:01,0,62805.92,3391519.93,4.697,0.0,96.6,Normal,ALLOW,ddos
1787352291.6729808,2,1,00:00:00:00:00:03,0,70782.07,3822231.96,4.617,0.0,96.6,Normal,ALLOW,ddos
1787352292.5327163,1,2,00:00:00:00:00:02,0,76846.73,4149723.21,4.758,0.0,99.8,Normal,ALLOW,ddos
1787352292.5393622,1,1,00:00:00:00:00:01,0,76847.7,4149775.74,4.855,0.0,99.8,Normal,ALLOW,ddos
1787352292.5454955,1,3,00:00:00:00:00:04,0,72320.84,3905325.17,4.524,0.0,99.8,Normal,ALLOW,ddos
1787352292.5515513,1,1,00:00:00:00:00:01,0,72320.84,3905325.17,4.448,0.0,99.8,Normal,ALLOW,ddos
1787352292.66125,2,2,00:00:00:00:00:04,0,68174.26,3681410.06,4.581,0.0,0.0,Normal,ALLOW,ddos
1787352292.6673498,2,3,00:00:00:00:00:01,0,68174.26,3681410.06,4.561,0.0,0.0,Normal,ALLOW,ddos
1787352292.6734502,2,1,00:00:00:00:00:03,0,71306.33,3850542.09,4.594,0.0,0.0,Normal,ALLOW,ddos
1787352293.6173542,1,2,00:00:00:00:00:02,0,70832.49,3824954.41,4.939,0.0,99.5,Normal,ALLOW,ddos
1787352293.624462,1,1,00:00:00:00:00:01,0,70831.57,3824904.62,4.898,0.0,99.5,Normal,ALLOW,ddos
1787352293.6314893,1,3,00:00:00:00:00:04,0,68616.01,3705264.33,4.802,0.0,99.5,Normal,ALLOW,ddos
1787352293.6386502,1,1,00:00:00:00:00:01,0,68616.01,3705264.33,4.957,0.0,99.5,Normal,ALLOW,ddos
1787352293.6849966,2,2,00:00:00:00:00:04,0,64746.27,3496298.82,5.151,0.0,89.1,Normal,ALLOW,ddos
1787352293.69251,2,3,00:00:00:00:00:01,0,64746.27,3496298.82,5.121,0.0,89.1,Normal,ALLOW,ddos
1787352293.7005563,2,1,00:00:00:00:00:03,0,65676.5,3546531.18,5.314,0.0,89.1,Normal,ALLOW,ddos
1787352294.6833148,2,2,00:00:00:00:00:04,0,62909.0,3397086.0,4.534,0.0,99.5,Normal,ALLOW,ddos
1787352294.6892993,2,3,00:00:00:00:00:01,0,62908.0,3397032.0,4.442,0.0,99.5,Normal,ALLOW,ddos
1787352294.695816,2,1,00:00:00:00:00:03,0,66544.0,3593376.0,4.956,0.0,99.5,Normal,ALLOW,ddos
1787352294.720876,1,2,00:00:00:00:00:02,0,69299.44,3742169.98,4.605,0.0,115.0,Normal,ALLOW,ddos
1787352294.7270246,1,1,00:00:00:00:00:01,0,69300.35,3742218.88,4.601,0.0,115.0,Normal,ALLOW,ddos
1787352294.7330558,1,3,00:00:00:00:00:04,0,66738.33,3603869.95,4.526,0.0,115.0,Normal,ALLOW,ddos
1787352294.7390144,1,1,00:00:00:00:00:01,0,66737.43,3603821.04,4.423,0.0,115.0,Normal,ALLOW,ddos
1787352295.6855183,2,2,00:00:00:00:00:04,0,63668.85,3438117.78,4.706,0.0,99.5,Normal,ALLOW,ddos
1787352295.6918736,2,3,00:00:00:00:00:01,0,63669.85,3438171.68,4.771,0.0,99.5,Normal,ALLOW,ddos
1787352295.6982877,2,1,00:00:00:00:00:03,0,69851.99,3772007.2,4.567,0.0,99.5,Normal,ALLOW,ddos
1787352295.9646757,1,2,00:00:00:00:00:02,0,59603.6,3218594.36,4.752,0.0,100.7,Normal,ALLOW,ddos
1787352295.970955,1,1,00:00:00:00:00:01,0,59602.79,3218550.93,4.657,0.0,100.7,Normal,ALLOW,ddos
1787352295.9770515,1,3,00:00:00:00:00:04,0,59106.55,3191753.56,4.544,0.0,100.7,Normal,ALLOW,ddos
1787352295.9831004,1,1,00:00:00:00:00:01,0,59106.55,3191753.56,4.515,0.0,100.7,Normal,ALLOW,ddos
1787352296.686962,2,2,00:00:00:00:00:04,0,63581.79,3433416.69,4.881,0.0,0.0,Normal,ALLOW,ddos
1787352296.693317,2,3,00:00:00:00:00:01,0,63580.79,3433362.79,4.737,0.0,0.0,Normal,ALLOW,ddos
1787352296.69951,2,1,00:00:00:00:00:03,0,68370.04,3691982.1,4.574,0.0,0.0,Normal,ALLOW,ddos
1787352296.9978201,1,2,00:00:00:00:00:02,0,74856.29,4042239.67,4.534,0.0,99.9,Normal,ALLOW,ddos
1787352297.0038323,1,1,00:00:00:00:00:01,0,74856.29,4042239.67,4.446,0.0,99.9,Normal,ALLOW,ddos
1787352297.0102513,1,3,00:00:00:00:00:04,0,68674.96,3708447.99,4.586,0.0,99.9,Normal,ALLOW,ddos
1787352297.0162902,1,1,00:00:00:00:00:01,0,68674.96,3708447.99,4.46,0.0,99.9,Normal,ALLOW,ddos
1787352297.686543,2,2,00:00:00:00:00:04,0,65982.0,3563028.0,4.662,0.0,98.7,Normal,ALLOW,ddos
1787352297.693195,2,3,00:00:00:00:00:01,0,65982.0,3563028.0,5.051,0.0,98.7,Normal,ALLOW,ddos
1787352297.6994426,2,1,00:00:00:00:00:03,0,68723.0,3711042.0,4.551,0.0,98.7,Normal,ALLOW,ddos
1787352298.105173,1,2,00:00:00:00:00:02,0,71315.37,3851030.13,4.739,0.0,103.1,Normal,ALLOW,ddos
1787352298.1116805,1,1,00:00:00:00:00:01,0,71315.37,3851030.13,4.737,0.0,103.1,Normal,ALLOW,ddos
1787352298.1181035,1,3,00:00:00:00:00:04,0,65415.78,3532452.0,4.669,0.0,103.1,Normal,ALLOW,ddos
1787352298.1246455,1,1,00:00:00:00:00:01,0,65416.68,3532500.77,4.68,0.0,103.1,Normal,ALLOW,ddos
1787352298.6893327,2,2,00:00:00:00:00:04,0,61555.37,3323989.81,4.6,0.0,0.0,Normal,ALLOW,ddos
1787352298.6956604,2,3,00:00:00:00:00:01,0,61556.36,3324043.62,4.571,0.0,0.0,Normal,ALLOW,ddos
1787352298.7017915,2,1,00:00:00:00:00:03,0,65835.86,3555136.37,4.465,0.0,0.0,Normal,ALLOW,ddos
1787352299.1361604,1,2,00:00:00:00:00:02,0,68446.27,3696098.48,4.612,0.0,100.8,Normal,ALLOW,ddos
1787352299.1425574,1,1,00:00:00:00:00:01,0,68446.27,3696098.48,4.806,0.0,100.8,Normal,ALLOW,ddos
1787352299.148923,1,3,00:00:00:00:00:04,0,64728.65,3495347.07,4.592,0.0,100.8,Normal,ALLOW,ddos
1787352299.1551547,1,1,00:00:00:00:00:01,0,64728.65,3495347.07,4.555,0.0,100.8,Normal,ALLOW,ddos
1787352301.1362302,1,2,00:00:00:00:00:02,0,36478.48,1969837.81,4.665,0.0,98.1,Normal,ALLOW,ddos
1787352301.1428034,1,1,00:00:00:00:00:01,0,36478.98,1969864.81,4.933,0.0,98.1,Normal,ALLOW,ddos
1787352301.149342,1,3,00:00:00:00:00:04,0,34062.58,1839379.26,4.626,0.0,98.1,Normal,ALLOW,ddos
1787352301.1562452,1,1,00:00:00:00:00:01,0,34062.08,1839352.26,5.166,0.0,98.1,Normal,ALLOW,ddos
1787352301.260195,2,3,00:00:00:00:00:01,0,24338.16,1314260.72,5.667,0.0,105.8,Normal,ALLOW,ddos
1787352301.2707663,2,1,00:00:00:00:00:03,0,27140.57,1465590.92,7.851,0.0,105.8,Normal,ALLOW,ddos
1787352301.2793617,2,3,00:00:00:00:00:01,0,66999.0,3617946.0,4.733,0.0,99.7,Normal,ALLOW,ddos
1787352301.285646,2,1,00:00:00:00:00:03,0,67408.0,3640032.0,4.562,0.0,99.7,Normal,ALLOW,ddos
1787352301.291962,2,2,00:00:00:00:00:04,0,65012.0,3510648.0,4.62,0.0,99.7,Normal,ALLOW,ddos
1787352301.6989443,2,3,00:00:00:00:00:01,0,65766.0,3551364.0,4.803,0.0,654.7,Normal,ALLOW,ddos
1787352301.7049782,2,1,00:00:00:00:00:03,0,66938.0,3614652.0,4.468,0.0,654.7,Normal,ALLOW,ddos
1787352301.711258,2,2,00:00:00:00:00:04,0,64653.0,3491262.0,4.572,0.0,654.7,Normal,ALLOW,ddos
1787352302.275206,1,2,00:00:00:00:00:02,0,64081.08,3460378.4,5.091,0.0,99.0,Normal,ALLOW,ddos
1787352302.2822447,1,1,00:00:00:00:00:01,0,64080.2,3460330.97,4.735,0.0,99.0,Normal,ALLOW,ddos
1787352302.2882965,1,3,00:00:00:00:00:04,0,61724.62,3333129.66,4.453,0.0,99.0,Normal,ALLOW,ddos
1787352302.2945569,1,1,00:00:00:00:00:01,0,61724.62,3333129.66,4.537,0.0,99.0,Normal,ALLOW,ddos
1787352302.6976357,2,3,00:00:00:00:00:01,0,63190.0,3412260.0,4.631,0.0,99.4,Normal,ALLOW,ddos
1787352302.7037663,2,1,00:00:00:00:00:03,0,68695.0,3709530.0,4.506,0.0,99.4,Normal,ALLOW,ddos
1787352302.7100272,2,2,00:00:00:00:00:04,0,63189.0,3412206.0,4.597,0.0,99.4,Normal,ALLOW,ddos
1787352303.280425,1,2,00:00:00:00:00:02,0,78159.09,4220590.69,4.534,0.0,101.3,Normal,ALLOW,ddos
1787352303.286368,1,1,00:00:00:00:00:01,0,78160.08,4220644.39,4.461,0.0,101.3,Normal,ALLOW,ddos
1787352303.2922318,1,3,00:00:00:00:00:04,0,71927.72,3884096.76,4.331,0.0,101.3,Normal,ALLOW,ddos
1787352303.2980232,1,1,00:00:00:00:00:01,0,71927.72,3884096.76,4.279,0.0,101.3,Normal,ALLOW,ddos
1787352303.697858,2,3,00:00:00:00:00:01,0,65438.1,3533657.29,4.499,0.0,0.0,Normal,ALLOW,ddos
1787352303.7038476,2,1,00:00:00:00:00:03,0,69651.21,3761165.4,4.459,0.0,0.0,Normal,ALLOW,ddos
1787352303.7099109,2,2,00:00:00:00:00:04,0,65438.1,3533657.29,4.469,0.0,0.0,Normal,ALLOW,ddos
1787352304.2821035,1,2,00:00:00:00:00:02,0,81357.11,4393283.88,4.801,0.0,101.1,Normal,ALLOW,ddos
1787352304.287973,1,1,00:00:00:00:00:01,0,81356.11,4393229.96,4.36,0.0,101.1,Normal,ALLOW,ddos
1787352304.2943437,1,3,00:00:00:00:00:04,0,72107.97,3893830.18,4.507,0.0,101.1,Normal,ALLOW,ddos
1787352304.3008394,1,1,00:00:00:00:00:01,0,72107.97,3893830.18,4.823,0.0,101.1,Normal,ALLOW,ddos
1787352304.6987956,2,3,00:00:00:00:00:01,0,63569.19,3432736.43,4.709,0.0,100.8,Normal,ALLOW,ddos
1787352304.70487,2,1,00:00:00:00:00:03,0,68564.19,3702466.09,4.509,0.0,100.8,Normal,ALLOW,ddos
1787352304.7109456,2,2,00:00:00:00:00:04,0,63570.19,3432790.42,4.444,0.0,100.8,Normal,ALLOW,ddos
1787352305.2668312,1,2,00:00:00:00:00:02,0,78118.0,4218372.0,4.568,0.0,102.1,Normal,ALLOW,ddos
1787352305.2728019,1,1,00:00:00:00:00:01,0,78118.0,4218372.0,4.379,0.0,102.1,Normal,ALLOW,ddos
1787352305.2788281,1,3,00:00:00:00:00:04,0,73071.0,3945834.0,4.383,0.0,102.1,Normal,ALLOW,ddos
1787352305.2845979,1,1,00:00:00:00:00:01,0,73071.0,3945834.0,4.287,0.0,102.1,Normal,ALLOW,ddos
1787352305.7006917,2,3,00:00:00:00:00:01,0,68648.07,3706995.83,4.826,0.0,99.2,Normal,ALLOW,ddos
1787352305.706798,2,1,00:00:00:00:00:03,0,61654.8,3329359.07,4.54,0.0,99.2,Normal,ALLOW,ddos
1787352305.71296,2,2,00:00:00:00:00:04,0,68647.07,3706941.93,4.55,0.0,99.2,Normal,ALLOW,ddos
1787352306.302796,1,2,00:00:00:00:00:02,0,74790.17,4038669.17,4.613,0.0,99.6,Normal,ALLOW,ddos
1787352306.3090115,1,1,00:00:00:00:00:01,0,74790.17,4038669.17,4.588,0.0,99.6,Normal,ALLOW,ddos
1787352306.315179,1,3,00:00:00:00:00:04,0,69992.52,3779596.34,4.401,0.0,99.6,Normal,ALLOW,ddos
1787352306.3212004,1,1,00:00:00:00:00:01,0,69992.52,3779596.34,4.436,0.0,99.6,Normal,ALLOW,ddos
1787352306.7169704,2,3,00:00:00:00:00:01,0,65508.53,3537460.71,7.689,0.0,100.1,Normal,ALLOW,ddos
1787352306.7270503,2,1,00:00:00:00:00:03,0,67408.8,3640075.46,7.64,0.0,100.1,Normal,ALLOW,ddos
1787352306.7371218,2,2,00:00:00:00:00:04,0,65508.53,3537460.71,7.597,0.0,100.1,Normal,ALLOW,ddos
1787352307.415562,1,2,00:00:00:00:00:02,0,68228.17,3684321.08,4.512,0.0,100.0,Normal,ALLOW,ddos
1787352307.4216337,1,1,00:00:00:00:00:01,0,68229.07,3684369.62,4.448,0.0,100.0,Normal,ALLOW,ddos
1787352307.428264,1,3,00:00:00:00:00:04,0,63287.24,3417510.85,4.868,0.0,100.0,Normal,ALLOW,ddos
1787352307.4348917,1,1,00:00:00:00:00:01,0,63288.14,3417559.39,4.623,0.0,100.0,Normal,ALLOW,ddos
1787352307.7134004,2,3,00:00:00:00:00:01,0,63183.91,3411931.17,4.628,0.0,0.0,Normal,ALLOW,ddos
1787352307.7196367,2,1,00:00:00:00:00:03,0,69732.55,3765557.61,4.559,0.0,0.0,Normal,ALLOW,ddos
1787352307.7260296,2,2,00:00:00:00:00:04,0,63183.91,3411931.17,4.689,0.0,0.0,Normal,ALLOW,ddos
1787352308.5111022,1,2,00:00:00:00:00:02,0,68023.7,3673279.93,5.085,0.0,100.4,Normal,ALLOW,ddos
1787352308.5172737,1,1,00:00:00:00:00:01,0,68022.79,3673230.62,4.415,0.0,100.4,Normal,ALLOW,ddos
1787352308.5236905,1,3,00:00:00:00:00:04,0,60849.76,3285887.0,4.831,0.0,100.4,Normal,ALLOW,ddos
1787352308.5303864,1,1,00:00:00:00:00:01,0,60848.85,3285837.69,4.752,0.0,100.4,Normal,ALLOW,ddos
1787352308.7072594,2,3,00:00:00:00:00:01,0,62509.0,3375486.0,4.981,0.0,101.7,Normal,ALLOW,ddos
1787352308.71381,2,1,00:00:00:00:00:03,0,70129.0,3786966.0,4.513,0.0,101.7,Normal,ALLOW,ddos
1787352308.7198613,2,2,00:00:00:00:00:04,0,62509.0,3375486.0,4.411,0.0,101.7,Normal,ALLOW,ddos
1787352309.5260563,1,1,00:00:00:00:00:01,0,13771.8,743677.45,5.138,0.0,99.0,Normal,ALLOW,ddos
1787352309.5323825,1,3,00:00:00:00:00:04,0,67867.09,3664822.88,4.551,0.0,99.0,Normal,ALLOW,ddos
1787352309.5384195,1,1,00:00:00:00:00:01,0,67867.09,3664822.88,4.458,0.0,99.0,Normal,ALLOW,ddos
1787352309.717531,2,3,00:00:00:00:00:01,0,64593.73,3488061.36,4.679,0.0,0.0,Normal,ALLOW,ddos
1787352309.7238226,2,1,00:00:00:00:00:03,0,69942.58,3776899.08,4.665,0.0,0.0,Normal,ALLOW,ddos
1787352309.7304475,2,2,00:00:00:00:00:04,0,64593.73,3488061.36,4.61,0.0,0.0,Normal,ALLOW,ddos
1787352310.5284283,1,3,00:00:00:00:00:04,0,71077.46,3838182.61,4.772,0.0,101.2,Normal,ALLOW,ddos
1787352310.5350535,1,1,00:00:00:00:00:01,0,71077.46,3838182.61,4.373,0.0,101.2,Normal,ALLOW,ddos
1787352310.7109838,2,3,00:00:00:00:00:01,0,64633.0,3490182.0,4.971,0.0,0.0,Normal,ALLOW,ddos
1787352310.7170968,2,1,00:00:00:00:00:03,0,66309.0,3580686.0,4.439,0.0,0.0,Normal,ALLOW,ddos
1787352310.723457,2,2,00:00:00:00:00:04,0,64633.0,3490182.0,4.799,0.0,0.0,Normal,ALLOW,ddos
1787352311.5197928,1,3,00:00:00:00:00:04,0,70654.0,3815316.0,4.666,0.0,100.1,Normal,ALLOW,ddos
1787352311.5261421,1,1,00:00:00:00:00:01,0,70654.0,3815316.0,4.591,0.0,100.1,Normal,ALLOW,ddos
1787352311.7114325,2,3,00:00:00:00:00:01,0,66690.95,3601311.27,4.692,0.0,0.0,Normal,ALLOW,ddos
1787352311.7174304,2,1,00:00:00:00:00:03,0,64224.06,3468099.23,4.452,0.0,0.0,Normal,ALLOW,ddos
1787352311.7235174,2,2,00:00:00:00:00:04,0,66690.95,3601311.27,4.552,0.0,0.0,Normal,ALLOW,ddos
1787352312.5223813,1,3,00:00:00:00:00:04,0,69490.38,3752480.72,4.597,0.0,99.9,Normal,ALLOW,ddos
1787352312.528885,1,1,00:00:00:00:00:01,0,69490.38,3752480.72,4.627,0.0,99.9,Normal,ALLOW,ddos
1787352312.7122722,2,3,00:00:00:00:00:01,0,65565.0,3540510.0,4.852,0.0,100.4,Normal,ALLOW,ddos
1787352312.7189064,2,1,00:00:00:00:00:03,0,65900.0,3558600.0,4.722,0.0,100.4,Normal,ALLOW,ddos
1787352312.7280626,2,2,00:00:00:00:00:04,0,65565.0,3540510.0,7.158,0.0,100.4,Normal,ALLOW,ddos
1787352313.7088764,1,3,00:00:00:00:00:04,0,59357.69,3205315.05,5.153,0.0,100.8,Normal,ALLOW,ddos
1787352313.7150836,1,1,00:00:00:00:00:01,0,59357.69,3205315.05,4.465,0.0,100.8,Normal,ALLOW,ddos
1787352313.7321186,2,3,00:00:00:00:00:01,0,64931.71,3506312.43,4.432,0.0,0.0,Normal,ALLOW,ddos
1787352313.738066,2,1,00:00:00:00:00:03,0,63294.37,3417895.78,4.397,0.0,0.0,Normal,ALLOW,ddos
1787352313.744216,2,2,00:00:00:00:00:04,0,64931.71,3506312.43,4.475,0.0,0.0,Normal,ALLOW,ddos
1787352314.7133517,2,3,00:00:00:00:00:01,0,68806.0,3715524.0,4.557,0.0,99.9,Normal,ALLOW,ddos
1787352314.71937,2,1,00:00:00:00:00:03,0,72361.0,3907494.0,4.452,0.0,99.9,Normal,ALLOW,ddos
1787352314.7257051,2,2,00:00:00:00:00:04,0,68806.0,3715524.0,4.666,0.0,99.9,Normal,ALLOW,ddos
1787352314.8189695,1,3,00:00:00:00:00:04,0,64914.31,3505372.83,6.131,0.0,95.6,Normal,ALLOW,ddos
1787352314.8257697,1,1,00:00:00:00:00:01,0,64915.21,3505421.53,5.054,0.0,95.6,Normal,ALLOW,ddos
1787352315.7169173,2,3,00:00:00:00:00:01,0,65800.17,3553209.02,4.571,0.0,100.0,Normal,ALLOW,ddos
1787352315.7231777,2,1,00:00:00:00:00:03,0,71095.59,3839161.87,4.498,0.0,100.0,Normal,ALLOW,ddos
1787352315.729485,2,2,00:00:00:00:00:04,0,65800.17,3553209.02,4.447,0.0,100.0,Normal,ALLOW,ddos
1787352315.8013752,1,3,00:00:00:00:00:04,0,70998.0,3833892.0,4.613,0.0,109.1,Normal,ALLOW,ddos
1787352315.8078942,1,1,00:00:00:00:00:01,0,70997.0,3833838.0,4.834,0.0,109.1,Normal,ALLOW,ddos
1787352316.694616,1,3,00:00:00:00:00:04,0,67894.0,3666276.0,4.907,0.0,99.7,Normal,ALLOW,ddos
1787352316.700901,1,1,00:00:00:00:00:01,0,67894.0,3666276.0,4.418,0.0,99.7,Normal,ALLOW,ddos
1787352316.7343385,2,3,00:00:00:00:00:01,0,66822.04,3608390.09,4.612,0.0,99.9,Normal,ALLOW,ddos
1787352316.7406306,2,1,00:00:00:00:00:03,0,69104.45,3731640.44,4.678,0.0,99.9,Normal,ALLOW,ddos
1787352316.7471898,2,2,00:00:00:00:00:04,0,66822.04,3608390.09,4.57,0.0,99.9,Normal,ALLOW,ddos
1787352317.6683433,1,3,00:00:00:00:00:04,0,68124.0,3678696.0,4.443,0.0,100.7,Normal,ALLOW,ddos
1787352317.6743584,1,1,00:00:00:00:00:01,0,68124.0,3678696.0,4.473,0.0,100.7,Normal,ALLOW,ddos
1787352317.71835,2,3,00:00:00:00:00:01,0,66546.0,3593484.0,4.499,0.0,100.1,Normal,ALLOW,ddos
1787352317.7243574,2,1,00:00:00:00:00:03,0,68628.0,3705912.0,4.501,0.0,100.1,Normal,ALLOW,ddos
1787352317.7303274,2,2,00:00:00:00:00:04,0,66546.0,3593484.0,4.422,0.0,100.1,Normal,ALLOW,ddos
1787352318.6641693,1,3,00:00:00:00:00:04,0,68373.0,3692142.0,4.48,0.0,99.4,Normal,ALLOW,ddos
1787352318.670769,1,1,00:00:00:00:00:01,0,68374.0,3692196.0,4.979,0.0,99.4,Normal,ALLOW,ddos
1787352318.7417905,2,3,00:00:00:00:00:01,0,65888.01,3557952.52,6.677,0.0,0.0,Normal,ALLOW,ddos
1787352318.7520635,2,1,00:00:00:00:00:03,0,71071.7,3837871.73,7.565,0.0,0.0,Normal,ALLOW,ddos
1787352318.758939,2,2,00:00:00:00:00:04,0,65888.01,3557952.52,4.633,0.0,0.0,Normal,ALLOW,ddos
1787352319.7429004,2,3,00:00:00:00:00:01,0,64021.07,3457138.03,4.814,0.0,0.0,Normal,ALLOW,ddos
1787352319.7490718,2,1,00:00:00:00:00:03,0,66476.41,3589725.98,4.417,0.0,0.0,Normal,ALLOW,ddos
1787352319.7554662,2,2,00:00:00:00:00:04,0,64021.07,3457138.03,4.673,0.0,0.0,Normal,ALLOW,ddos
1787352319.7866175,1,3,00:00:00:00:00:04,0,59197.5,3196665.23,4.642,0.0,90.5,Normal,ALLOW,ddos
1787352319.793417,1,1,00:00:00:00:00:01,0,59196.61,3196617.13,4.726,0.0,90.5,Normal,ALLOW,ddos
1787352320.725634,2,3,00:00:00:00:00:01,0,63692.0,3439368.0,4.819,0.0,101.2,Normal,ALLOW,ddos
1787352320.7323327,2,1,00:00:00:00:00:03,0,64191.0,3466314.0,4.607,0.0,101.2,Normal,ALLOW,ddos
1787352320.7386665,2,2,00:00:00:00:00:04,0,63692.0,3439368.0,4.589,0.0,101.2,Normal,ALLOW,ddos
1787352320.8961577,1,3,00:00:00:00:00:04,0,62536.26,3376958.1,7.911,0.0,96.4,Normal,ALLOW,ddos
1787352320.9064517,1,1,00:00:00:00:00:01,0,62536.26,3376958.1,7.587,0.0,96.4,Normal,ALLOW,ddos
1787352321.7243898,2,3,00:00:00:00:00:01,0,59229.0,3198366.0,4.687,0.0,100.9,Normal,ALLOW,ddos
1787352321.730453,2,1,00:00:00:00:00:03,0,64961.0,3507894.0,4.451,0.0,100.9,Normal,ALLOW,ddos
1787352321.7365437,2,2,00:00:00:00:00:04,0,59230.0,3198420.0,4.416,0.0,100.9,Normal,ALLOW,ddos
1787352321.8116684,1,3,00:00:00:00:00:04,0,65293.0,3525822.0,5.01,0.0,89.5,Normal,ALLOW,ddos
1787352321.8177087,1,1,00:00:00:00:00:01,0,65293.0,3525822.0,4.453,0.0,89.5,Normal,ALLOW,ddos
1787352322.7293088,2,3,00:00:00:00:00:01,0,61644.18,3328785.86,5.181,0.0,100.3,Normal,ALLOW,ddos
1787352322.7361681,2,1,00:00:00:00:00:03,0,66098.62,3569325.74,4.825,0.0,100.3,Normal,ALLOW,ddos
1787352322.7431395,2,2,00:00:00:00:00:04,0,61643.19,3328732.08,5.213,0.0,100.3,Normal,ALLOW,ddos
1787352322.8796358,1,3,00:00:00:00:00:04,0,62663.53,3383830.46,6.085,0.0,102.3,Normal,ALLOW,ddos
1787352322.885919,1,1,00:00:00:00:00:01,0,62664.46,3383881.09,4.425,0.0,102.3,Normal,ALLOW,ddos
1787352323.731563,2,3,00:00:00:00:00:01,0,63622.1,3435593.43,4.695,0.0,0.0,Normal,ALLOW,ddos
1787352323.737968,2,1,00:00:00:00:00:03,0,68539.18,3701115.87,4.614,0.0,0.0,Normal,ALLOW,ddos
1787352323.7442677,2,2,00:00:00:00:00:04,0,63622.1,3435593.43,4.696,0.0,0.0,Normal,ALLOW,ddos
1787352323.9287782,1,3,00:00:00:00:00:04,0,64247.96,3469389.6,4.586,0.0,101.6,Normal,ALLOW,ddos
1787352323.9347994,1,1,00:00:00:00:00:01,0,64247.0,3469338.21,4.469,0.0,101.6,Normal,ALLOW,ddos
1787352324.7321947,2,3,00:00:00:00:00:01,0,67576.01,3649104.53,4.59,0.0,99.6,Normal,ALLOW,ddos
1787352324.7384589,2,1,00:00:00:00:00:03,0,71643.47,3868747.31,4.588,0.0,99.6,Normal,ALLOW,ddos
1787352324.7453294,2,2,00:00:00:00:00:04,0,67577.01,3649158.52,4.837,0.0,99.6,Normal,ALLOW,ddos
1787352324.950362,1,3,00:00:00:00:00:04,0,63168.76,3411113.04,4.982,0.0,101.7,Normal,ALLOW,ddos
1787352324.9572809,1,1,00:00:00:00:00:01,0,63168.76,3411113.04,4.866,0.0,101.7,Normal,ALLOW,ddos
1787352325.7312367,2,3,00:00:00:00:00:01,0,61959.0,3345786.0,4.93,0.0,99.9,Normal,ALLOW,ddos
1787352325.7373521,2,1,00:00:00:00:00:03,0,64844.0,3501576.0,4.521,0.0,99.9,Normal,ALLOW,ddos
1787352325.743836,2,2,00:00:00:00:00:04,0,61958.0,3345732.0,4.762,0.0,99.9,Normal,ALLOW,ddos
1787352325.979302,1,3,00:00:00:00:00:04,0,62667.02,3384018.88,7.728,0.0,103.2,Normal,ALLOW,ddos
1787352325.9870207,1,1,00:00:00:00:00:01,0,62667.02,3384018.88,5.174,0.0,103.2,Normal,ALLOW,ddos
1787352326.7399387,2,3,00:00:00:00:00:01,0,65431.6,3533306.22,4.645,0.0,99.3,Normal,ALLOW,ddos
1787352326.7467995,2,1,00:00:00:00:00:03,0,68226.42,3684226.74,4.622,0.0,99.3,Normal,ALLOW,ddos
1787352326.7528846,2,2,00:00:00:00:00:04,0,65431.6,3533306.22,4.399,0.0,99.3,Normal,ALLOW,ddos
1787352327.0240967,1,3,00:00:00:00:00:04,0,60999.34,3293964.13,4.6,0.0,98.8,Normal,ALLOW,ddos
1787352327.030565,1,1,00:00:00:00:00:01,0,60999.34,3293964.13,4.534,0.0,98.8,Normal,ALLOW,ddos
1787352327.7355204,2,3,00:00:00:00:00:01,0,68211.0,3683394.0,4.59,0.0,0.0,Normal,ALLOW,ddos
1787352327.741971,2,1,00:00:00:00:00:03,0,70224.0,3792096.0,4.675,0.0,0.0,Normal,ALLOW,ddos
1787352327.7486973,2,2,00:00:00:00:00:04,0,68211.0,3683394.0,4.74,0.0,0.0,Normal,ALLOW,ddos
1787352327.953034,1,3,00:00:00:00:00:04,0,64583.0,3487482.0,4.611,0.0,101.6,Normal,ALLOW,ddos
1787352327.9594483,1,1,00:00:00:00:00:01,0,64583.0,3487482.0,4.837,0.0,101.6,Normal,ALLOW,ddos
1787352328.4740603,1,3,00:00:00:00:00:04,0,65748.0,3550392.0,4.985,0.0,99.8,Normal,ALLOW,ddos
1787352328.4805312,1,1,00:00:00:00:00:01,0,65748.0,3550392.0,4.541,0.0,99.8,Normal,ALLOW,ddos
1787352328.7459192,2,3,00:00:00:00:00:01,0,66667.59,3600049.71,6.997,0.0,0.0,Normal,ALLOW,ddos
1787352328.7533176,2,1,00:00:00:00:00:03,0,69716.74,3764703.94,5.461,0.0,0.0,Normal,ALLOW,ddos
1787352328.7601304,2,2,00:00:00:00:00:04,0,66667.59,3600049.71,4.804,0.0,0.0,Normal,ALLOW,ddos
1787352328.8398526,1,3,00:00:00:00:00:04,0,63386.0,3422844.0,6.349,0.0,96.7,Normal,ALLOW,ddos
1787352328.8488154,1,1,00:00:00:00:00:01,0,63386.0,3422844.0,5.976,0.0,96.7,Normal,ALLOW,ddos
1787352329.5372555,1,3,00:00:00:00:00:04,0,66388.0,3584952.0,7.737,0.0,100.6,Normal,ALLOW,ddos
1787352329.5474827,1,1,00:00:00:00:00:01,0,66388.0,3584952.0,7.757,0.0,100.6,Normal,ALLOW,ddos
1787352329.7382414,2,3,00:00:00:00:00:01,0,64823.0,3500442.0,4.897,0.0,97.6,Normal,ALLOW,ddos
1787352329.7449758,2,1,00:00:00:00:00:03,0,69347.0,3744738.0,4.93,0.0,97.6,Normal,ALLOW,ddos
1787352329.7514565,2,2,00:00:00:00:00:04,0,64823.0,3500442.0,4.595,0.0,97.6,Normal,ALLOW,ddos
1787352330.5521543,1,3,00:00:00:00:00:04,0,65835.97,3555142.37,4.447,0.0,100.9,Normal,ALLOW,ddos
1787352330.5586128,1,1,00:00:00:00:00:01,0,65835.97,3555142.37,4.68,0.0,100.9,Normal,ALLOW,ddos
1787352330.7415774,2,3,00:00:00:00:00:01,0,65258.55,3523961.58,4.873,0.0,661.6,Normal,ALLOW,ddos
1787352330.748195,2,1,00:00:00:00:00:03,0,66562.62,3594381.64,4.572,0.0,661.6,Normal,ALLOW,ddos
1787352330.7546167,2,2,00:00:00:00:00:04,0,65258.55,3523961.58,4.545,0.0,661.6,Normal,ALLOW,ddos
1787352331.4130592,1,3,00:00:00:00:00:04,0,63489.0,3428406.0,4.533,0.0,99.8,Normal,ALLOW,ddos
1787352331.4194472,1,1,00:00:00:00:00:01,0,63489.0,3428406.0,4.519,0.0,99.8,Normal,ALLOW,ddos
1787352331.739997,2,3,00:00:00:00:00:01,0,64526.0,3484404.0,4.563,0.0,100.9,Normal,ALLOW,ddos
1787352331.7461722,2,1,00:00:00:00:00:03,0,68583.0,3703482.0,4.559,0.0,100.9,Normal,ALLOW,ddos
1787352331.7521439,2,2,00:00:00:00:00:04,0,64526.0,3484404.0,4.386,0.0,100.9,Normal,ALLOW,ddos
1787352332.3973913,1,3,00:00:00:00:00:04,0,65899.0,3558546.0,4.556,0.0,100.4,Normal,ALLOW,ddos
1787352332.403517,1,1,00:00:00:00:00:01,0,65899.0,3558546.0,4.37,0.0,100.4,Normal,ALLOW,ddos
1787352332.7453892,2,3,00:00:00:00:00:01,0,62622.91,3381637.18,4.817,0.0,0.0,Normal,ALLOW,ddos
1787352332.751575,2,1,00:00:00:00:00:03,0,67369.45,3637950.37,4.441,0.0,0.0,Normal,ALLOW,ddos
1787352332.7582223,2,2,00:00:00:00:00:04,0,62622.91,3381637.18,4.842,0.0,0.0,Normal,ALLOW,ddos
1787352333.6531587,1,3,00:00:00:00:00:04,0,55536.69,2998981.49,4.483,0.0,100.3,Normal,ALLOW,ddos
1787352333.6593184,1,1,00:00:00:00:00:01,0,55536.69,2998981.49,4.655,0.0,100.3,Normal,ALLOW,ddos
1787352334.1376336,2,3,00:00:00:00:00:01,0,48707.99,2630231.65,4.627,0.0,100.5,Normal,ALLOW,ddos
1787352334.1445088,2,1,00:00:00:00:00:03,0,51617.8,2787361.17,4.657,0.0,100.5,Normal,ALLOW,ddos
1787352334.1512687,2,2,00:00:00:00:00:04,0,48707.99,2630231.65,4.94,0.0,100.5,Normal,ALLOW,ddos
1787352334.7476008,2,3,00:00:00:00:00:01,0,68835.0,3717090.0,4.469,0.0,0.0,Normal,ALLOW,ddos
1787352334.753903,2,1,00:00:00:00:00:03,0,73430.0,3965220.0,4.712,0.0,0.0,Normal,ALLOW,ddos
1787352334.7605515,2,2,00:00:00:00:00:04,0,68835.0,3717090.0,4.496,0.0,0.0,Normal,ALLOW,ddos
1787352334.7667792,2,3,00:00:00:00:00:01,0,74598.0,4028292.0,4.483,0.0,0.0,Normal,ALLOW,ddos
1787352334.8703887,1,3,00:00:00:00:00:04,0,57968.95,3130323.34,4.475,0.0,106.2,Normal,ALLOW,ddos
1787352334.8767588,1,1,00:00:00:00:00:01,0,57968.95,3130323.34,4.581,0.0,106.2,Normal,ALLOW,ddos
1787352334.8830192,1,3,00:00:00:00:00:03,0,59023.69,3187279.44,4.458,0.0,106.2,Normal,ALLOW,ddos
1787352335.6416748,1,3,00:00:00:00:00:04,0,65476.0,3535704.0,4.575,0.0,99.9,Normal,ALLOW,ddos
1787352335.6477532,1,1,00:00:00:00:00:01,0,65475.0,3535650.0,4.469,0.0,99.9,Normal,ALLOW,ddos
1787352335.6535277,1,3,00:00:00:00:00:03,0,69703.0,3763962.0,4.289,0.0,99.9,Normal,ALLOW,ddos
1787352335.7482417,2,3,00:00:00:00:00:01,0,70386.96,3800895.93,4.523,0.0,103.2,Normal,ALLOW,ddos
1787352335.754311,2,1,00:00:00:00:00:03,0,73338.62,3960285.73,4.456,0.0,103.2,Normal,ALLOW,ddos
1787352335.7601945,2,2,00:00:00:00:00:04,0,70386.96,3800895.93,4.377,0.0,103.2,Normal,ALLOW,ddos
1787352335.765959,2,3,00:00:00:00:00:01,0,74782.46,4038252.82,4.312,0.0,103.2,Normal,ALLOW,ddos
1787352336.7513232,2,3,00:00:00:00:00:01,0,68455.96,3696621.62,4.899,0.0,100.3,Normal,ALLOW,ddos
1787352336.7583077,2,1,00:00:00:00:00:03,0,71121.57,3840564.68,4.847,0.0,100.3,Normal,ALLOW,ddos
1787352336.765061,2,2,00:00:00:00:00:04,0,68455.96,3696621.62,4.503,0.0,100.3,Normal,ALLOW,ddos
1787352336.7714076,2,3,00:00:00:00:00:01,0,72565.11,3918515.88,4.501,0.0,100.3,Normal,ALLOW,ddos
1787352336.822199,1,3,00:00:00:00:00:04,0,55681.52,3006801.84,4.407,0.0,115.9,Normal,ALLOW,ddos
1787352336.8281696,1,1,00:00:00:00:00:01,0,55681.52,3006801.84,4.459,0.0,115.9,Normal,ALLOW,ddos
1787352336.8340378,1,3,00:00:00:00:00:03,0,61052.89,3296856.01,4.282,0.0,115.9,Normal,ALLOW,ddos
1787352337.7417283,1,3,00:00:00:00:00:04,0,66281.0,3579174.0,4.412,0.0,100.0,Normal,ALLOW,ddos
1787352337.7476997,1,1,00:00:00:00:00:01,0,66281.0,3579174.0,4.345,0.0,100.0,Normal,ALLOW,ddos
1787352337.75395,1,3,00:00:00:00:00:03,0,74686.0,4033044.0,4.373,0.0,100.0,Normal,ALLOW,ddos
1787352337.773377,2,3,00:00:00:00:00:01,0,70817.46,3824143.04,4.551,0.0,0.0,Normal,ALLOW,ddos
1787352337.7794886,2,1,00:00:00:00:00:03,0,72095.26,3893144.02,4.48,0.0,0.0,Normal,ALLOW,ddos
1787352337.7853792,2,2,00:00:00:00:00:04,0,70817.46,3824143.04,4.354,0.0,0.0,Normal,ALLOW,ddos
1787352337.791229,2,3,00:00:00:00:00:01,0,73604.76,3974657.04,4.345,0.0,0.0,Normal,ALLOW,ddos
1787352338.6033788,1,3,00:00:00:00:00:04,0,62852.0,3394008.0,4.528,0.0,100.0,Normal,ALLOW,ddos
1787352338.6091604,1,1,00:00:00:00:00:01,0,62853.0,3394062.0,4.288,0.0,100.0,Normal,ALLOW,ddos
1787352338.6149805,1,3,00:00:00:00:00:03,0,70835.0,3825090.0,4.305,0.0,100.0,Normal,ALLOW,ddos
1787352338.75245,2,3,00:00:00:00:00:01,0,71812.0,3877848.0,4.465,0.0,0.0,Normal,ALLOW,ddos
1787352338.7583919,2,1,00:00:00:00:00:03,0,74024.0,3997296.0,4.433,0.0,0.0,Normal,ALLOW,ddos
1787352338.7644567,2,2,00:00:00:00:00:04,0,71812.0,3877848.0,4.396,0.0,0.0,Normal,ALLOW,ddos
1787352338.7702038,2,3,00:00:00:00:00:01,0,75348.0,4068792.0,4.238,0.0,0.0,Normal,ALLOW,ddos
1787352339.571728,1,3,00:00:00:00:00:04,0,68325.0,3689550.0,4.387,0.0,100.2,Normal,ALLOW,ddos
1787352339.5780776,1,1,00:00:00:00:00:01,0,68325.0,3689550.0,4.628,0.0,100.2,Normal,ALLOW,ddos
1787352339.5841153,1,3,00:00:00:00:00:03,0,71464.0,3859056.0,4.303,0.0,100.2,Normal,ALLOW,ddos
1787352339.7544065,2,3,00:00:00:00:00:01,0,69547.66,3755573.73,4.456,0.0,98.4,Normal,ALLOW,ddos
1787352339.7605126,2,1,00:00:00:00:00:03,0,70061.95,3783345.26,4.584,0.0,98.4,Normal,ALLOW,ddos
1787352339.7666278,2,2,00:00:00:00:00:04,0,69546.66,3755519.81,4.397,0.0,98.4,Normal,ALLOW,ddos
1787352339.7726955,2,3,00:00:00:00:00:01,0,71533.91,3862831.16,4.552,0.0,98.4,Normal,ALLOW,ddos
1787352340.5950959,1,3,00:00:00:00:00:04,0,64701.07,3493857.52,4.741,0.0,99.5,Normal,ALLOW,ddos
1787352340.6014557,1,1,00:00:00:00:00:01,0,64700.09,3493804.74,4.478,0.0,99.5,Normal,ALLOW,ddos
1787352340.6078792,1,3,00:00:00:00:00:03,0,65629.65,3544001.26,4.573,0.0,99.5,Normal,ALLOW,ddos
1787352340.7590003,2,3,00:00:00:00:00:01,0,12388.87,668999.15,5.191,0.0,97.7,Normal,ALLOW,ddos
1787352340.7664442,2,1,00:00:00:00:00:03,0,65335.47,3528115.16,4.808,0.0,97.7,Normal,ALLOW,ddos
1787352340.7730665,2,2,00:00:00:00:00:04,0,99992.63,5399602.08,4.771,0.0,97.7,Normal,ALLOW,ddos
1787352340.7799819,2,3,00:00:00:00:00:01,0,66653.45,3599286.43,4.818,0.0,97.7,Normal,ALLOW,ddos
1787352341.6307378,1,3,00:00:00:00:00:04,0,60731.18,3279483.47,4.713,0.0,99.7,Normal,ALLOW,ddos
1787352341.6373408,1,1,00:00:00:00:00:01,0,60731.18,3279483.47,4.69,0.0,99.7,Normal,ALLOW,ddos
1787352341.6444335,1,3,00:00:00:00:00:03,0,64241.36,3469033.32,4.706,0.0,99.7,Normal,ALLOW,ddos
1787352341.7648292,2,1,00:00:00:00:00:03,0,68056.78,3675066.32,4.703,0.0,0.0,Normal,ALLOW,ddos
1787352341.7721517,2,2,00:00:00:00:00:04,0,122615.25,6621223.57,4.938,0.0,0.0,Normal,ALLOW,ddos
1787352341.7784774,2,3,00:00:00:00:00:01,0,69463.33,3751020.05,4.67,0.0,0.0,Normal,ALLOW,ddos
1787352342.618913,1,3,00:00:00:00:00:04,0,63791.0,3444714.0,5.105,0.0,99.6,Normal,ALLOW,ddos
1787352342.626429,1,1,00:00:00:00:00:01,0,63792.0,3444768.0,5.474,0.0,99.6,Normal,ALLOW,ddos
1787352342.6336663,1,3,00:00:00:00:00:03,0,69986.0,3779244.0,5.199,0.0,99.6,Normal,ALLOW,ddos
1787352342.7707052,2,1,00:00:00:00:00:03,0,66721.99,3602987.32,7.829,0.0,0.0,Normal,ALLOW,ddos
1787352342.781767,2,2,00:00:00:00:00:04,0,119613.26,6459115.78,8.065,0.0,0.0,Normal,ALLOW,ddos
1787352342.7928226,2,3,00:00:00:00:00:01,0,68057.13,3675084.81,8.111,0.0,0.0,Normal,ALLOW,ddos
1787352343.5740314,1,3,00:00:00:00:00:04,0,63698.0,3439692.0,4.732,0.0,100.4,Normal,ALLOW,ddos
1787352343.5808604,1,1,00:00:00:00:00:01,0,63697.0,3439638.0,4.707,0.0,100.4,Normal,ALLOW,ddos
1787352343.5872362,1,3,00:00:00:00:00:03,0,68495.0,3698730.0,4.516,0.0,100.4,Normal,ALLOW,ddos
1787352343.767126,2,1,00:00:00:00:00:03,0,63169.54,3411155.22,4.629,0.0,98.0,Normal,ALLOW,ddos
1787352343.7742133,2,2,00:00:00:00:00:04,0,111520.99,6022133.6,5.111,0.0,98.0,Normal,ALLOW,ddos
1787352343.7813008,2,3,00:00:00:00:00:01,0,64439.95,3479757.23,4.976,0.0,98.0,Normal,ALLOW,ddos
1787352344.698113,1,3,00:00:00:00:00:04,0,58695.21,3169541.41,4.903,0.0,100.2,Normal,ALLOW,ddos
1787352344.7046344,1,1,00:00:00:00:00:01,0,58695.21,3169541.41,4.549,0.0,100.2,Normal,ALLOW,ddos
1787352344.7114313,1,3,00:00:00:00:00:03,0,61133.51,3301209.33,4.68,0.0,100.2,Normal,ALLOW,ddos
1787352344.7728937,2,1,00:00:00:00:00:03,0,63244.8,3415218.98,4.577,0.0,0.0,Normal,ALLOW,ddos
1787352344.779605,2,2,00:00:00:00:00:04,0,111724.32,6033113.5,4.635,0.0,0.0,Normal,ALLOW,ddos
1787352344.7861726,2,3,00:00:00:00:00:01,0,64454.2,3480526.82,4.561,0.0,0.0,Normal,ALLOW,ddos
1787352345.7138746,1,3,00:00:00:00:00:04,0,60799.63,3283179.81,4.648,0.0,101.1,Normal,ALLOW,ddos
1787352345.7203739,1,1,00:00:00:00:00:01,0,60799.63,3283179.81,4.635,0.0,101.1,Normal,ALLOW,ddos
1787352345.7270458,1,3,00:00:00:00:00:03,0,65027.56,3511488.49,4.969,0.0,101.1,Normal,ALLOW,ddos
1787352345.7717106,2,1,00:00:00:00:00:03,0,63249.0,3415446.0,4.604,0.0,85.7,Normal,ALLOW,ddos
1787352345.7785122,2,2,00:00:00:00:00:04,0,112929.0,6098166.0,4.926,0.0,85.7,Normal,ALLOW,ddos
1787352345.7850442,2,3,00:00:00:00:00:01,0,64404.0,3477816.0,4.665,0.0,85.7,Normal,ALLOW,ddos
1787352346.3806183,1,3,00:00:00:00:00:04,0,62531.0,3376674.0,5.026,0.0,102.2,Normal,ALLOW,ddos
1787352346.3881292,1,1,00:00:00:00:00:01,0,62531.0,3376674.0,4.879,0.0,102.2,Normal,ALLOW,ddos
1787352346.3951905,1,3,00:00:00:00:00:03,0,69730.0,3765420.0,4.717,0.0,102.2,Normal,ALLOW,ddos
1787352346.779262,2,1,00:00:00:00:00:03,0,61971.77,3346475.33,7.653,0.0,96.1,Normal,ALLOW,ddos
1787352346.7881203,2,2,00:00:00:00:00:04,0,114407.27,6177992.4,6.212,0.0,96.1,Normal,ALLOW,ddos
1787352346.7947803,2,3,00:00:00:00:00:01,0,63168.53,3411100.7,4.705,0.0,96.1,Normal,ALLOW,ddos
1787352346.9479642,1,3,00:00:00:00:00:04,0,66648.0,3598992.0,5.112,0.0,96.7,Normal,ALLOW,ddos
1787352346.954382,1,1,00:00:00:00:00:01,0,66648.0,3598992.0,4.575,0.0,96.7,Normal,ALLOW,ddos
1787352346.9624527,1,3,00:00:00:00:00:03,0,67074.0,3621996.0,5.977,0.0,96.7,Normal,ALLOW,ddos
1787352347.748606,1,3,00:00:00:00:00:04,0,66117.0,3570318.0,4.724,0.0,101.1,Normal,ALLOW,ddos
1787352347.7550497,1,1,00:00:00:00:00:01,0,66117.0,3570318.0,4.54,0.0,101.1,Normal,ALLOW,ddos
1787352347.7620625,1,3,00:00:00:00:00:03,0,67271.0,3632634.0,4.767,0.0,101.1,Normal,ALLOW,ddos
1787352347.7991762,2,1,00:00:00:00:00:03,0,61991.94,3347564.73,4.743,0.0,0.0,Normal,ALLOW,ddos
1787352347.8057854,2,2,00:00:00:00:00:04,0,113778.97,6144064.18,4.566,0.0,0.0,Normal,ALLOW,ddos
1787352347.8133469,2,3,00:00:00:00:00:01,0,63066.81,3405607.67,5.033,0.0,0.0,Normal,ALLOW,ddos
1787352348.7780287,2,1,00:00:00:00:00:03,0,63434.0,3425436.0,4.794,0.0,0.0,Normal,ALLOW,ddos
1787352348.7845683,2,2,00:00:00:00:00:04,0,111265.0,6008310.0,4.641,0.0,0.0,Normal,ALLOW,ddos
1787352348.79154,2,3,00:00:00:00:00:01,0,64668.0,3492072.0,4.899,0.0,0.0,Normal,ALLOW,ddos
1787352348.8369536,1,3,00:00:00:00:00:04,0,58105.4,3137691.37,5.27,0.0,104.2,Normal,ALLOW,ddos
1787352348.8446553,1,1,00:00:00:00:00:01,0,58106.32,3137741.03,5.421,0.0,104.2,Normal,ALLOW,ddos
1787352348.8516514,1,3,00:00:00:00:00:03,0,63169.35,3411145.08,4.941,0.0,104.2,Normal,ALLOW,ddos
1787352349.78041,2,1,00:00:00:00:00:03,0,63527.51,3430485.32,4.678,0.0,0.0,Normal,ALLOW,ddos
1787352349.78688,2,2,00:00:00:00:00:04,0,112888.23,6095964.65,4.74,0.0,0.0,Normal,ALLOW,ddos
1787352349.793916,2,3,00:00:00:00:00:01,0,64722.79,3495030.51,4.971,0.0,0.0,Normal,ALLOW,ddos
1787352349.974502,1,3,00:00:00:00:00:04,0,57550.63,3107734.25,5.092,0.0,98.1,Normal,ALLOW,ddos
1787352349.9813783,1,1,00:00:00:00:00:01,0,57550.63,3107734.25,4.908,0.0,98.1,Normal,ALLOW,ddos
1787352349.988127,1,3,00:00:00:00:00:03,0,61255.05,3307772.64,4.89,0.0,98.1,Normal,ALLOW,ddos
1787352350.781096,2,1,00:00:00:00:00:03,0,65349.56,3528876.4,4.99,0.0,0.0,Normal,ALLOW,ddos
1787352350.7876432,2,2,00:00:00:00:00:04,0,110344.52,5958604.3,4.779,0.0,0.0,Normal,ALLOW,ddos
1787352350.7941115,2,3,00:00:00:00:00:01,0,66571.64,3594868.47,4.717,0.0,0.0,Normal,ALLOW,ddos
1787352351.014292,1,3,00:00:00:00:00:04,0,61141.31,3301631.0,4.861,0.0,103.1,Normal,ALLOW,ddos
1787352351.0207644,1,1,00:00:00:00:00:01,0,61140.35,3301579.07,4.73,0.0,103.1,Normal,ALLOW,ddos
1787352351.0276918,1,3,00:00:00:00:00:03,0,65945.46,3561054.87,4.685,0.0,103.1,Normal,ALLOW,ddos
1787352351.7808821,2,1,00:00:00:00:00:03,0,68956.11,3723629.91,4.697,0.0,0.0,Normal,ALLOW,ddos
1787352351.787216,2,2,00:00:00:00:00:04,0,110279.98,5955118.72,4.646,0.0,0.0,Normal,ALLOW,ddos
1787352351.7934785,2,3,00:00:00:00:00:01,0,70223.07,3792046.03,4.631,0.0,0.0,Normal,ALLOW,ddos
1787352352.0104132,1,3,00:00:00:00:00:04,0,68772.0,3713688.0,4.719,0.0,100.4,Normal,ALLOW,ddos
1787352352.0167227,1,1,00:00:00:00:00:01,0,68773.0,3713742.0,4.544,0.0,100.4,Normal,ALLOW,ddos
1787352352.0229573,1,3,00:00:00:00:00:03,0,61766.0,3335364.0,4.572,0.0,100.4,Normal,ALLOW,ddos
1787352352.7829304,2,1,00:00:00:00:00:03,0,62415.27,3370424.46,4.871,0.0,0.0,Normal,ALLOW,ddos
1787352352.7952743,2,2,00:00:00:00:00:04,0,109272.63,5900721.85,7.945,0.0,0.0,Normal,ALLOW,ddos
1787352352.8058918,2,3,00:00:00:00:00:01,0,63760.58,3443071.28,8.005,0.0,0.0,Normal,ALLOW,ddos
1787352352.9617107,1,3,00:00:00:00:00:04,0,66292.0,3579768.0,8.062,0.0,92.0,Normal,ALLOW,ddos
1787352352.9704442,1,1,00:00:00:00:00:01,0,66292.0,3579768.0,6.381,0.0,92.0,Normal,ALLOW,ddos
1787352352.9767663,1,3,00:00:00:00:00:03,0,68216.0,3683664.0,4.636,0.0,92.0,Normal,ALLOW,ddos
1787352353.784942,2,1,00:00:00:00:00:03,0,65142.26,3517681.95,4.682,0.0,0.0,Normal,ALLOW,ddos
1787352353.7914567,2,2,00:00:00:00:00:04,0,115350.62,6228933.26,4.887,0.0,0.0,Normal,ALLOW,ddos
1787352353.7980664,2,3,00:00:00:00:00:01,0,66402.38,3585728.58,4.609,0.0,0.0,Normal,ALLOW,ddos
1787352353.8670352,1,3,00:00:00:00:00:04,0,63226.0,3414204.0,4.618,0.0,98.6,Normal,ALLOW,ddos
1787352353.8735156,1,1,00:00:00:00:00:01,0,63225.0,3414150.0,4.774,0.0,98.6,Normal,ALLOW,ddos
1787352353.8798826,1,3,00:00:00:00:00:03,0,69779.0,3768066.0,4.401,0.0,98.6,Normal,ALLOW,ddos
1787352354.794004,2,1,00:00:00:00:00:03,0,61149.15,3302054.29,4.913,0.0,0.0,Normal,ALLOW,ddos
1787352354.8044448,2,2,00:00:00:00:00:04,0,113411.73,6124233.61,7.757,0.0,0.0,Normal,ALLOW,ddos
1787352354.8154573,2,3,00:00:00:00:00:01,0,62595.02,3380131.1,8.036,0.0,0.0,Normal,ALLOW,ddos
1787352354.967452,1,3,00:00:00:00:00:04,0,56823.88,3068489.56,5.273,0.0,98.0,Normal,ALLOW,ddos
1787352354.9763873,1,1,00:00:00:00:00:01,0,56824.79,3068538.65,6.409,0.0,98.0,Normal,ALLOW,ddos
1787352354.9859505,1,3,00:00:00:00:00:03,0,63750.85,3442545.94,6.864,0.0,98.0,Normal,ALLOW,ddos
1787352355.7849572,2,1,00:00:00:00:00:03,0,69398.0,3747492.0,4.462,0.0,0.0,Normal,ALLOW,ddos
1787352355.7916646,2,2,00:00:00:00:00:04,0,119012.0,6426648.0,4.862,0.0,0.0,Normal,ALLOW,ddos
1787352355.7981274,2,3,00:00:00:00:00:01,0,71071.0,3837834.0,4.354,0.0,0.0,Normal,ALLOW,ddos
1787352355.988028,1,3,00:00:00:00:00:04,0,63919.14,3451633.6,4.546,0.0,98.8,Normal,ALLOW,ddos
1787352355.9949267,1,1,00:00:00:00:00:01,0,63918.16,3451580.74,4.627,0.0,98.8,Normal,ALLOW,ddos
1787352356.0015962,1,3,00:00:00:00:00:03,0,69212.13,3737454.82,4.577,0.0,98.8,Normal,ALLOW,ddos
1787352356.7851498,2,1,00:00:00:00:00:03,0,67184.0,3627936.0,4.594,0.0,100.4,Normal,ALLOW,ddos
1787352356.7915175,2,2,00:00:00:00:00:04,0,120972.0,6532488.0,4.701,0.0,100.4,Normal,ALLOW,ddos
1787352356.7981336,2,3,00:00:00:00:00:01,0,69021.0,3727134.0,4.56,0.0,100.4,Normal,ALLOW,ddos
1787352356.9518716,1,3,00:00:00:00:00:04,0,64633.0,3490182.0,4.957,0.0,102.9,Normal,ALLOW,ddos
1787352356.9577882,1,1,00:00:00:00:00:01,0,64634.0,3490236.0,4.23,0.0,102.9,Normal,ALLOW,ddos
1787352356.9642467,1,3,00:00:00:00:00:03,0,66308.0,3580632.0,4.484,0.0,102.9,Normal,ALLOW,ddos
1787352356.970522,1,2,00:00:00:00:00:02,0,75526.0,4078404.0,4.413,0.0,102.9,Normal,ALLOW,ddos
1787352357.7907171,2,1,00:00:00:00:00:03,0,67548.87,3647639.01,4.714,0.0,0.0,Normal,ALLOW,ddos
1787352357.7976596,2,2,00:00:00:00:00:04,0,116706.14,6302131.58,4.981,0.0,0.0,Normal,ALLOW,ddos
1787352357.804371,2,3,00:00:00:00:00:01,0,69286.63,3741477.93,4.733,0.0,0.0,Normal,ALLOW,ddos
1787352357.967403,1,3,00:00:00:00:00:04,0,65760.55,3551069.7,5.069,0.0,102.5,Normal,ALLOW,ddos
1787352357.974257,1,1,00:00:00:00:00:01,0,65760.55,3551069.7,4.988,0.0,102.5,Normal,ALLOW,ddos
1787352357.981674,1,3,00:00:00:00:00:03,0,63329.06,3419769.29,5.384,0.0,102.5,Normal,ALLOW,ddos
1787352357.988356,1,2,00:00:00:00:00:02,0,76236.25,4116757.43,4.733,0.0,102.5,Normal,ALLOW,ddos
1787352358.7917309,2,1,00:00:00:00:00:03,0,64986.22,3509255.95,5.063,0.0,0.0,Normal,ALLOW,ddos
1787352358.7986515,2,2,00:00:00:00:00:04,0,115575.92,6241099.65,4.711,0.0,0.0,Normal,ALLOW,ddos
1787352358.8051763,2,3,00:00:00:00:00:01,0,66808.02,3607633.19,4.484,0.0,0.0,Normal,ALLOW,ddos
1787352358.9220483,1,3,00:00:00:00:00:04,0,65565.0,3540510.0,4.816,0.0,99.9,Normal,ALLOW,ddos
1787352358.9290576,1,1,00:00:00:00:00:01,0,65564.0,3540456.0,5.115,0.0,99.9,Normal,ALLOW,ddos
1787352358.935465,1,3,00:00:00:00:00:03,0,65899.0,3558546.0,4.45,0.0,99.9,Normal,ALLOW,ddos
1787352358.9423904,1,2,00:00:00:00:00:02,0,75775.0,4091850.0,5.211,0.0,99.9,Normal,ALLOW,ddos
1787352359.7972736,2,1,00:00:00:00:00:03,0,71157.56,3842508.18,4.417,0.0,99.4,Normal,ALLOW,ddos
1787352359.8032603,2,2,00:00:00:00:00:04,0,126222.94,6816038.68,4.33,0.0,99.4,Normal,ALLOW,ddos
1787352359.809103,2,3,00:00:00:00:00:01,0,72962.15,3939956.09,4.217,0.0,99.4,Normal,ALLOW,ddos
1787352359.896425,1,3,00:00:00:00:00:04,0,66307.0,3580578.0,4.482,0.0,100.2,Normal,ALLOW,ddos
1787352359.9041893,1,1,00:00:00:00:00:01,0,66307.0,3580578.0,6.0,0.0,100.2,Normal,ALLOW,ddos
1787352359.9106042,1,2,00:00:00:00:00:02,0,70590.0,3811860.0,4.423,0.0,100.2,Normal,ALLOW,ddos
1787352359.9164293,1,3,00:00:00:00:00:03,0,64635.0,3490290.0,4.293,0.0,100.2,Normal,ALLOW,ddos
1787352360.7922313,2,1,00:00:00:00:00:03,0,73320.0,3959280.0,4.68,0.0,100.5,Normal,ALLOW,ddos
1787352360.7985463,2,2,00:00:00:00:00:04,0,121439.0,6557706.0,4.598,0.0,100.5,Normal,ALLOW,ddos
1787352360.8047204,2,3,00:00:00:00:00:01,0,75376.0,4070304.0,4.49,0.0,100.5,Normal,ALLOW,ddos
1787352360.8628025,1,3,00:00:00:00:00:04,0,68806.0,3715524.0,4.642,0.0,99.2,Normal,ALLOW,ddos
1787352360.8689675,1,1,00:00:00:00:00:01,0,68806.0,3715524.0,4.471,0.0,99.2,Normal,ALLOW,ddos
1787352360.8753405,1,2,00:00:00:00:00:02,0,71310.0,3850740.0,4.581,0.0,99.2,Normal,ALLOW,ddos
1787352360.8816364,1,3,00:00:00:00:00:03,0,72361.0,3907494.0,4.598,0.0,99.2,Normal,ALLOW,ddos
1787352361.7943265,2,1,00:00:00:00:00:03,0,69530.32,3754637.28,4.72,0.0,98.8,Normal,ALLOW,ddos
1787352361.8003285,2,2,00:00:00:00:00:04,0,116111.75,6270034.61,4.483,0.0,98.8,Normal,ALLOW,ddos
1787352361.8065696,2,3,00:00:00:00:00:01,0,71435.57,3857521.03,4.666,0.0,98.8,Normal,ALLOW,ddos
1787352361.87208,1,3,00:00:00:00:00:04,0,65454.44,3534539.61,4.759,0.0,104.6,Normal,ALLOW,ddos
1787352361.8786788,1,1,00:00:00:00:00:01,0,65454.44,3534539.61,4.763,0.0,104.6,Normal,ALLOW,ddos
1787352361.8851514,1,3,00:00:00:00:00:03,0,70722.04,3818990.0,4.754,0.0,104.6,Normal,ALLOW,ddos
1787352361.8919475,1,2,00:00:00:00:00:02,0,71200.82,3844844.26,5.002,0.0,104.6,Normal,ALLOW,ddos
1787352362.8091397,2,1,00:00:00:00:00:03,0,70550.9,3809748.85,8.277,0.0,100.8,Normal,ALLOW,ddos
1787352362.8164935,2,2,00:00:00:00:00:04,0,119655.84,6461415.31,5.024,0.0,100.8,Normal,ALLOW,ddos
1787352362.822843,2,3,00:00:00:00:00:01,0,72346.98,3906736.91,4.709,0.0,100.8,Normal,ALLOW,ddos
1787352362.8901103,1,3,00:00:00:00:00:04,0,66770.62,3605613.61,4.877,0.0,101.3,Normal,ALLOW,ddos
1787352362.8969798,1,1,00:00:00:00:00:01,0,66771.6,3605666.65,5.04,0.0,101.3,Normal,ALLOW,ddos
1787352362.903441,1,3,00:00:00:00:00:03,0,69051.31,3728770.93,4.668,0.0,101.3,Normal,ALLOW,ddos
1787352362.9099605,1,2,00:00:00:00:00:02,0,74106.75,4001764.36,4.717,0.0,101.3,Normal,ALLOW,ddos
1787352363.800697,2,1,00:00:00:00:00:03,0,68578.0,3703212.0,4.879,0.0,98.8,Normal,ALLOW,ddos
1787352363.8072922,2,2,00:00:00:00:00:04,0,118975.0,6424650.0,4.898,0.0,98.8,Normal,ALLOW,ddos
1787352363.813884,2,3,00:00:00:00:00:01,0,70357.0,3799278.0,4.702,0.0,98.8,Normal,ALLOW,ddos
1787352363.9038951,1,3,00:00:00:00:00:04,0,65606.85,3542769.64,4.416,0.0,97.0,Normal,ALLOW,ddos
1787352363.9118755,1,1,00:00:00:00:00:01,0,65605.86,3542716.4,6.285,0.0,97.0,Normal,ALLOW,ddos
1787352363.922722,1,2,00:00:00:00:00:02,0,73790.69,3984697.49,7.613,0.0,97.0,Normal,ALLOW,ddos
1787352363.9295177,1,3,00:00:00:00:00:03,0,67660.45,3653664.2,4.527,0.0,97.0,Normal,ALLOW,ddos
1787352364.8006895,2,1,00:00:00:00:00:03,0,69142.01,3733668.81,4.646,0.0,99.3,Normal,ALLOW,ddos
1787352364.8070564,2,2,00:00:00:00:00:04,0,121530.11,6562626.2,4.63,0.0,99.3,Normal,ALLOW,ddos
1787352364.8135948,2,3,00:00:00:00:00:01,0,70994.45,3833700.45,4.588,0.0,99.3,Normal,ALLOW,ddos
1787352364.9340668,1,3,00:00:00:00:00:04,0,65280.32,3525137.08,4.482,0.0,106.2,Normal,ALLOW,ddos
1787352364.9403722,1,1,00:00:00:00:00:01,0,65280.32,3525137.08,4.586,0.0,106.2,Normal,ALLOW,ddos
1787352364.9468768,1,2,00:00:00:00:00:02,0,72354.65,3907150.98,4.501,0.0,106.2,Normal,ALLOW,ddos
1787352364.952984,1,3,00:00:00:00:00:03,0,70416.2,3802474.56,4.385,0.0,106.2,Normal,ALLOW,ddos
1787352365.8081717,2,1,00:00:00:00:00:03,0,67217.39,3629738.92,5.345,0.0,0.0,Normal,ALLOW,ddos
1787352365.8151422,2,2,00:00:00:00:00:04,0,122151.32,6596171.48,4.941,0.0,0.0,Normal,ALLOW,ddos
1787352365.822245,2,3,00:00:00:00:00:01,0,69050.47,3728725.46,5.306,0.0,0.0,Normal,ALLOW,ddos
1787352365.9605935,1,3,00:00:00:00:00:04,0,62609.37,3380905.77,5.05,0.0,98.4,Normal,ALLOW,ddos
1787352365.967229,1,1,00:00:00:00:00:01,0,62610.34,3380958.41,4.85,0.0,98.4,Normal,ALLOW,ddos
1787352365.9739146,1,2,00:00:00:00:00:02,0,72394.49,3909302.26,5.003,0.0,98.4,Normal,ALLOW,ddos
1787352365.981233,1,3,00:00:00:00:00:03,0,65010.56,3510570.06,4.881,0.0,98.4,Normal,ALLOW,ddos
1787352366.8047662,2,1,00:00:00:00:00:03,0,67065.0,3621510.0,4.703,0.0,0.0,Normal,ALLOW,ddos
1787352366.8109527,2,2,00:00:00:00:00:04,0,110680.0,5976720.0,4.489,0.0,0.0,Normal,ALLOW,ddos
1787352366.8171012,2,3,00:00:00:00:00:01,0,68623.0,3705642.0,4.385,0.0,0.0,Normal,ALLOW,ddos
1787352366.9132073,1,3,00:00:00:00:00:04,0,63692.0,3439368.0,4.754,0.0,111.3,Normal,ALLOW,ddos
1787352366.9197824,1,1,00:00:00:00:00:01,0,63691.0,3439314.0,4.643,0.0,111.3,Normal,ALLOW,ddos
1787352366.9264379,1,2,00:00:00:00:00:02,0,73924.0,3991896.0,4.854,0.0,111.3,Normal,ALLOW,ddos
1787352366.9327848,1,3,00:00:00:00:00:03,0,64191.0,3466314.0,4.629,0.0,111.3,Normal,ALLOW,ddos
1787352367.746002,1,3,00:00:00:00:00:04,0,59230.0,3198420.0,4.325,0.0,99.6,Normal,ALLOW,ddos
1787352367.7520618,1,1,00:00:00:00:00:01,0,59230.0,3198420.0,4.422,0.0,99.6,Normal,ALLOW,ddos
1787352367.7580857,1,3,00:00:00:00:00:03,0,64961.0,3507894.0,4.405,0.0,99.6,Normal,ALLOW,ddos
1787352367.7641728,1,2,00:00:00:00:00:02,0,73191.0,3952314.0,4.416,0.0,99.6,Normal,ALLOW,ddos
1787352367.806689,2,1,00:00:00:00:00:03,0,71151.46,3842178.57,4.554,0.0,99.3,Normal,ALLOW,ddos
1787352367.812813,2,2,00:00:00:00:00:04,0,126433.8,6827424.96,4.523,0.0,99.3,Normal,ALLOW,ddos
1787352367.818785,2,3,00:00:00:00:00:01,0,72948.41,3939214.17,4.344,0.0,99.3,Normal,ALLOW,ddos
1787352368.7475715,1,3,00:00:00:00:00:04,0,61822.06,3338391.1,4.607,0.0,101.0,Normal,ALLOW,ddos
1787352368.7543066,1,1,00:00:00:00:00:01,0,61822.06,3338391.1,4.584,0.0,101.0,Normal,ALLOW,ddos
1787352368.760535,1,2,00:00:00:00:00:02,0,71191.25,3844327.24,4.572,0.0,101.0,Normal,ALLOW,ddos
1787352368.766701,1,3,00:00:00:00:00:03,0,66290.42,3579682.89,4.535,0.0,101.0,Normal,ALLOW,ddos
1787352368.817033,2,1,00:00:00:00:00:03,0,70985.15,3833198.06,4.722,0.0,0.0,Normal,ALLOW,ddos
1787352368.8234887,2,2,00:00:00:00:00:04,0,124378.61,6716445.21,4.699,0.0,0.0,Normal,ALLOW,ddos
1787352368.8299823,2,3,00:00:00:00:00:01,0,72805.76,3931511.22,4.578,0.0,0.0,Normal,ALLOW,ddos
1787352369.698047,1,3,00:00:00:00:00:04,0,63842.0,3447468.0,4.866,0.0,100.0,Normal,ALLOW,ddos
1787352369.7191114,1,1,00:00:00:00:00:01,0,63842.0,3447468.0,4.512,0.0,100.0,Normal,ALLOW,ddos
1787352369.725251,1,2,00:00:00:00:00:02,0,68329.0,3689766.0,4.513,0.0,100.0,Normal,ALLOW,ddos
1787352369.7312994,1,3,00:00:00:00:00:03,0,68775.0,3713850.0,4.479,0.0,100.0,Normal,ALLOW,ddos
1787352369.810632,2,1,00:00:00:00:00:03,0,71520.0,3862080.0,4.79,0.0,88.8,Normal,ALLOW,ddos
1787352369.8169336,2,2,00:00:00:00:00:04,0,125759.0,6790986.0,4.663,0.0,88.8,Normal,ALLOW,ddos
1787352369.823388,2,3,00:00:00:00:00:01,0,73555.0,3971970.0,4.795,0.0,88.8,Normal,ALLOW,ddos
1787352370.7063944,1,3,00:00:00:00:00:04,0,67005.49,3618296.68,4.655,0.0,99.4,Normal,ALLOW,ddos
1787352370.7126763,1,1,00:00:00:00:00:01,0,67005.49,3618296.68,4.636,0.0,99.4,Normal,ALLOW,ddos
1787352370.7189481,1,3,00:00:00:00:00:03,0,71037.62,3836031.57,4.598,0.0,99.4,Normal,ALLOW,ddos
1787352370.7248333,1,2,00:00:00:00:00:02,0,72626.88,3921851.34,4.242,0.0,99.4,Normal,ALLOW,ddos
1787352370.8126857,2,1,00:00:00:00:00:03,0,72219.55,3899855.9,6.446,0.0,105.3,Normal,ALLOW,ddos
1787352370.8192701,2,2,00:00:00:00:00:04,0,125959.46,6801810.68,4.762,0.0,105.3,Normal,ALLOW,ddos
1787352370.8254972,2,3,00:00:00:00:00:01,0,74092.5,4000995.26,4.617,0.0,105.3,Normal,ALLOW,ddos
1787352371.6238914,1,3,00:00:00:00:00:04,0,61958.0,3345732.0,4.733,0.0,100.0,Normal,ALLOW,ddos
1787352371.6302426,1,1,00:00:00:00:00:01,0,61958.0,3345732.0,4.412,0.0,100.0,Normal,ALLOW,ddos
1787352371.6359963,1,2,00:00:00:00:00:02,0,72431.0,3911274.0,4.203,0.0,100.0,Normal,ALLOW,ddos
1787352371.6420007,1,3,00:00:00:00:00:03,0,64845.0,3501630.0,4.473,0.0,100.0,Normal,ALLOW,ddos
1787352371.8110633,2,1,00:00:00:00:00:03,0,72363.72,3907640.84,4.708,0.0,101.2,Normal,ALLOW,ddos
1787352371.817176,2,2,00:00:00:00:00:04,0,124436.48,6719569.93,4.485,0.0,101.2,Normal,ALLOW,ddos
1787352371.8231375,2,3,00:00:00:00:00:01,0,74222.53,4008016.74,4.386,0.0,101.2,Normal,ALLOW,ddos
1787352372.5953302,1,3,00:00:00:00:00:04,0,66022.0,3565188.0,4.491,0.0,99.4,Normal,ALLOW,ddos
1787352372.60125,1,1,00:00:00:00:00:01,0,66022.0,3565188.0,4.374,0.0,99.4,Normal,ALLOW,ddos
1787352372.6071267,1,2,00:00:00:00:00:02,0,73141.0,3949614.0,4.381,0.0,99.4,Normal,ALLOW,ddos
1787352372.613218,1,3,00:00:00:00:00:03,0,68841.0,3717414.0,4.432,0.0,99.4,Normal,ALLOW,ddos
1787352372.8129575,2,1,00:00:00:00:00:03,0,72646.63,3922918.11,4.556,0.0,101.1,Normal,ALLOW,ddos
1787352372.818996,2,2,00:00:00:00:00:04,0,125319.13,6767233.15,4.507,0.0,101.1,Normal,ALLOW,ddos
1787352372.8252292,2,3,00:00:00:00:00:01,0,74615.8,4029253.18,4.601,0.0,101.1,Normal,ALLOW,ddos
1787352373.4049065,1,3,00:00:00:00:00:04,0,68210.0,3683340.0,4.323,0.0,99.6,Normal,ALLOW,ddos
1787352373.410827,1,1,00:00:00:00:00:01,0,68210.0,3683340.0,4.394,0.0,99.6,Normal,ALLOW,ddos
1787352373.4166164,1,3,00:00:00:00:00:03,0,70224.0,3792096.0,4.264,0.0,99.6,Normal,ALLOW,ddos
1787352373.4224567,1,2,00:00:00:00:00:02,0,76600.0,4136400.0,4.322,0.0,99.6,Normal,ALLOW,ddos
1787352373.8152225,2,1,00:00:00:00:00:03,0,73335.86,3960136.2,4.769,0.0,100.1,Normal,ALLOW,ddos
1787352373.8211253,2,2,00:00:00:00:00:04,0,130516.67,7047900.03,4.407,0.0,100.1,Normal,ALLOW,ddos
1787352373.8270335,2,3,00:00:00:00:00:01,0,75291.74,4065754.2,4.38,0.0,100.1,Normal,ALLOW,ddos
1787352374.3497014,1,3,00:00:00:00:00:04,0,67189.0,3628206.0,4.659,0.0,99.1,Normal,ALLOW,ddos
1787352374.356548,1,1,00:00:00:00:00:01,0,67189.0,3628206.0,4.566,0.0,99.1,Normal,ALLOW,ddos
1787352374.3627362,1,3,00:00:00:00:00:03,0,70261.0,3794094.0,4.447,0.0,99.1,Normal,ALLOW,ddos
1787352374.368813,1,2,00:00:00:00:00:02,0,76251.0,4117554.0,4.427,0.0,99.1,Normal,ALLOW,ddos
1787352374.8140862,2,1,00:00:00:00:00:03,0,72084.0,3892536.0,4.46,0.0,101.1,Normal,ALLOW,ddos
1787352374.8199635,2,2,00:00:00:00:00:04,0,128239.0,6924906.0,4.398,0.0,101.1,Normal,ALLOW,ddos
1787352374.8411455,2,3,00:00:00:00:00:01,0,74118.0,4002372.0,4.265,0.0,101.1,Normal,ALLOW,ddos
1787352375.308313,1,3,00:00:00:00:00:04,0,64823.0,3500442.0,4.361,0.0,100.0,Normal,ALLOW,ddos
1787352375.3141139,1,1,00:00:00:00:00:01,0,64823.0,3500442.0,4.283,0.0,100.0,Normal,ALLOW,ddos
1787352375.3198593,1,3,00:00:00:00:00:03,0,69348.0,3744792.0,4.275,0.0,100.0,Normal,ALLOW,ddos
1787352375.3255482,1,2,00:00:00:00:00:02,0,74144.0,4003776.0,4.266,0.0,100.0,Normal,ALLOW,ddos
1787352375.8156903,2,1,00:00:00:00:00:03,0,72738.84,3927897.44,4.439,0.0,100.6,Normal,ALLOW,ddos
1787352375.8217041,2,2,00:00:00:00:00:04,0,130327.25,7037671.63,4.366,0.0,100.6,Normal,ALLOW,ddos
1787352375.8277445,2,3,00:00:00:00:00:01,0,74740.73,4035999.27,4.296,0.0,100.6,Normal,ALLOW,ddos
1787352376.242086,1,3,00:00:00:00:00:04,0,65505.0,3537270.0,4.686,0.0,98.4,Normal,ALLOW,ddos
1787352376.2483678,1,1,00:00:00:00:00:01,0,65505.0,3537270.0,4.735,0.0,98.4,Normal,ALLOW,ddos
1787352376.2544484,1,2,00:00:00:00:00:02,0,72129.0,3894966.0,4.529,0.0,98.4,Normal,ALLOW,ddos
1787352376.2610614,1,3,00:00:00:00:00:03,0,66814.0,3607956.0,4.583,0.0,98.4,Normal,ALLOW,ddos
1787352376.8200169,2,1,00:00:00:00:00:03,0,70500.64,3807034.56,4.394,0.0,0.0,Normal,ALLOW,ddos
1787352376.8263006,2,2,00:00:00:00:00:04,0,122343.53,6606550.67,4.657,0.0,0.0,Normal,ALLOW,ddos
1787352376.8325624,2,3,00:00:00:00:00:01,0,72498.65,3914927.32,4.407,0.0,0.0,Normal,ALLOW,ddos
1787352377.2382224,1,3,00:00:00:00:00:04,0,64526.0,3484404.0,4.448,0.0,98.1,Normal,ALLOW,ddos
1787352377.2452054,1,1,00:00:00:00:00:01,0,64526.0,3484404.0,5.339,0.0,98.1,Normal,ALLOW,ddos
1787352377.2518132,1,3,00:00:00:00:00:03,0,68583.0,3703482.0,4.454,0.0,98.1,Normal,ALLOW,ddos
1787352377.2587962,1,2,00:00:00:00:00:02,0,70883.0,3827682.0,4.824,0.0,98.1,Normal,ALLOW,ddos
1787352377.8234847,2,1,00:00:00:00:00:03,0,70815.75,3824050.27,4.698,0.0,0.0,Normal,ALLOW,ddos
1787352377.8299668,2,2,00:00:00:00:00:04,0,124878.03,6743413.53,4.413,0.0,0.0,Normal,ALLOW,ddos
1787352377.8359725,2,3,00:00:00:00:00:01,0,72699.74,3925785.82,4.323,0.0,0.0,Normal,ALLOW,ddos
1787352378.2146444,1,3,00:00:00:00:00:04,0,62972.0,3400488.0,4.616,0.0,99.7,Normal,ALLOW,ddos
1787352378.2208784,1,1,00:00:00:00:00:01,0,62972.0,3400488.0,4.479,0.0,99.7,Normal,ALLOW,ddos
1787352378.2271485,1,3,00:00:00:00:00:03,0,67745.0,3658230.0,4.458,0.0,99.7,Normal,ALLOW,ddos
1787352378.2332344,1,2,00:00:00:00:00:02,0,71753.0,3874662.0,4.333,0.0,99.7,Normal,ALLOW,ddos
1787352378.7191463,1,3,00:00:00:00:00:04,0,67794.0,3660876.0,4.892,0.0,101.3,Normal,ALLOW,ddos
1787352378.7255256,1,1,00:00:00:00:00:01,0,67794.0,3660876.0,4.721,0.0,101.3,Normal,ALLOW,ddos
1787352378.7320147,1,3,00:00:00:00:00:03,0,71844.0,3879576.0,4.553,0.0,101.3,Normal,ALLOW,ddos
1787352378.7380128,1,2,00:00:00:00:00:02,0,74529.0,4024566.0,4.289,0.0,101.3,Normal,ALLOW,ddos
1787352378.8238537,2,1,00:00:00:00:00:03,0,71755.71,3874808.17,4.618,0.0,94.6,Normal,ALLOW,ddos
1787352378.8311696,2,2,00:00:00:00:00:04,0,126957.02,6855678.98,4.426,0.0,94.6,Normal,ALLOW,ddos
1787352378.8373504,2,3,00:00:00:00:00:01,0,72859.33,3934403.99,4.261,0.0,94.6,Normal,ALLOW,ddos
1787352379.6358693,1,3,00:00:00:00:00:04,0,68835.0,3717090.0,4.813,0.0,99.9,Normal,ALLOW,ddos
1787352379.6423469,1,1,00:00:00:00:00:01,0,68835.0,3717090.0,4.832,0.0,99.9,Normal,ALLOW,ddos
1787352379.6491938,1,3,00:00:00:00:00:03,0,73430.0,3965220.0,4.78,0.0,99.9,Normal,ALLOW,ddos
1787352379.6559489,1,1,00:00:00:00:00:01,0,73430.0,3965220.0,5.045,0.0,99.9,Normal,ALLOW,ddos
1787352379.6627102,1,2,00:00:00:00:00:02,0,76910.0,4153140.0,4.654,0.0,99.9,Normal,ALLOW,ddos
1787352379.824233,2,1,00:00:00:00:00:03,0,70790.51,3822687.78,4.734,0.0,95.5,Normal,ALLOW,ddos
1787352379.8303368,2,2,00:00:00:00:00:04,0,123104.72,6647655.14,4.504,0.0,95.5,Normal,ALLOW,ddos
1787352379.8366556,2,3,00:00:00:00:00:01,0,70790.51,3822687.78,4.621,0.0,95.5,Normal,ALLOW,ddos
1787352380.696684,1,3,00:00:00:00:00:04,0,66362.94,3583598.99,4.658,0.0,99.8,Normal,ALLOW,ddos
1787352380.7029135,1,1,00:00:00:00:00:01,0,66363.89,3583649.9,4.591,0.0,99.8,Normal,ALLOW,ddos
1787352380.7100163,1,3,00:00:00:00:00:03,0,69145.86,3733876.49,4.625,0.0,99.8,Normal,ALLOW,ddos
1787352380.7163382,1,1,00:00:00:00:00:01,0,69145.86,3733876.49,4.499,0.0,99.8,Normal,ALLOW,ddos
1787352380.72259,1,2,00:00:00:00:00:02,0,73399.42,3963568.92,4.614,0.0,99.8,Normal,ALLOW,ddos
1787352380.8282652,2,1,00:00:00:00:00:03,0,69345.55,3744659.95,4.86,0.0,106.6,Normal,ALLOW,ddos
1787352380.8348148,2,2,00:00:00:00:00:04,0,126416.09,6826468.7,4.687,0.0,106.6,Normal,ALLOW,ddos
1787352380.841349,2,3,00:00:00:00:00:01,0,69345.55,3744659.95,4.845,0.0,106.6,Normal,ALLOW,ddos
1787352381.6739924,1,3,00:00:00:00:00:04,0,68620.0,3705480.0,4.694,0.0,100.6,Normal,ALLOW,ddos
1787352381.6802082,1,1,00:00:00:00:00:01,0,68620.0,3705480.0,4.542,0.0,100.6,Normal,ALLOW,ddos
1787352381.686112,1,3,00:00:00:00:00:03,0,71292.0,3849768.0,4.402,0.0,100.6,Normal,ALLOW,ddos
1787352381.6922014,1,1,00:00:00:00:00:01,0,71291.0,3849714.0,4.45,0.0,100.6,Normal,ALLOW,ddos
1787352381.6984954,1,2,00:00:00:00:00:02,0,73875.0,3989250.0,4.572,0.0,100.6,Normal,ALLOW,ddos
1787352381.839548,2,1,00:00:00:00:00:03,0,67410.53,3640168.78,5.333,0.0,91.1,Normal,ALLOW,ddos
1787352381.8477504,2,2,00:00:00:00:00:04,0,122619.56,6621456.17,5.432,0.0,91.1,Normal,ALLOW,ddos
1787352381.8544667,2,3,00:00:00:00:00:01,0,67410.53,3640168.78,4.922,0.0,91.1,Normal,ALLOW,ddos
1787352382.8243198,1,3,00:00:00:00:00:04,0,62968.17,3400281.38,4.682,0.0,99.8,Normal,ALLOW,ddos
1787352382.8306408,1,1,00:00:00:00:00:01,0,62967.3,3400234.44,4.497,0.0,99.8,Normal,ALLOW,ddos
1787352382.8365993,1,3,00:00:00:00:00:03,0,64104.34,3461634.41,4.342,0.0,99.8,Normal,ALLOW,ddos
1787352382.8427784,1,1,00:00:00:00:00:01,0,64104.34,3461634.41,4.554,0.0,99.8,Normal,ALLOW,ddos
1787352382.8487065,1,2,00:00:00:00:00:02,0,70173.75,3789382.55,4.265,0.0,99.8,Normal,ALLOW,ddos
1787352384.682973,1,3,00:00:00:00:00:04,0,38631.72,2086112.87,4.456,0.0,100.5,Normal,ALLOW,ddos
1787352384.6888661,1,1,00:00:00:00:00:01,0,38631.72,2086112.87,4.411,0.0,100.5,Normal,ALLOW,ddos
1787352384.6954868,1,3,00:00:00:00:00:03,0,39821.68,2150370.67,4.343,0.0,100.5,Normal,ALLOW,ddos
1787352384.7013521,1,1,00:00:00:00:00:01,0,39822.22,2150399.72,4.36,0.0,100.5,Normal,ALLOW,ddos
1787352384.7077494,1,2,00:00:00:00:00:02,0,43393.71,2343260.3,4.677,0.0,100.5,Normal,ALLOW,ddos
1787352384.94121,2,2,00:00:00:00:00:04,0,40750.75,2200540.32,4.666,0.0,108.7,Normal,ALLOW,ddos
1787352384.9474266,2,3,00:00:00:00:00:01,0,21903.91,1182811.09,4.427,0.0,108.7,Normal,ALLOW,ddos
1787352384.9560072,2,2,00:00:00:00:00:04,0,131141.0,7081614.0,4.372,0.0,129.5,Normal,ALLOW,ddos
1787352384.9621053,2,3,00:00:00:00:00:01,0,73093.0,3947022.0,4.386,0.0,129.5,Normal,ALLOW,ddos
1787352384.968122,2,1,00:00:00:00:00:03,0,71006.0,3834324.0,4.363,0.0,129.5,Normal,ALLOW,ddos
1787352384.9757907,2,2,00:00:00:00:00:04,0,127074.0,6861996.0,4.691,0.0,51.2,Normal,ALLOW,ddos
1787352384.9820597,2,3,00:00:00:00:00:01,0,73450.0,3966300.0,4.458,0.0,51.2,Normal,ALLOW,ddos
1787352384.98817,2,1,00:00:00:00:00:03,0,71455.0,3858570.0,4.542,0.0,51.2,Normal,ALLOW,ddos
1787352385.8375213,1,3,00:00:00:00:00:04,0,60318.9,3257220.84,4.44,0.0,101.0,Normal,ALLOW,ddos
1787352385.8440833,1,1,00:00:00:00:00:01,0,60318.9,3257220.84,4.453,0.0,101.0,Normal,ALLOW,ddos
1787352385.8503265,1,3,00:00:00:00:00:03,0,60764.95,3281307.17,4.389,0.0,101.0,Normal,ALLOW,ddos
1787352385.8563855,1,1,00:00:00:00:00:01,0,60764.95,3281307.17,4.405,0.0,101.0,Normal,ALLOW,ddos
1787352385.86251,1,2,00:00:00:00:00:02,0,68168.4,3681093.57,4.341,0.0,101.0,Normal,ALLOW,ddos
1787352385.8712077,2,2,00:00:00:00:00:04,0,126988.0,6857352.0,4.398,0.0,88.1,Normal,ALLOW,ddos
1787352385.8772907,2,3,00:00:00:00:00:01,0,70326.0,3797604.0,4.411,0.0,88.1,Normal,ALLOW,ddos
1787352385.883255,2,1,00:00:00:00:00:03,0,70046.0,3782484.0,4.385,0.0,88.1,Normal,ALLOW,ddos
1787352386.7362585,1,1,00:00:00:00:00:01,0,12437.0,671598.0,4.492,0.0,99.4,Normal,ALLOW,ddos
1787352386.7436414,1,3,00:00:00:00:00:03,0,65584.0,3541536.0,5.598,0.0,99.4,Normal,ALLOW,ddos
1787352386.7503636,1,1,00:00:00:00:00:01,0,65584.0,3541536.0,4.651,0.0,99.4,Normal,ALLOW,ddos
1787352386.7566512,1,2,00:00:00:00:00:02,0,70411.0,3802194.0,4.467,0.0,99.4,Normal,ALLOW,ddos
1787352386.8418083,2,2,00:00:00:00:00:04,0,89794.0,4848876.0,4.553,0.0,104.6,Normal,ALLOW,ddos
1787352386.848112,2,3,00:00:00:00:00:01,0,69732.0,3765528.0,4.541,0.0,104.6,Normal,ALLOW,ddos
1787352386.8541028,2,1,00:00:00:00:00:03,0,69732.0,3765528.0,4.319,0.0,104.6,Normal,ALLOW,ddos
1787352387.7093332,1,3,00:00:00:00:00:03,0,68514.0,3699756.0,5.251,0.0,100.4,Normal,ALLOW,ddos
1787352387.7160835,1,2,00:00:00:00:00:02,0,74235.0,4008690.0,4.683,0.0,100.4,Normal,ALLOW,ddos
1787352387.723106,1,1,00:00:00:00:00:01,0,68514.0,3699756.0,5.157,0.0,100.4,Normal,ALLOW,ddos
1787352387.8443687,2,2,00:00:00:00:00:04,0,75606.24,4082736.8,4.836,0.0,96.0,Normal,ALLOW,ddos
1787352387.8506994,2,3,00:00:00:00:00:01,0,68967.09,3724222.89,4.37,0.0,96.0,Normal,ALLOW,ddos
1787352387.8565211,2,1,00:00:00:00:00:03,0,68967.09,3724222.89,4.287,0.0,96.0,Normal,ALLOW,ddos
1787352388.6549602,1,3,00:00:00:00:00:03,0,66815.0,3608010.0,4.961,0.0,100.0,Normal,ALLOW,ddos
1787352388.6611688,1,1,00:00:00:00:00:01,0,66814.0,3607956.0,4.559,0.0,100.0,Normal,ALLOW,ddos
1787352388.6672792,1,2,00:00:00:00:00:02,0,72294.0,3903876.0,4.517,0.0,100.0,Normal,ALLOW,ddos
1787352388.8458738,2,2,00:00:00:00:00:04,0,75525.26,4078364.19,4.694,0.0,99.5,Normal,ALLOW,ddos
1787352388.8521268,2,3,00:00:00:00:00:01,0,70524.85,3808341.66,4.52,0.0,99.5,Normal,ALLOW,ddos
1787352388.8586242,2,1,00:00:00:00:00:03,0,70524.85,3808341.66,4.64,0.0,99.5,Normal,ALLOW,ddos
1787352389.5765123,1,3,00:00:00:00:00:03,0,63199.0,3412746.0,4.432,0.0,101.4,Normal,ALLOW,ddos
1787352389.5823011,1,1,00:00:00:00:00:01,0,63200.0,3412800.0,4.319,0.0,101.4,Normal,ALLOW,ddos
1787352389.5880902,1,2,00:00:00:00:00:02,0,66991.0,3617514.0,4.306,0.0,101.4,Normal,ALLOW,ddos
1787352389.8453324,2,2,00:00:00:00:00:04,0,72574.44,3919019.71,4.394,0.0,96.7,Normal,ALLOW,ddos
1787352389.8511016,2,3,00:00:00:00:00:01,0,69392.55,3747197.78,4.304,0.0,96.7,Normal,ALLOW,ddos
1787352389.8569844,2,1,00:00:00:00:00:03,0,69393.55,3747251.77,4.37,0.0,96.7,Normal,ALLOW,ddos
1787352390.4342444,1,3,00:00:00:00:00:03,0,63642.0,3436668.0,4.638,0.0,98.3,Normal,ALLOW,ddos
1787352390.440538,1,1,00:00:00:00:00:01,0,63642.0,3436668.0,4.435,0.0,98.3,Normal,ALLOW,ddos
1787352390.4464238,1,2,00:00:00:00:00:02,0,68778.0,3714012.0,4.314,0.0,98.3,Normal,ALLOW,ddos
1787352390.8519785,2,2,00:00:00:00:00:04,0,69012.34,3726666.51,4.526,0.0,100.5,Normal,ALLOW,ddos
1787352390.8586812,2,3,00:00:00:00:00:01,0,67104.58,3623647.29,4.615,0.0,100.5,Normal,ALLOW,ddos
1787352390.8648582,2,1,00:00:00:00:00:03,0,67103.59,3623593.64,4.449,0.0,100.5,Normal,ALLOW,ddos
1787352391.341204,1,3,00:00:00:00:00:03,0,63249.0,3415446.0,4.475,0.0,100.3,Normal,ALLOW,ddos
1787352391.347289,1,1,00:00:00:00:00:01,0,63249.0,3415446.0,4.477,0.0,100.3,Normal,ALLOW,ddos
1787352391.3532264,1,2,00:00:00:00:00:02,0,69104.0,3731616.0,4.421,0.0,100.3,Normal,ALLOW,ddos
1787352391.8479564,2,2,00:00:00:00:00:04,0,75625.0,4083750.0,4.479,0.0,0.0,Normal,ALLOW,ddos
1787352391.8547873,2,3,00:00:00:00:00:01,0,70492.0,3806568.0,4.983,0.0,0.0,Normal,ALLOW,ddos
1787352391.863769,2,1,00:00:00:00:00:03,0,70493.0,3806622.0,6.35,0.0,0.0,Normal,ALLOW,ddos
1787352392.1468682,1,3,00:00:00:00:00:03,0,62191.0,3358314.0,4.587,0.0,97.3,Normal,ALLOW,ddos
1787352392.1527903,1,2,00:00:00:00:00:02,0,70136.0,3787344.0,4.422,0.0,97.3,Normal,ALLOW,ddos
1787352392.1591163,1,1,00:00:00:00:00:01,0,62191.0,3358314.0,4.638,0.0,97.3,Normal,ALLOW,ddos
1787352392.8493838,2,2,00:00:00:00:00:04,0,76389.03,4125007.4,4.775,0.0,101.1,Normal,ALLOW,ddos
1787352392.8554575,2,3,00:00:00:00:00:01,0,71910.02,3883141.14,4.407,0.0,101.1,Normal,ALLOW,ddos
1787352392.8615894,2,1,00:00:00:00:00:03,0,71909.02,3883087.15,4.412,0.0,101.1,Normal,ALLOW,ddos
1787352393.0178287,1,3,00:00:00:00:00:03,0,63498.0,3428892.0,4.526,0.0,94.2,Normal,ALLOW,ddos
1787352393.0237978,1,2,00:00:00:00:00:02,0,67411.0,3640194.0,4.412,0.0,94.2,Normal,ALLOW,ddos
1787352393.0298195,1,1,00:00:00:00:00:01,0,63498.0,3428892.0,4.348,0.0,94.2,Normal,ALLOW,ddos
1787352393.8055673,1,3,00:00:00:00:00:03,0,63436.0,3425544.0,4.531,0.0,100.3,Normal,ALLOW,ddos
1787352393.811554,1,1,00:00:00:00:00:01,0,63435.0,3425490.0,4.414,0.0,100.3,Normal,ALLOW,ddos
1787352393.818019,1,2,00:00:00:00:00:02,0,63964.0,3454056.0,4.339,0.0,100.3,Normal,ALLOW,ddos
1787352393.8601072,2,2,00:00:00:00:00:04,0,75448.28,4074207.19,4.475,0.0,0.0,Normal,ALLOW,ddos
1787352393.8660572,2,3,00:00:00:00:00:01,0,71651.31,3869170.66,4.444,0.0,0.0,Normal,ALLOW,ddos
1787352393.8719532,2,1,00:00:00:00:00:03,0,71651.31,3869170.66,4.416,0.0,0.0,Normal,ALLOW,ddos
1787352394.7670758,1,3,00:00:00:00:00:03,0,63671.0,3438234.0,4.511,0.0,99.3,Normal,ALLOW,ddos
1787352394.7730916,1,1,00:00:00:00:00:01,0,63672.0,3438288.0,4.361,0.0,99.3,Normal,ALLOW,ddos
1787352394.7791016,1,2,00:00:00:00:00:02,0,69838.0,3771252.0,4.352,0.0,99.3,Normal,ALLOW,ddos
1787352394.8613532,2,2,00:00:00:00:00:04,0,71820.7,3878318.07,4.532,0.0,741.5,Normal,ALLOW,ddos
1787352394.8673964,2,3,00:00:00:00:00:01,0,71082.65,3838463.28,4.396,0.0,741.5,Normal,ALLOW,ddos
1787352394.8759542,2,1,00:00:00:00:00:03,0,71082.65,3838463.28,6.46,0.0,741.5,Normal,ALLOW,ddos
1787352395.6389716,1,3,00:00:00:00:00:03,0,65399.0,3531546.0,4.573,0.0,99.1,Normal,ALLOW,ddos
1787352395.644913,1,1,00:00:00:00:00:01,0,65399.0,3531546.0,4.379,0.0,99.1,Normal,ALLOW,ddos
1787352395.6507347,1,2,00:00:00:00:00:02,0,68237.0,3684798.0,4.331,0.0,99.1,Normal,ALLOW,ddos
1787352395.8628814,2,2,00:00:00:00:00:04,0,73081.93,3946424.44,4.657,0.0,0.0,Normal,ALLOW,ddos
1787352395.869112,2,3,00:00:00:00:00:01,0,71480.02,3859920.97,4.576,0.0,0.0,Normal,ALLOW,ddos
1787352395.875188,2,1,00:00:00:00:00:03,0,71480.02,3859920.97,4.48,0.0,0.0,Normal,ALLOW,ddos
1787352396.585387,1,3,00:00:00:00:00:03,0,68958.0,3723732.0,4.333,0.0,101.1,Normal,ALLOW,ddos
1787352396.5948308,1,1,00:00:00:00:00:01,0,68957.0,3723678.0,7.276,0.0,101.1,Normal,ALLOW,ddos
1787352396.6014493,1,2,00:00:00:00:00:02,0,70613.0,3813102.0,4.386,0.0,101.1,Normal,ALLOW,ddos
1787352396.8765793,2,2,00:00:00:00:00:04,0,72917.3,3937534.17,4.425,0.0,99.6,Normal,ALLOW,ddos
1787352396.883075,2,3,00:00:00:00:00:01,0,71052.08,3836812.25,4.408,0.0,99.6,Normal,ALLOW,ddos
1787352396.890243,2,1,00:00:00:00:00:03,0,71052.08,3836812.25,4.949,0.0,99.6,Normal,ALLOW,ddos
1787352397.5531385,1,3,00:00:00:00:00:03,0,62540.0,3377160.0,4.413,0.0,99.2,Normal,ALLOW,ddos
1787352397.5594153,1,1,00:00:00:00:00:01,0,62540.0,3377160.0,4.686,0.0,99.2,Normal,ALLOW,ddos
1787352397.565857,1,2,00:00:00:00:00:02,0,73458.0,3966732.0,4.472,0.0,99.2,Normal,ALLOW,ddos
1787352397.8691094,2,2,00:00:00:00:00:04,0,69458.0,3750732.0,4.468,0.0,101.3,Normal,ALLOW,ddos
1787352397.8755264,2,3,00:00:00:00:00:01,0,70134.0,3787236.0,4.697,0.0,101.3,Normal,ALLOW,ddos
1787352397.881678,2,1,00:00:00:00:00:03,0,70135.0,3787290.0,4.432,0.0,101.3,Normal,ALLOW,ddos
1787352398.3977668,1,3,00:00:00:00:00:03,0,65290.0,3525660.0,4.575,0.0,98.3,Normal,ALLOW,ddos
1787352398.403693,1,1,00:00:00:00:00:01,0,65291.0,3525714.0,4.351,0.0,98.3,Normal,ALLOW,ddos
1787352398.4102676,1,2,00:00:00:00:00:02,0,70642.0,3814668.0,4.991,0.0,98.3,Normal,ALLOW,ddos
1787352398.8696697,2,2,00:00:00:00:00:04,0,69159.31,3734602.97,4.562,0.0,0.0,Normal,ALLOW,ddos
1787352398.8760273,2,3,00:00:00:00:00:01,0,69029.44,3727589.53,4.633,0.0,0.0,Normal,ALLOW,ddos
1787352398.88237,2,1,00:00:00:00:00:03,0,69029.44,3727589.53,4.55,0.0,0.0,Normal,ALLOW,ddos
1787352399.3567307,1,3,00:00:00:00:00:03,0,61621.0,3327534.0,4.54,0.0,102.7,Normal,ALLOW,ddos
1787352399.3628998,1,2,00:00:00:00:00:02,0,68975.0,3724650.0,4.445,0.0,102.7,Normal,ALLOW,ddos
1787352399.3688662,1,1,00:00:00:00:00:01,0,61621.0,3327534.0,4.391,0.0,102.7,Normal,ALLOW,ddos
1787352399.8729713,2,2,00:00:00:00:00:04,0,72102.2,3893519.0,4.567,0.0,0.0,Normal,ALLOW,ddos
1787352399.8794925,2,3,00:00:00:00:00:01,0,69002.43,3726131.06,4.647,0.0,0.0,Normal,ALLOW,ddos
1787352399.8858924,2,1,00:00:00:00:00:03,0,69001.43,3726077.23,4.555,0.0,0.0,Normal,ALLOW,ddos
1787352400.2623756,1,3,00:00:00:00:00:03,0,69398.0,3747492.0,4.64,0.0,100.5,Normal,ALLOW,ddos
1787352400.2684908,1,2,00:00:00:00:00:02,0,73330.0,3959820.0,4.492,0.0,100.5,Normal,ALLOW,ddos
1787352400.2756782,1,1,00:00:00:00:00:01,0,69397.0,3747438.0,5.573,0.0,100.5,Normal,ALLOW,ddos
1787352400.8735363,2,2,00:00:00:00:00:04,0,75339.04,4068308.02,4.755,0.0,0.0,Normal,ALLOW,ddos
1787352400.880826,2,3,00:00:00:00:00:01,0,70206.06,3791127.07,5.162,0.0,0.0,Normal,ALLOW,ddos
1787352400.8871293,2,1,00:00:00:00:00:03,0,70206.06,3791127.07,4.486,0.0,0.0,Normal,ALLOW,ddos
1787352401.344461,1,3,00:00:00:00:00:03,0,62057.02,3351079.27,4.714,0.0,99.9,Normal,ALLOW,ddos
1787352401.3505275,1,2,00:00:00:00:00:02,0,74179.68,4005702.67,4.407,0.0,99.9,Normal,ALLOW,ddos
1787352401.356726,1,1,00:00:00:00:00:01,0,62057.95,3351129.15,4.584,0.0,99.9,Normal,ALLOW,ddos
1787352401.363084,1,1,00:00:00:00:00:01,0,74179.68,4005702.67,4.444,0.0,99.9,Normal,ALLOW,ddos
1787352403.193887,1,3,00:00:00:00:00:03,0,36740.51,1983987.62,4.805,0.0,98.7,Normal,ALLOW,ddos
1787352403.200133,1,2,00:00:00:00:00:02,0,43452.41,2346430.06,4.55,0.0,98.7,Normal,ALLOW,ddos
1787352403.206209,1,1,00:00:00:00:00:01,0,36740.51,1983987.62,4.55,0.0,98.7,Normal,ALLOW,ddos
1787352403.21241,1,1,00:00:00:00:00:01,0,43452.41,2346430.06,4.702,0.0,98.7,Normal,ALLOW,ddos
1787352404.958501,1,3,00:00:00:00:00:03,0,36850.89,1989948.14,4.748,0.0,107.7,Normal,ALLOW,ddos
1787352404.9651136,1,2,00:00:00:00:00:02,0,44054.01,2378916.62,4.624,0.0,107.7,Normal,ALLOW,ddos
1787352404.9717245,1,1,00:00:00:00:00:01,0,44054.01,2378916.62,4.531,0.0,107.7,Normal,ALLOW,ddos
1787352404.9805682,1,1,00:00:00:00:00:01,0,36850.89,1989948.14,5.982,0.0,107.7,Normal,ALLOW,ddos
1787352405.9894629,2,3,00:00:00:00:00:01,0,13828.97,746764.49,4.506,0.0,102.1,Normal,ALLOW,ddos
1787352405.9953947,2,1,00:00:00:00:00:03,0,13828.97,746764.49,4.409,0.0,102.1,Normal,ALLOW,ddos
1787352406.0027344,2,3,00:00:00:00:00:01,0,72004.0,3888216.0,4.298,0.0,144.0,Normal,ALLOW,ddos
1787352406.0086331,2,1,00:00:00:00:00:03,0,72004.0,3888216.0,4.361,0.0,144.0,Normal,ALLOW,ddos
1787352406.0150442,2,2,00:00:00:00:00:04,0,78171.0,4221234.0,4.359,0.0,144.0,Normal,ALLOW,ddos
1787352406.022911,2,3,00:00:00:00:00:01,0,72395.0,3909330.0,4.656,0.0,50.7,Normal,ALLOW,ddos
1787352406.0294218,2,1,00:00:00:00:00:03,0,72395.0,3909330.0,4.538,0.0,50.7,Normal,ALLOW,ddos
1787352406.0360122,2,2,00:00:00:00:00:04,0,74882.0,4043628.0,4.774,0.0,50.7,Normal,ALLOW,ddos
1787352406.0440824,2,3,00:00:00:00:00:01,0,72407.0,3909978.0,4.568,0.0,95.3,Normal,ALLOW,ddos
1787352406.0503957,2,1,00:00:00:00:00:03,0,72407.0,3909978.0,4.625,0.0,95.3,Normal,ALLOW,ddos
1787352406.056657,2,2,00:00:00:00:00:04,0,74873.0,4043142.0,4.601,0.0,95.3,Normal,ALLOW,ddos
1787352406.0648081,2,3,00:00:00:00:00:01,0,67893.0,3666222.0,4.492,0.0,145.2,Normal,ALLOW,ddos
1787352406.0709596,2,1,00:00:00:00:00:03,0,67893.0,3666222.0,4.529,0.0,145.2,Normal,ALLOW,ddos
1787352406.0772607,2,2,00:00:00:00:00:04,0,73974.0,3994596.0,4.534,0.0,145.2,Normal,ALLOW,ddos
1787352406.630039,1,3,00:00:00:00:00:03,0,42803.35,2311381.09,4.421,0.0,100.8,Normal,ALLOW,ddos
1787352406.6358068,1,2,00:00:00:00:00:02,0,48166.93,2601014.24,4.305,0.0,100.8,Normal,ALLOW,ddos
1787352406.6416066,1,1,00:00:00:00:00:01,0,48166.93,2601014.24,4.3,0.0,100.8,Normal,ALLOW,ddos
1787352406.647358,1,1,00:00:00:00:00:01,0,42802.76,2311348.79,4.283,0.0,100.8,Normal,ALLOW,ddos
1787352406.8858902,2,3,00:00:00:00:00:01,0,70771.0,3821634.0,4.395,0.0,97.7,Normal,ALLOW,ddos
1787352406.8918388,2,1,00:00:00:00:00:03,0,70771.0,3821634.0,4.374,0.0,97.7,Normal,ALLOW,ddos
1787352406.8978157,2,2,00:00:00:00:00:04,0,74476.0,4021704.0,4.425,0.0,97.7,Normal,ALLOW,ddos
1787352407.613795,1,3,00:00:00:00:00:03,0,73320.0,3959280.0,4.552,0.0,98.8,Normal,ALLOW,ddos
1787352407.6198497,1,2,00:00:00:00:00:02,0,81411.0,4396194.0,4.539,0.0,98.8,Normal,ALLOW,ddos
1787352407.6258833,1,1,00:00:00:00:00:01,0,73321.0,3959334.0,4.476,0.0,98.8,Normal,ALLOW,ddos
1787352407.6317613,1,1,00:00:00:00:00:01,0,81411.0,4396194.0,4.376,0.0,98.8,Normal,ALLOW,ddos
1787352407.8889513,2,3,00:00:00:00:00:01,0,70625.86,3813796.39,4.449,0.0,101.7,Normal,ALLOW,ddos
1787352407.895238,2,1,00:00:00:00:00:03,0,70625.86,3813796.39,4.431,0.0,101.7,Normal,ALLOW,ddos
1787352407.9010925,2,2,00:00:00:00:00:04,0,73722.73,3981027.55,4.297,0.0,101.7,Normal,ALLOW,ddos
1787352408.6493514,1,3,00:00:00:00:00:03,0,67323.02,3635442.86,5.193,0.0,100.0,Normal,ALLOW,ddos
1787352408.655696,1,2,00:00:00:00:00:02,0,76730.48,4143445.73,4.693,0.0,100.0,Normal,ALLOW,ddos
1787352408.662015,1,1,00:00:00:00:00:01,0,76729.51,4143393.55,4.577,0.0,100.0,Normal,ALLOW,ddos
1787352408.668118,1,1,00:00:00:00:00:01,0,67322.05,3635390.67,4.508,0.0,100.0,Normal,ALLOW,ddos
1787352408.8920913,2,3,00:00:00:00:00:01,0,66497.86,3590884.36,4.903,0.0,98.7,Normal,ALLOW,ddos
1787352408.898529,2,1,00:00:00:00:00:03,0,66497.86,3590884.36,4.647,0.0,98.7,Normal,ALLOW,ddos
1787352408.9047425,2,2,00:00:00:00:00:04,0,71393.89,3855270.04,4.633,0.0,98.7,Normal,ALLOW,ddos
1787352409.657679,1,3,00:00:00:00:00:03,0,70621.8,3813577.23,4.629,0.0,100.7,Normal,ALLOW,ddos
1787352409.6643684,1,2,00:00:00:00:00:02,0,80098.96,4325343.94,4.824,0.0,100.7,Normal,ALLOW,ddos
1787352409.6708293,1,1,00:00:00:00:00:01,0,80099.95,4325397.46,4.65,0.0,100.7,Normal,ALLOW,ddos
1787352409.6770122,1,1,00:00:00:00:00:01,0,70622.79,3813630.75,4.588,0.0,100.7,Normal,ALLOW,ddos
1787352409.8916008,2,3,00:00:00:00:00:01,0,69858.0,3772332.0,4.608,0.0,98.3,Normal,ALLOW,ddos
1787352409.8976011,2,1,00:00:00:00:00:03,0,69858.0,3772332.0,4.421,0.0,98.3,Normal,ALLOW,ddos
1787352409.9034986,2,2,00:00:00:00:00:04,0,72847.0,3933738.0,4.355,0.0,98.3,Normal,ALLOW,ddos
1787352410.6861513,1,3,00:00:00:00:00:03,0,66369.92,3583975.92,4.817,0.0,100.7,Normal,ALLOW,ddos
1787352410.6947346,1,2,00:00:00:00:00:02,0,72827.49,3932684.25,6.299,0.0,100.7,Normal,ALLOW,ddos
1787352410.7011108,1,1,00:00:00:00:00:01,0,72827.49,3932684.25,4.443,0.0,100.7,Normal,ALLOW,ddos
1787352410.7101836,1,1,00:00:00:00:00:01,0,66369.92,3583975.92,6.834,0.0,100.7,Normal,ALLOW,ddos
1787352410.892898,2,3,00:00:00:00:00:01,0,67498.39,3644912.86,4.764,0.0,96.6,Normal,ALLOW,ddos
1787352410.8994708,2,1,00:00:00:00:00:03,0,67498.39,3644912.86,4.582,0.0,96.6,Normal,ALLOW,ddos
1787352410.9059227,2,2,00:00:00:00:00:04,0,70052.41,3782830.23,4.831,0.0,96.6,Normal,ALLOW,ddos
1787352411.5829432,1,3,00:00:00:00:00:03,0,69497.0,3752838.0,4.336,0.0,100.1,Normal,ALLOW,ddos
1787352411.5888484,1,2,00:00:00:00:00:02,0,76888.0,4151952.0,4.353,0.0,100.1,Normal,ALLOW,ddos
1787352411.5950391,1,1,00:00:00:00:00:01,0,69496.0,3752784.0,4.346,0.0,100.1,Normal,ALLOW,ddos
1787352411.60092,1,1,00:00:00:00:00:01,0,76887.0,4151898.0,4.325,0.0,100.1,Normal,ALLOW,ddos
1787352411.8934155,2,3,00:00:00:00:00:01,0,70526.08,3808408.26,4.383,0.0,0.0,Normal,ALLOW,ddos
1787352411.8992913,2,1,00:00:00:00:00:03,0,70526.08,3808408.26,4.354,0.0,0.0,Normal,ALLOW,ddos
1787352411.9052637,2,2,00:00:00:00:00:04,0,73087.49,3946724.26,4.321,0.0,0.0,Normal,ALLOW,ddos
1787352412.528608,1,3,00:00:00:00:00:03,0,67690.0,3655260.0,4.598,0.0,99.3,Normal,ALLOW,ddos
1787352412.5350676,1,2,00:00:00:00:00:02,0,76338.0,4122252.0,4.457,0.0,99.3,Normal,ALLOW,ddos
1787352412.541204,1,1,00:00:00:00:00:01,0,76339.0,4122306.0,4.441,0.0,99.3,Normal,ALLOW,ddos
1787352412.54753,1,1,00:00:00:00:00:01,0,67691.0,3655314.0,4.422,0.0,99.3,Normal,ALLOW,ddos
1787352412.8976145,2,3,00:00:00:00:00:01,0,70454.0,3804516.16,4.909,0.0,103.1,Normal,ALLOW,ddos
1787352412.9041336,2,1,00:00:00:00:00:03,0,70454.0,3804516.16,4.786,0.0,103.1,Normal,ALLOW,ddos
1787352412.9105976,2,2,00:00:00:00:00:04,0,69932.41,3776350.12,4.647,0.0,103.1,Normal,ALLOW,ddos
1787352413.5316162,1,3,00:00:00:00:00:03,0,66896.33,3612401.88,4.776,0.0,99.6,Normal,ALLOW,ddos
1787352413.5378578,1,2,00:00:00:00:00:02,0,77533.35,4186801.03,4.594,0.0,99.6,Normal,ALLOW,ddos
1787352413.5447805,1,1,00:00:00:00:00:01,0,66896.33,3612401.88,4.762,0.0,99.6,Normal,ALLOW,ddos
1787352413.5511785,1,1,00:00:00:00:00:01,0,77532.35,4186747.17,4.538,0.0,99.6,Normal,ALLOW,ddos
1787352413.9021945,2,3,00:00:00:00:00:01,0,68437.57,3695628.76,4.418,0.0,0.0,Normal,ALLOW,ddos
1787352413.908294,2,1,00:00:00:00:00:03,0,68437.57,3695628.76,4.519,0.0,0.0,Normal,ALLOW,ddos
1787352413.9146175,2,2,00:00:00:00:00:04,0,70134.64,3787270.56,4.518,0.0,0.0,Normal,ALLOW,ddos
1787352414.4069536,1,3,00:00:00:00:00:03,0,71272.0,3848688.0,5.064,0.0,99.2,Normal,ALLOW,ddos
1787352414.413468,1,2,00:00:00:00:00:02,0,76797.0,4147038.0,4.469,0.0,99.2,Normal,ALLOW,ddos
1787352414.4198275,1,1,00:00:00:00:00:01,0,71272.0,3848688.0,4.405,0.0,99.2,Normal,ALLOW,ddos
1787352414.426365,1,1,00:00:00:00:00:01,0,76798.0,4147092.0,4.568,0.0,99.2,Normal,ALLOW,ddos
1787352414.9006765,2,3,00:00:00:00:00:01,0,68122.0,3678588.0,4.602,0.0,99.2,Normal,ALLOW,ddos
1787352414.9072971,2,1,00:00:00:00:00:03,0,68122.0,3678588.0,4.92,0.0,99.2,Normal,ALLOW,ddos
1787352414.9138205,2,2,00:00:00:00:00:04,0,72007.0,3888378.0,4.491,0.0,99.2,Normal,ALLOW,ddos
1787352415.4444578,1,3,00:00:00:00:00:03,0,69172.44,3735311.64,4.692,0.0,99.6,Normal,ALLOW,ddos
1787352415.4509497,1,2,00:00:00:00:00:02,0,77733.54,4197611.19,4.455,0.0,99.6,Normal,ALLOW,ddos
1787352415.457414,1,1,00:00:00:00:00:01,0,77733.54,4197611.19,4.457,0.0,99.6,Normal,ALLOW,ddos
1787352415.463954,1,1,00:00:00:00:00:01,0,69172.44,3735311.64,4.438,0.0,99.6,Normal,ALLOW,ddos
1787352415.9051192,2,3,00:00:00:00:00:01,0,67547.67,3647574.09,4.706,0.0,101.9,Normal,ALLOW,ddos
1787352415.912101,2,1,00:00:00:00:00:03,0,67547.67,3647574.09,4.778,0.0,101.9,Normal,ALLOW,ddos
1787352415.9186327,2,2,00:00:00:00:00:04,0,71293.07,3849825.73,4.629,0.0,101.9,Normal,ALLOW,ddos
1787352416.5599988,1,3,00:00:00:00:00:03,0,64088.62,3460785.5,4.707,0.0,97.9,Normal,ALLOW,ddos
1787352416.5664613,1,2,00:00:00:00:00:02,0,70796.87,3823031.06,4.601,0.0,97.9,Normal,ALLOW,ddos
1787352416.5735738,1,1,00:00:00:00:00:01,0,64088.62,3460785.5,4.685,0.0,97.9,Normal,ALLOW,ddos
1787352416.580083,1,1,00:00:00:00:00:01,0,70796.87,3823031.06,4.57,0.0,97.9,Normal,ALLOW,ddos
1787352416.9031174,2,3,00:00:00:00:00:01,0,69408.0,3748032.0,4.654,0.0,101.9,Normal,ALLOW,ddos
1787352416.9094186,2,1,00:00:00:00:00:03,0,69408.0,3748032.0,4.587,0.0,101.9,Normal,ALLOW,ddos
1787352416.9157035,2,2,00:00:00:00:00:04,0,72133.0,3895182.0,4.442,0.0,101.9,Normal,ALLOW,ddos
1787352417.6770618,1,3,00:00:00:00:00:03,0,64678.84,3492657.47,4.738,0.0,99.6,Normal,ALLOW,ddos
1787352417.6838582,1,2,00:00:00:00:00:02,0,69424.52,3748923.92,4.634,0.0,99.6,Normal,ALLOW,ddos
1787352417.6904945,1,1,00:00:00:00:00:01,0,69424.52,3748923.92,4.583,0.0,99.6,Normal,ALLOW,ddos
1787352417.6968749,1,1,00:00:00:00:00:01,0,64678.84,3492657.47,4.433,0.0,99.6,Normal,ALLOW,ddos
1787352417.9057581,2,3,00:00:00:00:00:01,0,68176.57,3681534.84,5.03,0.0,100.7,Normal,ALLOW,ddos
1787352417.9123807,2,1,00:00:00:00:00:03,0,68177.57,3681588.72,4.76,0.0,100.7,Normal,ALLOW,ddos
1787352417.9191968,2,2,00:00:00:00:00:04,0,72235.79,3900732.83,4.892,0.0,100.7,Normal,ALLOW,ddos
1787352418.6773646,1,3,00:00:00:00:00:03,0,72354.39,3907136.93,4.735,0.0,100.0,Normal,ALLOW,ddos
1787352418.6839807,1,2,00:00:00:00:00:02,0,79682.71,4302866.07,4.549,0.0,100.0,Normal,ALLOW,ddos
1787352418.690177,1,1,00:00:00:00:00:01,0,72354.39,3907136.93,4.527,0.0,100.0,Normal,ALLOW,ddos
1787352418.6963105,1,1,00:00:00:00:00:01,0,79682.71,4302866.07,4.503,0.0,100.0,Normal,ALLOW,ddos
1787352418.9040956,2,3,00:00:00:00:00:01,0,70834.0,3825036.0,4.53,0.0,96.8,Normal,ALLOW,ddos
1787352418.9103367,2,1,00:00:00:00:00:03,0,70833.0,3824982.0,4.514,0.0,96.8,Normal,ALLOW,ddos
1787352418.916428,2,2,00:00:00:00:00:04,0,73724.0,3981096.0,4.326,0.0,96.8,Normal,ALLOW,ddos
1787352419.6330595,1,3,00:00:00:00:00:03,0,72788.0,3930552.0,4.753,0.0,100.2,Normal,ALLOW,ddos
1787352419.6395178,1,2,00:00:00:00:00:02,0,80029.0,4321566.0,4.691,0.0,100.2,Normal,ALLOW,ddos
1787352419.6459532,1,1,00:00:00:00:00:01,0,80029.0,4321566.0,4.684,0.0,100.2,Normal,ALLOW,ddos
1787352419.6523354,1,1,00:00:00:00:00:01,0,72788.0,3930552.0,4.654,0.0,100.2,Normal,ALLOW,ddos
1787352419.912193,2,3,00:00:00:00:00:01,0,70057.19,3783088.0,4.587,0.0,0.0,Normal,ALLOW,ddos
1787352419.9180846,2,1,00:00:00:00:00:03,0,70057.19,3783088.0,4.367,0.0,0.0,Normal,ALLOW,ddos
1787352419.9242196,2,2,00:00:00:00:00:04,0,75398.36,4071511.5,4.609,0.0,0.0,Normal,ALLOW,ddos
1787352420.6864588,1,3,00:00:00:00:00:03,0,69733.3,3765598.25,4.453,0.0,99.4,Normal,ALLOW,ddos
1787352420.6928427,1,2,00:00:00:00:00:02,0,79058.09,4269136.66,4.576,0.0,99.4,Normal,ALLOW,ddos
1787352420.6987917,1,1,00:00:00:00:00:01,0,69733.3,3765598.25,4.346,0.0,99.4,Normal,ALLOW,ddos
1787352420.7047157,1,1,00:00:00:00:00:01,0,79057.14,4269085.42,4.283,0.0,99.4,Normal,ALLOW,ddos
1787352420.9088202,2,3,00:00:00:00:00:01,0,72274.0,3902796.0,4.471,0.0,737.8,Normal,ALLOW,ddos
1787352420.9149003,2,1,00:00:00:00:00:03,0,72275.0,3902850.0,4.513,0.0,737.8,Normal,ALLOW,ddos
1787352420.9208925,2,2,00:00:00:00:00:04,0,75011.0,4050594.0,4.47,0.0,737.8,Normal,ALLOW,ddos
1787352421.6774778,1,3,00:00:00:00:00:03,0,72084.0,3892536.0,4.457,0.0,98.9,Normal,ALLOW,ddos
1787352421.683494,1,2,00:00:00:00:00:02,0,82194.0,4438476.0,4.534,0.0,98.9,Normal,ALLOW,ddos
1787352421.6897285,1,1,00:00:00:00:00:01,0,72084.0,3892536.0,4.288,0.0,98.9,Normal,ALLOW,ddos
1787352421.6956694,1,1,00:00:00:00:00:01,0,82194.0,4438476.0,4.339,0.0,98.9,Normal,ALLOW,ddos
1787352421.9090307,2,3,00:00:00:00:00:01,0,69187.0,3736098.0,4.625,0.0,99.4,Normal,ALLOW,ddos
1787352421.9150305,2,1,00:00:00:00:00:03,0,69187.0,3736098.0,4.513,0.0,99.4,Normal,ALLOW,ddos
1787352421.9207897,2,2,00:00:00:00:00:04,0,68607.0,3704778.0,4.307,0.0,99.4,Normal,ALLOW,ddos
1787352422.6897378,1,3,00:00:00:00:00:03,0,72007.87,3888424.99,4.89,0.0,101.2,Normal,ALLOW,ddos
1787352422.696306,1,2,00:00:00:00:00:02,0,85725.87,4629196.82,4.535,0.0,101.2,Normal,ALLOW,ddos
1787352422.702714,1,1,00:00:00:00:00:01,0,85726.86,4629250.2,4.61,0.0,101.2,Normal,ALLOW,ddos
1787352422.7126245,1,1,00:00:00:00:00:01,0,72007.87,3888424.99,7.648,0.0,101.2,Normal,ALLOW,ddos
1787352422.9107697,2,3,00:00:00:00:00:01,0,71365.74,3853750.22,4.57,0.0,99.4,Normal,ALLOW,ddos
1787352422.9168708,2,1,00:00:00:00:00:03,0,71364.75,3853696.31,4.54,0.0,99.4,Normal,ALLOW,ddos
1787352422.9230394,2,2,00:00:00:00:00:04,0,76275.88,4118897.72,4.508,0.0,99.4,Normal,ALLOW,ddos
1787352423.7371395,1,3,00:00:00:00:00:03,0,67642.63,3652701.87,4.845,0.0,99.2,Normal,ALLOW,ddos
1787352423.743604,1,2,00:00:00:00:00:02,0,78680.75,4248760.45,4.72,0.0,99.2,Normal,ALLOW,ddos
1787352423.7500448,1,1,00:00:00:00:00:01,0,78680.75,4248760.45,4.598,0.0,99.2,Normal,ALLOW,ddos
1787352423.7567236,1,1,00:00:00:00:00:01,0,67641.67,3652650.31,5.092,0.0,99.2,Normal,ALLOW,ddos
1787352423.9126508,2,3,00:00:00:00:00:01,0,70569.67,3810762.28,4.993,0.0,102.7,Normal,ALLOW,ddos
1787352423.9187157,2,1,00:00:00:00:00:03,0,70569.67,3810762.28,4.418,0.0,102.7,Normal,ALLOW,ddos
1787352423.924878,2,2,00:00:00:00:00:04,0,75075.27,4054064.38,4.578,0.0,102.7,Normal,ALLOW,ddos
1787352424.6861818,1,3,00:00:00:00:00:03,0,71004.0,3834216.0,4.786,0.0,99.5,Normal,ALLOW,ddos
1787352424.6926043,1,2,00:00:00:00:00:02,0,79914.0,4315356.0,4.793,0.0,99.5,Normal,ALLOW,ddos
1787352424.6989706,1,1,00:00:00:00:00:01,0,71004.0,3834216.0,4.604,0.0,99.5,Normal,ALLOW,ddos
1787352424.7051208,1,1,00:00:00:00:00:01,0,79914.0,4315356.0,4.573,0.0,99.5,Normal,ALLOW,ddos
1787352424.9138517,2,3,00:00:00:00:00:01,0,73551.21,3971765.53,4.863,0.0,101.2,Normal,ALLOW,ddos
1787352424.9198308,2,1,00:00:00:00:00:03,0,73551.21,3971765.53,4.452,0.0,101.2,Normal,ALLOW,ddos
1787352424.9258955,2,2,00:00:00:00:00:04,0,74689.9,4033254.65,4.477,0.0,101.2,Normal,ALLOW,ddos
1787352425.6524956,1,3,00:00:00:00:00:03,0,71780.0,3876120.0,4.465,0.0,100.1,Normal,ALLOW,ddos
1787352425.6585855,1,2,00:00:00:00:00:02,0,80292.0,4335768.0,4.391,0.0,100.1,Normal,ALLOW,ddos
1787352425.66449,1,1,00:00:00:00:00:01,0,71780.0,3876120.0,4.296,0.0,100.1,Normal,ALLOW,ddos
1787352425.6703649,1,1,00:00:00:00:00:01,0,80292.0,4335768.0,4.235,0.0,100.1,Normal,ALLOW,ddos
1787352425.9143395,2,3,00:00:00:00:00:01,0,72637.19,3922408.47,4.47,0.0,99.4,Normal,ALLOW,ddos
1787352425.9204779,2,1,00:00:00:00:00:03,0,72637.19,3922408.47,4.51,0.0,99.4,Normal,ALLOW,ddos
1787352425.9263978,2,2,00:00:00:00:00:04,0,72909.89,3937134.09,4.373,0.0,99.4,Normal,ALLOW,ddos
1787352426.6504931,1,3,00:00:00:00:00:03,0,70820.0,3824280.0,5.112,0.0,99.2,Normal,ALLOW,ddos
1787352426.6571395,1,2,00:00:00:00:00:02,0,80800.0,4363200.0,4.798,0.0,99.2,Normal,ALLOW,ddos
1787352426.6642566,1,1,00:00:00:00:00:01,0,70821.0,3824334.0,4.847,0.0,99.2,Normal,ALLOW,ddos
1787352426.6706343,1,1,00:00:00:00:00:01,0,80800.0,4363200.0,4.502,0.0,99.2,Normal,ALLOW,ddos
1787352426.9150739,2,3,00:00:00:00:00:01,0,71462.64,3858982.46,4.721,0.0,0.0,Normal,ALLOW,ddos
1787352426.921396,2,1,00:00:00:00:00:03,0,71462.64,3858982.46,4.674,0.0,0.0,Normal,ALLOW,ddos
1787352426.9278088,2,2,00:00:00:00:00:04,0,71939.18,3884715.49,4.621,0.0,0.0,Normal,ALLOW,ddos
1787352427.6495898,1,3,00:00:00:00:00:03,0,69594.0,3758076.0,4.627,0.0,100.8,Normal,ALLOW,ddos
1787352427.6562474,1,2,00:00:00:00:00:02,0,80362.0,4339548.0,4.801,0.0,100.8,Normal,ALLOW,ddos
1787352427.6627104,1,1,00:00:00:00:00:01,0,69594.0,3758076.0,4.522,0.0,100.8,Normal,ALLOW,ddos
1787352427.6724234,1,1,00:00:00:00:00:01,0,80362.0,4339548.0,7.762,0.0,100.8,Normal,ALLOW,ddos
1787352427.9175735,2,3,00:00:00:00:00:01,0,69445.85,3750075.94,4.578,0.0,0.0,Normal,ALLOW,ddos
1787352427.924029,2,1,00:00:00:00:00:03,0,69445.85,3750075.94,4.857,0.0,0.0,Normal,ALLOW,ddos
1787352427.9305754,2,2,00:00:00:00:00:04,0,71121.29,3840549.52,4.594,0.0,0.0,Normal,ALLOW,ddos
1787352428.6888843,1,3,00:00:00:00:00:03,0,65558.72,3540170.66,4.661,0.0,101.2,Normal,ALLOW,ddos
1787352428.6992953,1,2,00:00:00:00:00:02,0,75029.26,4051580.03,7.74,0.0,101.2,Normal,ALLOW,ddos
1787352428.7080002,1,1,00:00:00:00:00:01,0,65558.72,3540170.66,6.39,0.0,101.2,Normal,ALLOW,ddos
1787352428.7146547,1,1,00:00:00:00:00:01,0,75028.3,4051528.07,4.444,0.0,101.2,Normal,ALLOW,ddos
1787352428.916921,2,3,00:00:00:00:00:01,0,68194.0,3682476.0,4.514,0.0,96.4,Normal,ALLOW,ddos
1787352428.9229195,2,1,00:00:00:00:00:03,0,68194.0,3682476.0,4.473,0.0,96.4,Normal,ALLOW,ddos
1787352428.9290345,2,2,00:00:00:00:00:04,0,72174.0,3897396.0,4.438,0.0,96.4,Normal,ALLOW,ddos
1787352429.5093985,1,3,00:00:00:00:00:03,0,67960.0,3669840.0,4.678,0.0,101.3,Normal,ALLOW,ddos
1787352429.5182998,1,2,00:00:00:00:00:02,0,81615.0,4407210.0,7.033,0.0,101.3,Normal,ALLOW,ddos
1787352429.5257702,1,1,00:00:00:00:00:01,0,67960.0,3669840.0,5.051,0.0,101.3,Normal,ALLOW,ddos
1787352429.532157,1,1,00:00:00:00:00:01,0,81616.0,4407264.0,4.579,0.0,101.3,Normal,ALLOW,ddos
1787352429.9196491,2,3,00:00:00:00:00:01,0,69968.07,3778275.92,5.646,0.0,97.7,Normal,ALLOW,ddos
1787352429.9284947,2,1,00:00:00:00:00:03,0,69968.07,3778275.92,6.717,0.0,97.7,Normal,ALLOW,ddos
1787352429.9352694,2,2,00:00:00:00:00:04,0,71983.53,3887110.71,4.802,0.0,97.7,Normal,ALLOW,ddos
1787352430.0392253,1,3,00:00:00:00:00:03,0,73093.0,3947022.0,4.615,0.0,104.0,Normal,ALLOW,ddos
1787352430.045874,1,2,00:00:00:00:00:02,0,81259.0,4387986.0,5.046,0.0,104.0,Normal,ALLOW,ddos
1787352430.0518377,1,1,00:00:00:00:00:01,0,73093.0,3947022.0,4.432,0.0,104.0,Normal,ALLOW,ddos
1787352430.0578184,1,1,00:00:00:00:00:01,0,81259.0,4387986.0,4.495,0.0,104.0,Normal,ALLOW,ddos
1787352430.692109,1,3,00:00:00:00:00:03,0,73450.0,3966300.0,4.53,0.0,99.6,Normal,ALLOW,ddos
1787352430.6984181,1,2,00:00:00:00:00:02,0,80091.0,4324914.0,4.719,0.0,99.6,Normal,ALLOW,ddos
1787352430.7047052,1,1,00:00:00:00:00:01,0,73450.0,3966300.0,4.676,0.0,99.6,Normal,ALLOW,ddos
1787352430.710677,1,1,00:00:00:00:00:01,0,80091.0,4324914.0,4.449,0.0,99.6,Normal,ALLOW,ddos
1787352430.919505,2,3,00:00:00:00:00:01,0,71236.61,3846776.77,4.692,0.0,0.0,Normal,ALLOW,ddos
1787352430.9257805,2,1,00:00:00:00:00:03,0,71236.61,3846776.77,4.742,0.0,0.0,Normal,ALLOW,ddos
1787352430.9318154,2,2,00:00:00:00:00:04,0,69612.9,3759096.33,4.501,0.0,0.0,Normal,ALLOW,ddos
1787352431.5052702,1,3,00:00:00:00:00:03,0,70326.0,3797604.0,4.737,0.0,100.8,Normal,ALLOW,ddos
1787352431.5113196,1,2,00:00:00:00:00:02,0,78018.0,4212972.0,4.529,0.0,100.8,Normal,ALLOW,ddos
1787352431.517281,1,1,00:00:00:00:00:01,0,70325.0,3797550.0,4.481,0.0,100.8,Normal,ALLOW,ddos
1787352431.5232408,1,1,00:00:00:00:00:01,0,78018.0,4212972.0,4.492,0.0,100.8,Normal,ALLOW,ddos
1787352433.023255,2,3,00:00:00:00:00:01,0,33775.44,1823873.91,7.759,0.0,105.7,Normal,ALLOW,ddos
1787352433.0303857,2,1,00:00:00:00:00:03,0,33775.44,1823873.91,4.587,0.0,105.7,Normal,ALLOW,ddos
1787352433.0365496,2,2,00:00:00:00:00:04,0,36321.4,1961355.85,4.485,0.0,105.7,Normal,ALLOW,ddos
1787352433.047559,2,3,00:00:00:00:00:01,0,71869.0,3880926.0,4.551,0.0,109.9,Normal,ALLOW,ddos
1787352433.0538895,2,1,00:00:00:00:00:03,0,71869.0,3880926.0,4.533,0.0,109.9,Normal,ALLOW,ddos
1787352433.060248,2,2,00:00:00:00:00:04,0,77631.0,4192074.0,4.637,0.0,109.9,Normal,ALLOW,ddos
1787352433.066911,2,3,00:00:00:00:00:01,0,79797.0,4309038.0,4.575,0.0,109.9,Normal,ALLOW,ddos
1787352433.1027267,1,3,00:00:00:00:00:03,0,43649.31,2357062.62,4.674,0.0,88.6,Normal,ALLOW,ddos
1787352433.1091342,1,2,00:00:00:00:00:02,0,50047.85,2702583.96,4.737,0.0,88.6,Normal,ALLOW,ddos
1787352433.115818,1,1,00:00:00:00:00:01,0,43649.93,2357096.42,4.614,0.0,88.6,Normal,ALLOW,ddos
1787352433.121957,1,1,00:00:00:00:00:01,0,50047.23,2702550.16,4.496,0.0,88.6,Normal,ALLOW,ddos
1787352433.9244494,2,3,00:00:00:00:00:01,0,2910.0,157140.0,4.62,0.0,99.8,Normal,ALLOW,ddos
1787352433.9306896,2,1,00:00:00:00:00:03,0,115285.0,6225390.0,4.41,0.0,99.8,Normal,ALLOW,ddos
1787352433.9366112,2,2,00:00:00:00:00:04,0,71838.0,3879252.0,4.337,0.0,99.8,Normal,ALLOW,ddos
1787352433.942777,2,3,00:00:00:00:00:01,0,75469.0,4075326.0,4.466,0.0,99.8,Normal,ALLOW,ddos
1787352434.0640924,1,3,00:00:00:00:00:03,0,69111.0,3731994.0,4.531,0.0,96.9,Normal,ALLOW,ddos
1787352434.070257,1,2,00:00:00:00:00:02,0,78486.0,4238244.0,4.515,0.0,96.9,Normal,ALLOW,ddos
1787352434.0762563,1,1,00:00:00:00:00:01,0,69111.0,3731994.0,4.434,0.0,96.9,Normal,ALLOW,ddos
1787352434.0823586,1,3,00:00:00:00:00:04,0,75764.0,4091256.0,4.363,0.0,96.9,Normal,ALLOW,ddos
1787352434.0882964,1,1,00:00:00:00:00:01,0,78487.0,4238298.0,4.409,0.0,96.9,Normal,ALLOW,ddos
1787352434.9268293,2,1,00:00:00:00:00:03,0,124558.17,6726141.06,4.651,0.0,100.8,Normal,ALLOW,ddos
1787352434.9330077,2,2,00:00:00:00:00:04,0,73756.19,3982834.46,4.51,0.0,100.8,Normal,ALLOW,ddos
1787352434.9391022,2,3,00:00:00:00:00:01,0,77786.75,4200484.52,4.481,0.0,100.8,Normal,ALLOW,ddos
1787352435.1704848,1,3,00:00:00:00:00:03,0,63849.07,3447849.96,4.474,0.0,98.3,Normal,ALLOW,ddos
1787352435.177011,1,2,00:00:00:00:00:02,0,72469.51,3913353.62,4.881,0.0,98.3,Normal,ALLOW,ddos
1787352435.1830974,1,1,00:00:00:00:00:01,0,63849.07,3447849.96,4.464,0.0,98.3,Normal,ALLOW,ddos
1787352435.189054,1,3,00:00:00:00:00:04,0,68376.16,3692312.57,4.366,0.0,98.3,Normal,ALLOW,ddos
1787352435.195055,1,1,00:00:00:00:00:01,0,72469.51,3913353.62,4.394,0.0,98.3,Normal,ALLOW,ddos
1787352435.9282613,2,1,00:00:00:00:00:03,0,119965.13,6478117.02,4.413,0.0,100.3,Normal,ALLOW,ddos
1787352435.934241,2,2,00:00:00:00:00:04,0,73105.65,3947705.35,4.314,0.0,100.3,Normal,ALLOW,ddos
1787352435.9403777,2,3,00:00:00:00:00:01,0,77208.74,4169272.07,4.504,0.0,100.3,Normal,ALLOW,ddos
1787352436.1082966,1,3,00:00:00:00:00:03,0,69395.0,3747330.0,4.705,0.0,93.7,Normal,ALLOW,ddos
1787352436.114545,1,2,00:00:00:00:00:02,0,78345.0,4230630.0,4.513,0.0,93.7,Normal,ALLOW,ddos
1787352436.12054,1,1,00:00:00:00:00:01,0,69395.0,3747330.0,4.374,0.0,93.7,Normal,ALLOW,ddos
1787352436.1266775,1,3,00:00:00:00:00:04,0,72577.0,3919158.0,4.495,0.0,93.7,Normal,ALLOW,ddos
1787352436.1325493,1,1,00:00:00:00:00:01,0,78345.0,4230630.0,4.305,0.0,93.7,Normal,ALLOW,ddos
1787352436.9305334,2,1,00:00:00:00:00:03,0,124854.41,6742137.92,4.594,0.0,100.9,Normal,ALLOW,ddos
1787352436.9365783,2,2,00:00:00:00:00:04,0,71833.59,3879013.9,4.422,0.0,100.9,Normal,ALLOW,ddos
1787352436.942841,2,3,00:00:00:00:00:01,0,75914.65,4099390.98,4.525,0.0,100.9,Normal,ALLOW,ddos
1787352437.0655062,1,3,00:00:00:00:00:03,0,67535.0,3646890.0,4.49,0.0,95.6,Normal,ALLOW,ddos
1787352437.0721004,1,2,00:00:00:00:00:02,0,78413.0,4234302.0,4.896,0.0,95.6,Normal,ALLOW,ddos
1787352437.0783553,1,1,00:00:00:00:00:01,0,67534.0,3646836.0,4.468,0.0,95.6,Normal,ALLOW,ddos
1787352437.084492,1,1,00:00:00:00:00:01,0,78413.0,4234302.0,4.502,0.0,95.6,Normal,ALLOW,ddos
1787352437.0905921,1,3,00:00:00:00:00:04,0,69455.0,3750570.0,4.569,0.0,95.6,Normal,ALLOW,ddos
1787352437.9312696,2,1,00:00:00:00:00:03,0,125126.22,6756815.94,4.475,0.0,100.5,Normal,ALLOW,ddos
1787352437.9371696,2,2,00:00:00:00:00:04,0,73294.65,3957911.28,4.365,0.0,100.5,Normal,ALLOW,ddos
1787352437.9435582,2,3,00:00:00:00:00:01,0,77370.63,4178014.08,4.543,0.0,100.5,Normal,ALLOW,ddos
1787352438.012381,1,3,00:00:00:00:00:03,0,70492.0,3806568.0,4.689,0.0,98.3,Normal,ALLOW,ddos
1787352438.018411,1,2,00:00:00:00:00:02,0,79499.0,4292946.0,4.339,0.0,98.3,Normal,ALLOW,ddos
1787352438.0242722,1,1,00:00:00:00:00:01,0,70493.0,3806622.0,4.332,0.0,98.3,Normal,ALLOW,ddos
1787352438.030337,1,3,00:00:00:00:00:04,0,75625.0,4083750.0,4.354,0.0,98.3,Normal,ALLOW,ddos
1787352438.0361896,1,1,00:00:00:00:00:01,0,79498.0,4292892.0,4.341,0.0,98.3,Normal,ALLOW,ddos
1787352438.9378955,2,1,00:00:00:00:00:03,0,122897.74,6636477.78,4.388,0.0,100.5,Normal,ALLOW,ddos
1787352438.9439592,2,2,00:00:00:00:00:04,0,73286.82,3957488.32,4.457,0.0,100.5,Normal,ALLOW,ddos
1787352438.9500196,2,3,00:00:00:00:00:01,0,77241.75,4171054.29,4.287,0.0,100.5,Normal,ALLOW,ddos
1787352439.089672,1,3,00:00:00:00:00:03,0,66794.46,3606900.76,4.868,0.0,91.3,Normal,ALLOW,ddos
1787352439.0958028,1,2,00:00:00:00:00:02,0,73112.1,3948053.41,4.397,0.0,91.3,Normal,ALLOW,ddos
1787352439.103678,1,1,00:00:00:00:00:01,0,66793.53,3606850.61,6.219,0.0,91.3,Normal,ALLOW,ddos
1787352439.1097748,1,3,00:00:00:00:00:04,0,70954.83,3831561.04,4.383,0.0,91.3,Normal,ALLOW,ddos
1787352439.1156301,1,1,00:00:00:00:00:01,0,73113.03,3948103.56,4.297,0.0,91.3,Normal,ALLOW,ddos
1787352439.9348652,2,1,00:00:00:00:00:03,0,127572.0,6888888.0,4.544,0.0,0.0,Normal,ALLOW,ddos
1787352439.941098,2,2,00:00:00:00:00:04,0,73404.0,3963816.0,4.582,0.0,0.0,Normal,ALLOW,ddos
1787352439.9472592,2,3,00:00:00:00:00:01,0,77326.0,4175604.0,4.393,0.0,0.0,Normal,ALLOW,ddos
1787352440.0512695,1,3,00:00:00:00:00:03,0,72501.0,3915054.0,4.558,0.0,94.9,Normal,ALLOW,ddos
1787352440.0575576,1,2,00:00:00:00:00:02,0,81583.0,4405482.0,4.62,0.0,94.9,Normal,ALLOW,ddos
1787352440.0635102,1,1,00:00:00:00:00:01,0,72502.0,3915108.0,4.341,0.0,94.9,Normal,ALLOW,ddos
1787352440.0695183,1,1,00:00:00:00:00:01,0,81583.0,4405482.0,4.385,0.0,94.9,Normal,ALLOW,ddos
1787352440.0755162,1,3,00:00:00:00:00:04,0,76343.0,4122522.0,4.487,0.0,94.9,Normal,ALLOW,ddos
1787352440.9381294,2,1,00:00:00:00:00:03,0,121761.1,6575099.25,4.527,0.0,0.0,Normal,ALLOW,ddos
1787352440.944293,2,2,00:00:00:00:00:04,0,72603.14,3920569.78,4.511,0.0,0.0,Normal,ALLOW,ddos
1787352440.95038,2,3,00:00:00:00:00:01,0,76621.98,4137586.81,4.376,0.0,0.0,Normal,ALLOW,ddos
1787352441.013608,1,3,00:00:00:00:00:03,0,71174.0,3843396.0,4.874,0.0,107.3,Normal,ALLOW,ddos
1787352441.019868,1,2,00:00:00:00:00:02,0,81209.0,4385286.0,4.508,0.0,107.3,Normal,ALLOW,ddos
1787352441.025905,1,1,00:00:00:00:00:01,0,71173.0,3843342.0,4.445,0.0,107.3,Normal,ALLOW,ddos
1787352441.0319211,1,1,00:00:00:00:00:01,0,81209.0,4385286.0,4.325,0.0,107.3,Normal,ALLOW,ddos
1787352441.0377924,1,3,00:00:00:00:00:04,0,71913.0,3883302.0,4.336,0.0,107.3,Normal,ALLOW,ddos
1787352441.9386804,2,1,00:00:00:00:00:03,0,125563.0,6780402.0,4.675,0.0,99.4,Normal,ALLOW,ddos
1787352441.944643,2,2,00:00:00:00:00:04,0,70528.0,3808512.0,4.445,0.0,99.4,Normal,ALLOW,ddos
1787352441.9506238,2,3,00:00:00:00:00:01,0,74583.0,4027482.0,4.331,0.0,99.4,Normal,ALLOW,ddos
1787352441.9700017,1,3,00:00:00:00:00:03,0,71573.0,3864942.0,4.508,0.0,166.9,Normal,ALLOW,ddos
1787352441.9759371,1,2,00:00:00:00:00:02,0,81472.0,4399488.0,4.43,0.0,166.9,Normal,ALLOW,ddos
1787352441.9817104,1,1,00:00:00:00:00:01,0,71574.0,3864996.0,4.3,0.0,166.9,Normal,ALLOW,ddos
1787352441.9875405,1,1,00:00:00:00:00:01,0,81471.0,4399434.0,4.39,0.0,166.9,Normal,ALLOW,ddos
1787352441.9936345,1,3,00:00:00:00:00:04,0,73177.0,3951558.0,4.554,0.0,166.9,Normal,ALLOW,ddos
1787352442.9386885,2,1,00:00:00:00:00:03,0,124939.98,6746759.04,4.642,0.0,99.1,Normal,ALLOW,ddos
1787352442.9446423,2,2,00:00:00:00:00:04,0,73155.18,3950379.75,4.432,0.0,99.1,Normal,ALLOW,ddos
1787352442.9504488,2,3,00:00:00:00:00:01,0,77194.31,4168492.58,4.283,0.0,99.1,Normal,ALLOW,ddos
1787352443.0850937,1,3,00:00:00:00:00:03,0,64576.82,3487148.49,4.488,0.0,110.2,Normal,ALLOW,ddos
1787352443.0912805,1,2,00:00:00:00:00:02,0,70125.36,3786769.31,4.648,0.0,110.2,Normal,ALLOW,ddos
1787352443.097305,1,1,00:00:00:00:00:01,0,64576.82,3487148.49,4.421,0.0,110.2,Normal,ALLOW,ddos
1787352443.1036756,1,3,00:00:00:00:00:04,0,66272.06,3578691.23,4.291,0.0,110.2,Normal,ALLOW,ddos
1787352443.1095634,1,1,00:00:00:00:00:01,0,70126.25,3786817.75,4.408,0.0,110.2,Normal,ALLOW,ddos
1787352443.9417121,2,1,00:00:00:00:00:03,0,126538.72,6833090.63,4.562,0.0,0.0,Normal,ALLOW,ddos
1787352443.9475808,2,2,00:00:00:00:00:04,0,70945.59,3831061.75,4.356,0.0,0.0,Normal,ALLOW,ddos
1787352443.9535131,2,3,00:00:00:00:00:01,0,74739.36,4035925.32,4.438,0.0,0.0,Normal,ALLOW,ddos
1787352444.1736553,1,3,00:00:00:00:00:03,0,64432.38,3479348.43,4.564,0.0,103.7,Normal,ALLOW,ddos
1787352444.1796956,1,2,00:00:00:00:00:02,0,72968.97,3940324.64,4.507,0.0,103.7,Normal,ALLOW,ddos
1787352444.1856744,1,1,00:00:00:00:00:01,0,64432.38,3479348.43,4.462,0.0,103.7,Normal,ALLOW,ddos
1787352444.1917953,1,1,00:00:00:00:00:01,0,72968.97,3940324.64,4.54,0.0,103.7,Normal,ALLOW,ddos
1787352444.1977165,1,3,00:00:00:00:00:04,0,63811.33,3445812.06,4.407,0.0,103.7,Normal,ALLOW,ddos
1787352444.9431412,2,1,00:00:00:00:00:03,0,124538.69,6725089.38,4.644,0.0,0.0,Normal,ALLOW,ddos
1787352444.9493423,2,2,00:00:00:00:00:04,0,73692.37,3979387.82,4.417,0.0,0.0,Normal,ALLOW,ddos
1787352444.9553032,2,3,00:00:00:00:00:01,0,77727.08,4197262.12,4.452,0.0,0.0,Normal,ALLOW,ddos
1787352445.059407,1,3,00:00:00:00:00:03,0,69095.0,3731130.0,4.638,0.0,103.9,Normal,ALLOW,ddos
1787352445.0653908,1,2,00:00:00:00:00:02,0,78031.0,4213674.0,4.422,0.0,103.9,Normal,ALLOW,ddos
1787352445.0712225,1,1,00:00:00:00:00:01,0,69095.0,3731130.0,4.376,0.0,103.9,Normal,ALLOW,ddos
1787352445.0773687,1,1,00:00:00:00:00:01,0,78031.0,4213674.0,4.539,0.0,103.9,Normal,ALLOW,ddos
1787352445.0832753,1,3,00:00:00:00:00:04,0,69225.0,3738150.0,4.372,0.0,103.9,Normal,ALLOW,ddos
1787352445.9448683,2,1,00:00:00:00:00:03,0,130649.55,7055075.7,4.754,0.0,99.3,Normal,ALLOW,ddos
1787352445.9507556,2,2,00:00:00:00:00:04,0,73795.37,3984950.11,4.395,0.0,99.3,Normal,ALLOW,ddos
1787352445.9566011,2,3,00:00:00:00:00:01,0,77917.31,4207534.75,4.389,0.0,99.3,Normal,ALLOW,ddos
1787352446.085953,1,3,00:00:00:00:00:03,0,67426.4,3641025.54,4.506,0.0,98.8,Normal,ALLOW,ddos
1787352446.0919106,1,2,00:00:00:00:00:02,0,74648.33,4031009.57,4.454,0.0,98.8,Normal,ALLOW,ddos
1787352446.0977416,1,1,00:00:00:00:00:01,0,67425.42,3640972.95,4.348,0.0,98.8,Normal,ALLOW,ddos
1787352446.1034703,1,1,00:00:00:00:00:01,0,74648.33,4031009.57,4.309,0.0,98.8,Normal,ALLOW,ddos
1787352446.109292,1,3,00:00:00:00:00:04,0,70456.39,3804645.27,4.377,0.0,98.8,Normal,ALLOW,ddos
1787352446.9457963,2,1,00:00:00:00:00:03,0,123014.72,6642794.98,4.509,0.0,100.0,Normal,ALLOW,ddos
1787352446.9517436,2,2,00:00:00:00:00:04,0,70434.13,3803443.17,4.439,0.0,100.0,Normal,ALLOW,ddos
1787352446.9576836,2,3,00:00:00:00:00:01,0,74213.44,4007525.62,4.428,0.0,100.0,Normal,ALLOW,ddos
1787352447.097491,1,3,00:00:00:00:00:03,0,69415.77,3748451.52,4.796,0.0,106.1,Normal,ALLOW,ddos
1787352447.1034136,1,2,00:00:00:00:00:02,0,76269.37,4118545.71,4.404,0.0,106.1,Normal,ALLOW,ddos
1787352447.109218,1,1,00:00:00:00:00:01,0,69415.77,3748451.52,4.329,0.0,106.1,Normal,ALLOW,ddos
1787352447.1150415,1,1,00:00:00:00:00:01,0,76268.38,4118492.33,4.371,0.0,106.1,Normal,ALLOW,ddos
1787352447.120883,1,3,00:00:00:00:00:04,0,74489.98,4022458.95,4.392,0.0,106.1,Normal,ALLOW,ddos
1787352447.816052,1,3,00:00:00:00:00:03,0,70746.0,3820284.0,4.487,0.0,98.8,Normal,ALLOW,ddos
1787352447.8221788,1,2,00:00:00:00:00:02,0,77751.0,4198554.0,4.588,0.0,98.8,Normal,ALLOW,ddos
1787352447.8283525,1,1,00:00:00:00:00:01,0,70747.0,3820338.0,4.453,0.0,98.8,Normal,ALLOW,ddos
1787352447.8342583,1,1,00:00:00:00:00:01,0,77752.0,4198608.0,4.432,0.0,98.8,Normal,ALLOW,ddos
1787352447.8403037,1,3,00:00:00:00:00:04,0,64899.0,3504546.0,4.497,0.0,98.8,Normal,ALLOW,ddos
1787352447.9490974,2,1,00:00:00:00:00:03,0,123014.22,6642768.04,4.445,0.0,0.0,Normal,ALLOW,ddos
1787352447.9549212,2,2,00:00:00:00:00:04,0,73586.01,3973644.58,4.347,0.0,0.0,Normal,ALLOW,ddos
1787352447.9610603,2,3,00:00:00:00:00:01,0,77450.78,4182342.14,4.5,0.0,0.0,Normal,ALLOW,ddos
1787352448.3180294,1,3,00:00:00:00:00:03,0,72004.0,3888216.0,4.444,0.0,103.1,Normal,ALLOW,ddos
1787352448.3239636,1,2,00:00:00:00:00:02,0,81029.0,4375566.0,4.442,0.0,103.1,Normal,ALLOW,ddos
1787352448.3298833,1,1,00:00:00:00:00:01,0,72003.0,3888162.0,4.379,0.0,103.1,Normal,ALLOW,ddos
1787352448.3357842,1,1,00:00:00:00:00:01,0,81029.0,4375566.0,4.379,0.0,103.1,Normal,ALLOW,ddos
1787352448.3417022,1,3,00:00:00:00:00:04,0,80310.0,4336740.0,4.429,0.0,103.1,Normal,ALLOW,ddos
1787352448.8020556,1,3,00:00:00:00:00:03,0,72395.0,3909330.0,4.667,0.0,97.1,Normal,ALLOW,ddos
1787352448.8084724,1,2,00:00:00:00:00:02,0,82571.0,4458834.0,4.871,0.0,97.1,Normal,ALLOW,ddos
1787352448.8151305,1,1,00:00:00:00:00:01,0,72396.0,3909384.0,4.929,0.0,97.1,Normal,ALLOW,ddos
1787352448.8210316,1,1,00:00:00:00:00:01,0,82571.0,4458834.0,4.383,0.0,97.1,Normal,ALLOW,ddos
1787352448.8273935,1,3,00:00:00:00:00:04,0,76897.0,4152438.0,4.539,0.0,97.1,Normal,ALLOW,ddos
1787352448.9508314,2,1,00:00:00:00:00:03,0,126017.18,6804927.74,4.517,0.0,0.0,Normal,ALLOW,ddos
1787352448.957329,2,2,00:00:00:00:00:04,0,73487.89,3968346.08,4.897,0.0,0.0,Normal,ALLOW,ddos
1787352448.963729,2,3,00:00:00:00:00:01,0,77393.67,4179257.98,4.449,0.0,0.0,Normal,ALLOW,ddos
1787352449.3220053,1,3,00:00:00:00:00:03,0,72407.0,3909978.0,4.565,0.0,99.8,Normal,ALLOW,ddos
1787352449.328106,1,2,00:00:00:00:00:02,0,79670.0,4302180.0,4.445,0.0,99.8,Normal,ALLOW,ddos
1787352449.3339562,1,1,00:00:00:00:00:01,0,72407.0,3909978.0,4.346,0.0,99.8,Normal,ALLOW,ddos
1787352449.3399181,1,1,00:00:00:00:00:01,0,79669.0,4302126.0,4.461,0.0,99.8,Normal,ALLOW,ddos
1787352449.3460774,1,3,00:00:00:00:00:04,0,76931.0,4154274.0,4.396,0.0,99.8,Normal,ALLOW,ddos
1787352449.8074875,1,3,00:00:00:00:00:03,0,67893.0,3666222.0,4.62,0.0,98.9,Normal,ALLOW,ddos
1787352449.813657,1,2,00:00:00:00:00:02,0,76763.0,4145202.0,4.591,0.0,98.9,Normal,ALLOW,ddos
1787352449.81968,1,1,00:00:00:00:00:01,0,67892.0,3666168.0,4.42,0.0,98.9,Normal,ALLOW,ddos
1787352449.825672,1,1,00:00:00:00:00:01,0,76764.0,4145256.0,4.466,0.0,98.9,Normal,ALLOW,ddos
1787352449.8315766,1,3,00:00:00:00:00:04,0,75854.0,4096116.0,4.379,0.0,98.9,Normal,ALLOW,ddos
1787352449.9517808,2,1,00:00:00:00:00:03,0,122304.86,6604462.44,4.554,0.0,0.0,Normal,ALLOW,ddos
1787352449.9579177,2,2,00:00:00:00:00:04,0,72706.64,3926158.32,4.59,0.0,0.0,Normal,ALLOW,ddos
1787352449.9640746,2,3,00:00:00:00:00:01,0,76549.55,4133675.51,4.382,0.0,0.0,Normal,ALLOW,ddos
1787352450.791868,1,3,00:00:00:00:00:03,0,70771.0,3821634.0,5.495,0.0,100.2,Normal,ALLOW,ddos
1787352450.7987602,1,2,00:00:00:00:00:02,0,76792.0,4146768.0,4.515,0.0,100.2,Normal,ALLOW,ddos
1787352450.8058856,1,1,00:00:00:00:00:01,0,70772.0,3821688.0,5.328,0.0,100.2,Normal,ALLOW,ddos
1787352450.8128467,1,1,00:00:00:00:00:01,0,76792.0,4146768.0,4.667,0.0,100.2,Normal,ALLOW,ddos
1787352450.8194864,1,3,00:00:00:00:00:04,0,74750.0,4036500.0,4.693,0.0,100.2,Normal,ALLOW,ddos
1787352450.9522462,2,1,00:00:00:00:00:03,0,124882.0,6743628.0,4.582,0.0,99.1,Normal,ALLOW,ddos
1787352450.9586596,2,2,00:00:00:00:00:04,0,72801.0,3931254.0,4.746,0.0,99.1,Normal,ALLOW,ddos
1787352450.9652424,2,3,00:00:00:00:00:01,0,76697.0,4141638.0,4.656,0.0,99.1,Normal,ALLOW,ddos
1787352451.80005,1,3,00:00:00:00:00:03,0,70182.28,3789842.89,4.491,0.0,100.3,Normal,ALLOW,ddos
1787352451.806148,1,2,00:00:00:00:00:02,0,79129.19,4272976.43,4.504,0.0,100.3,Normal,ALLOW,ddos
1787352451.812226,1,1,00:00:00:00:00:01,0,70182.28,3789842.89,4.417,0.0,100.3,Normal,ALLOW,ddos
1787352451.818531,1,1,00:00:00:00:00:01,0,79129.19,4272976.43,4.608,0.0,100.3,Normal,ALLOW,ddos
1787352451.825343,1,3,00:00:00:00:00:04,0,73260.69,3956077.21,4.722,0.0,100.3,Normal,ALLOW,ddos
1787352451.9540136,2,1,00:00:00:00:00:03,0,123450.42,6666322.76,4.43,0.0,0.0,Normal,ALLOW,ddos
1787352451.9602966,2,2,00:00:00:00:00:04,0,71442.95,3857919.18,4.609,0.0,0.0,Normal,ALLOW,ddos
1787352451.966523,2,3,00:00:00:00:00:01,0,75312.09,4066852.77,4.542,0.0,0.0,Normal,ALLOW,ddos
1787352452.728161,1,3,00:00:00:00:00:03,0,66674.0,3600396.0,4.541,0.0,99.6,Normal,ALLOW,ddos
1787352452.734148,1,2,00:00:00:00:00:02,0,75612.0,4083048.0,4.403,0.0,99.6,Normal,ALLOW,ddos
1787352452.7405863,1,1,00:00:00:00:00:01,0,66674.0,3600396.0,4.89,0.0,99.6,Normal,ALLOW,ddos
1787352452.7466035,1,1,00:00:00:00:00:01,0,75612.0,4083048.0,4.296,0.0,99.6,Normal,ALLOW,ddos
1787352452.7527616,1,3,00:00:00:00:00:04,0,71582.0,3865428.0,4.445,0.0,99.6,Normal,ALLOW,ddos
1787352452.9564953,2,1,00:00:00:00:00:03,0,123072.19,6645898.28,4.595,0.0,0.0,Normal,ALLOW,ddos
1787352452.9628444,2,2,00:00:00:00:00:04,0,73962.24,3993961.12,4.517,0.0,0.0,Normal,ALLOW,ddos
1787352452.9689019,2,3,00:00:00:00:00:01,0,77729.65,4197400.93,4.411,0.0,0.0,Normal,ALLOW,ddos
1787352453.7935905,1,3,00:00:00:00:00:03,0,65553.76,3539902.84,4.543,0.0,100.4,Normal,ALLOW,ddos
1787352453.7996635,1,2,00:00:00:00:00:02,0,74558.64,4026166.31,4.56,0.0,100.4,Normal,ALLOW,ddos
1787352453.8058426,1,1,00:00:00:00:00:01,0,65553.76,3539902.84,4.622,0.0,100.4,Normal,ALLOW,ddos
1787352453.8125412,1,1,00:00:00:00:00:01,0,74558.64,4026166.31,4.605,0.0,100.4,Normal,ALLOW,ddos
1787352453.81898,1,3,00:00:00:00:00:04,0,68360.51,3691467.45,4.551,0.0,100.4,Normal,ALLOW,ddos
1787352453.9571736,2,1,00:00:00:00:00:03,0,126537.0,6832998.0,5.965,0.0,98.7,Normal,ALLOW,ddos
1787352453.9672198,2,2,00:00:00:00:00:04,0,71343.0,3852522.0,7.52,0.0,98.7,Normal,ALLOW,ddos
1787352453.974875,2,3,00:00:00:00:00:01,0,75342.0,4068468.0,4.951,0.0,98.7,Normal,ALLOW,ddos
1787352454.7097309,1,3,00:00:00:00:00:03,0,67578.0,3649212.0,4.566,0.0,100.4,Normal,ALLOW,ddos
1787352454.7156668,1,2,00:00:00:00:00:02,0,79301.0,4282254.0,4.385,0.0,100.4,Normal,ALLOW,ddos
1787352454.7225273,1,1,00:00:00:00:00:01,0,67577.0,3649158.0,5.194,0.0,100.4,Normal,ALLOW,ddos
1787352454.7314537,1,1,00:00:00:00:00:01,0,79301.0,4282254.0,5.634,0.0,100.4,Normal,ALLOW,ddos
1787352454.7379405,1,3,00:00:00:00:00:04,0,70133.0,3787182.0,4.564,0.0,100.4,Normal,ALLOW,ddos
1787352454.9589021,2,1,00:00:00:00:00:03,0,125598.86,6782338.34,4.51,0.0,0.0,Normal,ALLOW,ddos
1787352454.9648097,2,2,00:00:00:00:00:04,0,72672.49,3924314.68,4.403,0.0,0.0,Normal,ALLOW,ddos
1787352454.9708595,2,3,00:00:00:00:00:01,0,76506.54,4131353.12,4.537,0.0,0.0,Normal,ALLOW,ddos
1787352455.8114698,1,3,00:00:00:00:00:03,0,64099.81,3461389.73,4.558,0.0,100.9,Normal,ALLOW,ddos
1787352455.81753,1,2,00:00:00:00:00:02,0,69830.45,3770844.09,4.495,0.0,100.9,Normal,ALLOW,ddos
1787352455.8240106,1,1,00:00:00:00:00:01,0,64100.72,3461438.74,4.543,0.0,100.9,Normal,ALLOW,ddos
1787352455.8305385,1,1,00:00:00:00:00:01,0,69830.45,3770844.09,4.533,0.0,100.9,Normal,ALLOW,ddos
1787352455.8365405,1,3,00:00:00:00:00:04,0,66427.82,3587102.5,4.454,0.0,100.9,Normal,ALLOW,ddos
1787352455.958807,2,1,00:00:00:00:00:03,0,118228.0,6384312.0,4.8,0.0,95.2,Normal,ALLOW,ddos
1787352455.964973,2,2,00:00:00:00:00:04,0,67871.0,3665034.0,4.561,0.0,95.2,Normal,ALLOW,ddos
1787352455.9710863,2,3,00:00:00:00:00:01,0,71670.0,3870180.0,4.522,0.0,95.2,Normal,ALLOW,ddos
1787352456.8117921,1,3,00:00:00:00:00:03,0,70623.98,3813694.89,4.591,0.0,100.8,Normal,ALLOW,ddos
1787352456.8183687,1,2,00:00:00:00:00:02,0,75112.71,4056086.18,4.537,0.0,100.8,Normal,ALLOW,ddos
1787352456.8538206,1,1,00:00:00:00:00:01,0,70623.98,3813694.89,4.403,0.0,100.8,Normal,ALLOW,ddos
1787352456.8603978,1,1,00:00:00:00:00:01,0,75112.71,4056086.18,4.396,0.0,100.8,Normal,ALLOW,ddos
1787352456.866448,1,3,00:00:00:00:00:04,0,70101.13,3785460.9,4.311,0.0,100.8,Normal,ALLOW,ddos
1787352456.9712133,2,1,00:00:00:00:00:03,0,121888.14,6581959.44,4.999,0.0,696.4,Normal,ALLOW,ddos
1787352456.9773247,2,2,00:00:00:00:00:04,0,70349.75,3798886.3,4.549,0.0,696.4,Normal,ALLOW,ddos
1787352456.9833298,2,3,00:00:00:00:00:01,0,74047.43,3998561.02,4.508,0.0,696.4,Normal,ALLOW,ddos
1787352457.847284,1,3,00:00:00:00:00:03,0,66490.93,3590510.35,4.607,0.0,100.5,Normal,ALLOW,ddos
1787352457.8539786,1,2,00:00:00:00:00:02,0,74829.59,4040797.63,4.901,0.0,100.5,Normal,ALLOW,ddos
1787352457.8603532,1,1,00:00:00:00:00:01,0,66489.97,3590458.19,4.562,0.0,100.5,Normal,ALLOW,ddos
1787352457.8665369,1,1,00:00:00:00:00:01,0,74829.59,4040797.63,4.489,0.0,100.5,Normal,ALLOW,ddos
1787352457.8729138,1,3,00:00:00:00:00:04,0,68139.73,3679545.49,4.699,0.0,100.5,Normal,ALLOW,ddos
1787352457.9657369,2,1,00:00:00:00:00:03,0,120549.0,6509646.0,4.948,0.0,0.0,Normal,ALLOW,ddos
1787352457.9724262,2,2,00:00:00:00:00:04,0,66736.0,3603744.0,4.606,0.0,0.0,Normal,ALLOW,ddos
1787352457.9790246,2,3,00:00:00:00:00:01,0,70575.0,3811050.0,4.665,0.0,0.0,Normal,ALLOW,ddos
1787352458.7791164,1,3,00:00:00:00:00:03,0,68121.0,3678534.0,4.531,0.0,99.6,Normal,ALLOW,ddos
1787352458.7857022,1,2,00:00:00:00:00:02,0,76808.0,4147632.0,4.955,0.0,99.6,Normal,ALLOW,ddos
1787352458.7918258,1,1,00:00:00:00:00:01,0,68122.0,3678588.0,4.528,0.0,99.6,Normal,ALLOW,ddos
1787352458.7980406,1,1,00:00:00:00:00:01,0,76808.0,4147632.0,4.513,0.0,99.6,Normal,ALLOW,ddos
1787352458.8042486,1,3,00:00:00:00:00:04,0,72007.0,3888378.0,4.553,0.0,99.6,Normal,ALLOW,ddos
1787352458.9635093,2,1,00:00:00:00:00:03,0,119890.0,6474060.0,4.731,0.0,103.0,Normal,ALLOW,ddos
1787352458.9699836,2,2,00:00:00:00:00:04,0,69399.0,3747546.0,4.806,0.0,103.0,Normal,ALLOW,ddos
1787352458.9769194,2,3,00:00:00:00:00:01,0,73255.0,3955770.0,4.93,0.0,103.0,Normal,ALLOW,ddos
1787352459.7837665,1,3,00:00:00:00:00:03,0,67498.05,3644894.92,4.55,0.0,100.1,Normal,ALLOW,ddos
1787352459.789675,1,2,00:00:00:00:00:02,0,74467.78,4021260.01,4.372,0.0,100.1,Normal,ALLOW,ddos
1787352459.7956967,1,1,00:00:00:00:00:01,0,67498.05,3644894.92,4.39,0.0,100.1,Normal,ALLOW,ddos
1787352459.8022668,1,1,00:00:00:00:00:01,0,74467.78,4021260.01,4.488,0.0,100.1,Normal,ALLOW,ddos
1787352459.8086965,1,3,00:00:00:00:00:04,0,71239.65,3846941.28,4.643,0.0,100.1,Normal,ALLOW,ddos
1787352459.9739983,2,1,00:00:00:00:00:03,0,119158.39,6434553.25,4.673,0.0,94.7,Normal,ALLOW,ddos
1787352459.980358,2,2,00:00:00:00:00:04,0,63044.27,3404390.66,4.575,0.0,94.7,Normal,ALLOW,ddos
1787352459.9866314,2,3,00:00:00:00:00:01,0,66810.68,3607776.64,4.585,0.0,94.7,Normal,ALLOW,ddos
1787352460.6503127,1,3,00:00:00:00:00:03,0,69408.0,3748032.0,4.753,0.0,100.6,Normal,ALLOW,ddos
1787352460.6565862,1,2,00:00:00:00:00:02,0,78064.0,4215456.0,4.712,0.0,100.6,Normal,ALLOW,ddos
1787352460.6628017,1,1,00:00:00:00:00:01,0,69408.0,3748032.0,4.317,0.0,100.6,Normal,ALLOW,ddos
1787352460.669267,1,1,00:00:00:00:00:01,0,78064.0,4215456.0,4.348,0.0,100.6,Normal,ALLOW,ddos
1787352460.6788418,1,3,00:00:00:00:00:04,0,72133.0,3895182.0,7.593,0.0,100.6,Normal,ALLOW,ddos
1787352460.9664125,2,1,00:00:00:00:00:03,0,126080.0,6808320.0,4.477,0.0,101.2,Normal,ALLOW,ddos
1787352460.9731925,2,2,00:00:00:00:00:04,0,66006.0,3564324.0,5.163,0.0,101.2,Normal,ALLOW,ddos
1787352460.9793534,2,3,00:00:00:00:00:01,0,69783.0,3768282.0,4.344,0.0,101.2,Normal,ALLOW,ddos
1787352461.6961367,1,3,00:00:00:00:00:03,0,65343.5,3528548.96,4.754,0.0,100.2,Normal,ALLOW,ddos
1787352461.7028205,1,2,00:00:00:00:00:02,0,72358.52,3907360.31,4.961,0.0,100.2,Normal,ALLOW,ddos
1787352461.7102118,1,1,00:00:00:00:00:01,0,65343.5,3528548.96,5.051,0.0,100.2,Normal,ALLOW,ddos
1787352461.7169697,1,1,00:00:00:00:00:01,0,72358.52,3907360.31,4.58,0.0,100.2,Normal,ALLOW,ddos
1787352461.7236242,1,3,00:00:00:00:00:04,0,69234.04,3738638.2,4.826,0.0,100.2,Normal,ALLOW,ddos
1787352461.9658601,2,1,00:00:00:00:00:03,0,117805.0,6361470.0,4.551,0.0,99.9,Normal,ALLOW,ddos
1787352461.9719787,2,2,00:00:00:00:00:04,0,65768.0,3551472.0,4.517,0.0,99.9,Normal,ALLOW,ddos
1787352461.9781425,2,3,00:00:00:00:00:01,0,69415.0,3748410.0,4.428,0.0,99.9,Normal,ALLOW,ddos
1787352462.709578,1,3,00:00:00:00:00:03,0,69887.04,3773900.39,4.927,0.0,99.5,Normal,ALLOW,ddos
1787352462.7158663,1,2,00:00:00:00:00:02,0,79506.7,4293361.79,4.585,0.0,99.5,Normal,ALLOW,ddos
1787352462.7694845,1,1,00:00:00:00:00:01,0,69886.06,3773847.11,52.001,0.0,99.5,Normal,ALLOW,ddos
1787352462.7776728,1,1,00:00:00:00:00:01,0,79506.7,4293361.79,6.029,0.0,99.5,Normal,ALLOW,ddos
1787352462.7845864,1,3,00:00:00:00:00:04,0,72738.41,3927874.07,4.736,0.0,99.5,Normal,ALLOW,ddos
1787352462.9706793,2,1,00:00:00:00:00:03,0,122353.74,6607101.9,4.713,0.0,0.0,Normal,ALLOW,ddos
1787352462.977043,2,2,00:00:00:00:00:04,0,67744.77,3658217.68,4.578,0.0,0.0,Normal,ALLOW,ddos
1787352462.9831169,2,3,00:00:00:00:00:01,0,71318.04,3851174.01,4.362,0.0,0.0,Normal,ALLOW,ddos
1787352463.9654906,1,3,00:00:00:00:00:03,0,56223.39,3036063.25,4.566,0.0,99.5,Normal,ALLOW,ddos
1787352463.9715185,1,2,00:00:00:00:00:02,0,64133.29,3463197.7,4.485,0.0,99.5,Normal,ALLOW,ddos
1787352463.9774058,1,1,00:00:00:00:00:01,0,56223.39,3036063.25,4.376,0.0,99.5,Normal,ALLOW,ddos
1787352463.9832578,1,1,00:00:00:00:00:01,0,64133.29,3463197.7,4.326,0.0,99.5,Normal,ALLOW,ddos
1787352463.9890678,1,3,00:00:00:00:00:04,0,60509.88,3267533.41,4.288,0.0,99.5,Normal,ALLOW,ddos
1787352463.9987686,2,1,00:00:00:00:00:03,0,121853.76,6580103.08,4.899,0.0,0.0,Normal,ALLOW,ddos
1787352464.0045862,2,2,00:00:00:00:00:04,0,66867.67,3610854.14,4.326,0.0,0.0,Normal,ALLOW,ddos
1787352464.0117555,2,3,00:00:00:00:00:01,0,70640.83,3814605.02,5.562,0.0,0.0,Normal,ALLOW,ddos
1787352464.9697344,2,1,00:00:00:00:00:03,0,118040.0,6374160.0,4.721,0.0,101.0,Normal,ALLOW,ddos
1787352464.9756107,2,2,00:00:00:00:00:04,0,67537.0,3646998.0,4.387,0.0,101.0,Normal,ALLOW,ddos
1787352464.9815757,2,3,00:00:00:00:00:01,0,71337.0,3852198.0,4.356,0.0,101.0,Normal,ALLOW,ddos
1787352465.0036895,1,3,00:00:00:00:00:03,0,69612.07,3759052.03,4.667,0.0,68.8,Normal,ALLOW,ddos
1787352465.0098283,1,2,00:00:00:00:00:02,0,77964.56,4210086.27,4.399,0.0,68.8,Normal,ALLOW,ddos
1787352465.0161319,1,1,00:00:00:00:00:01,0,69612.07,3759052.03,4.504,0.0,68.8,Normal,ALLOW,ddos
1787352465.0222027,1,1,00:00:00:00:00:01,0,77964.56,4210086.27,4.533,0.0,68.8,Normal,ALLOW,ddos
1787352465.0282922,1,3,00:00:00:00:00:04,0,72247.27,3901352.5,4.55,0.0,68.8,Normal,ALLOW,ddos
1787352465.9759238,2,1,00:00:00:00:00:03,0,113433.77,6125423.72,4.809,0.0,99.8,Normal,ALLOW,ddos
1787352465.9820688,2,2,00:00:00:00:00:04,0,64330.36,3473839.7,4.564,0.0,99.8,Normal,ALLOW,ddos
1787352465.9900079,2,3,00:00:00:00:00:01,0,68034.22,3673847.84,5.786,0.0,99.8,Normal,ALLOW,ddos
1787352466.049328,1,3,00:00:00:00:00:03,0,66193.18,3574431.58,4.727,0.0,97.6,Normal,ALLOW,ddos
1787352466.0557442,1,2,00:00:00:00:00:02,0,74357.06,4015281.24,4.615,0.0,97.6,Normal,ALLOW,ddos
1787352466.062119,1,1,00:00:00:00:00:01,0,66194.13,3574483.24,4.616,0.0,97.6,Normal,ALLOW,ddos
1787352466.0695782,1,1,00:00:00:00:00:01,0,74357.06,4015281.24,5.846,0.0,97.6,Normal,ALLOW,ddos
1787352466.0758753,1,3,00:00:00:00:00:04,0,65639.22,3544518.07,4.531,0.0,97.6,Normal,ALLOW,ddos
1787352466.9725308,2,1,00:00:00:00:00:03,0,124611.0,6728994.0,4.706,0.0,100.7,Normal,ALLOW,ddos
1787352466.9787946,2,2,00:00:00:00:00:04,0,66160.0,3572640.0,4.563,0.0,100.7,Normal,ALLOW,ddos
1787352466.9847977,2,3,00:00:00:00:00:01,0,69865.0,3772710.0,4.468,0.0,100.7,Normal,ALLOW,ddos
1787352467.0750968,1,3,00:00:00:00:00:03,0,69659.24,3761599.07,4.428,0.0,96.8,Normal,ALLOW,ddos
1787352467.0811193,1,2,00:00:00:00:00:02,0,78084.03,4216537.85,4.476,0.0,96.8,Normal,ALLOW,ddos
1787352467.087255,1,1,00:00:00:00:00:01,0,69658.27,3761546.45,4.447,0.0,96.8,Normal,ALLOW,ddos
1787352467.0934434,1,1,00:00:00:00:00:01,0,78084.03,4216537.85,4.397,0.0,96.8,Normal,ALLOW,ddos
1787352467.099381,1,3,00:00:00:00:00:04,0,74451.97,4020406.35,4.351,0.0,96.8,Normal,ALLOW,ddos
1787352467.9758272,2,1,00:00:00:00:00:03,0,123245.62,6655263.52,4.658,0.0,100.0,Normal,ALLOW,ddos
1787352467.9854293,2,2,00:00:00:00:00:04,0,66595.09,3596134.6,7.487,0.0,100.0,Normal,ALLOW,ddos
1787352467.9952757,2,3,00:00:00:00:00:01,0,70478.2,3805822.53,7.445,0.0,100.0,Normal,ALLOW,ddos
1787352468.2456474,1,3,00:00:00:00:00:03,0,60385.14,3260797.71,4.639,0.0,99.0,Normal,ALLOW,ddos
1787352468.2515612,1,2,00:00:00:00:00:02,0,69087.03,3730699.57,4.43,0.0,99.0,Normal,ALLOW,ddos
1787352468.2575731,1,1,00:00:00:00:00:01,0,60386.0,3260843.85,4.522,0.0,99.0,Normal,ALLOW,ddos
1787352468.2636359,1,1,00:00:00:00:00:01,0,69086.17,3730653.42,4.41,0.0,99.0,Normal,ALLOW,ddos
1787352468.269668,1,3,00:00:00:00:00:04,0,64241.35,3469032.89,4.554,0.0,99.0,Normal,ALLOW,ddos
1787352468.9789238,2,1,00:00:00:00:00:03,0,115175.6,6219482.58,4.661,0.0,0.0,Normal,ALLOW,ddos
1787352468.9851422,2,2,00:00:00:00:00:04,0,66634.3,3598252.34,4.556,0.0,0.0,Normal,ALLOW,ddos
1787352468.9915864,2,3,00:00:00:00:00:01,0,70436.85,3803590.02,4.736,0.0,0.0,Normal,ALLOW,ddos
1787352469.2479048,1,3,00:00:00:00:00:03,0,73493.0,3968622.12,4.978,0.0,100.6,Normal,ALLOW,ddos
1787352469.2542603,1,2,00:00:00:00:00:02,0,77276.64,4172938.57,4.49,0.0,100.6,Normal,ALLOW,ddos
1787352469.2603579,1,1,00:00:00:00:00:01,0,73493.0,3968622.12,4.433,0.0,100.6,Normal,ALLOW,ddos
1787352469.2662823,1,1,00:00:00:00:00:01,0,77277.64,4172992.47,4.304,0.0,100.6,Normal,ALLOW,ddos
1787352469.272439,1,3,00:00:00:00:00:04,0,74630.79,4030062.57,4.512,0.0,100.6,Normal,ALLOW,ddos
1787352469.9920187,2,1,00:00:00:00:00:03,0,118709.6,6410318.61,4.559,0.0,99.4,Normal,ALLOW,ddos
1787352469.9981594,2,2,00:00:00:00:00:04,0,66487.88,3590345.59,4.563,0.0,99.4,Normal,ALLOW,ddos
1787352470.0045626,2,3,00:00:00:00:00:01,0,70332.79,3797970.92,4.558,0.0,99.4,Normal,ALLOW,ddos
1787352470.3286042,1,3,00:00:00:00:00:03,0,67260.3,3632056.4,4.605,0.0,104.3,Normal,ALLOW,ddos
1787352470.3348095,1,2,00:00:00:00:00:02,0,73816.33,3986081.76,4.524,0.0,104.3,Normal,ALLOW,ddos
1787352470.340834,1,1,00:00:00:00:00:01,0,67259.38,3632006.45,4.466,0.0,104.3,Normal,ALLOW,ddos
1787352470.346889,1,1,00:00:00:00:00:01,0,73816.33,3986081.76,4.462,0.0,104.3,Normal,ALLOW,ddos
1787352470.3532221,1,3,00:00:00:00:00:04,0,67511.89,3645642.03,4.815,0.0,104.3,Normal,ALLOW,ddos
1787352470.980639,2,1,00:00:00:00:00:03,0,122956.0,6639624.0,4.524,0.0,0.0,Normal,ALLOW,ddos
1787352470.9865785,2,2,00:00:00:00:00:04,0,68281.0,3687174.0,4.388,0.0,0.0,Normal,ALLOW,ddos
1787352470.9927197,2,3,00:00:00:00:00:01,0,72193.0,3898422.0,4.547,0.0,0.0,Normal,ALLOW,ddos
1787352471.3111267,1,3,00:00:00:00:00:03,0,71532.0,3862728.0,4.612,0.0,100.0,Normal,ALLOW,ddos
1787352471.3173125,1,2,00:00:00:00:00:02,0,78477.0,4237758.0,4.582,0.0,100.0,Normal,ALLOW,ddos
1787352471.3234076,1,1,00:00:00:00:00:01,0,71533.0,3862782.0,4.503,0.0,100.0,Normal,ALLOW,ddos
1787352471.3294394,1,1,00:00:00:00:00:01,0,78477.0,4237758.0,4.451,0.0,100.0,Normal,ALLOW,ddos
1787352471.335393,1,3,00:00:00:00:00:04,0,72009.0,3888486.0,4.433,0.0,100.0,Normal,ALLOW,ddos
1787352471.983616,2,1,00:00:00:00:00:03,0,124555.58,6726001.24,4.68,0.0,99.7,Normal,ALLOW,ddos
1787352471.989964,2,2,00:00:00:00:00:04,0,66388.34,3584970.19,4.652,0.0,99.7,Normal,ALLOW,ddos
1787352471.997056,2,3,00:00:00:00:00:01,0,70306.33,3796541.67,4.883,0.0,99.7,Normal,ALLOW,ddos
1787352472.3294551,1,3,00:00:00:00:00:03,0,68465.51,3697137.35,4.776,0.0,98.9,Normal,ALLOW,ddos
1787352472.3356707,1,2,00:00:00:00:00:02,0,75179.82,4059710.07,4.569,0.0,98.9,Normal,ALLOW,ddos
1787352472.3417523,1,1,00:00:00:00:00:01,0,68465.51,3697137.35,4.426,0.0,98.9,Normal,ALLOW,ddos
1787352472.3477688,1,1,00:00:00:00:00:01,0,75179.82,4059710.07,4.394,0.0,98.9,Normal,ALLOW,ddos
1787352472.3537169,1,3,00:00:00:00:00:04,0,70117.29,3786333.74,4.348,0.0,98.9,Normal,ALLOW,ddos
1787352472.9839268,2,1,00:00:00:00:00:03,0,121039.31,6536122.76,4.559,0.0,99.1,Normal,ALLOW,ddos
1787352472.9903471,2,2,00:00:00:00:00:04,0,66938.78,3614693.98,4.716,0.0,99.1,Normal,ALLOW,ddos
1787352472.9971035,2,3,00:00:00:00:00:01,0,70728.78,3819354.29,4.707,0.0,99.1,Normal,ALLOW,ddos
1787352473.2464855,1,3,00:00:00:00:00:03,0,68194.0,3682476.0,4.704,0.0,99.5,Normal,ALLOW,ddos
1787352473.2526948,1,2,00:00:00:00:00:02,0,78831.0,4256874.0,4.507,0.0,99.5,Normal,ALLOW,ddos
1787352473.2591763,1,1,00:00:00:00:00:01,0,68194.0,3682476.0,4.732,0.0,99.5,Normal,ALLOW,ddos
1787352473.2656305,1,1,00:00:00:00:00:01,0,78831.0,4256874.0,4.604,0.0,99.5,Normal,ALLOW,ddos
1787352473.271899,1,3,00:00:00:00:00:04,0,72174.0,3897396.0,4.594,0.0,99.5,Normal,ALLOW,ddos
1787352473.9883783,2,1,00:00:00:00:00:03,0,120655.63,6515403.99,4.793,0.0,101.1,Normal,ALLOW,ddos
1787352473.9950807,2,2,00:00:00:00:00:04,0,63972.05,3454490.74,4.653,0.0,101.1,Normal,ALLOW,ddos
1787352474.0016448,2,3,00:00:00:00:00:01,0,67667.57,3654048.88,4.635,0.0,101.1,Normal,ALLOW,ddos
1787352474.388812,1,3,00:00:00:00:00:03,0,61587.54,3325727.31,7.454,0.0,101.4,Normal,ALLOW,ddos
1787352474.3957813,1,2,00:00:00:00:00:02,0,66575.81,3595093.61,4.641,0.0,101.4,Normal,ALLOW,ddos
1787352474.4044302,1,1,00:00:00:00:00:01,0,61587.54,3325727.31,6.611,0.0,101.4,Normal,ALLOW,ddos
1787352474.4146686,1,1,00:00:00:00:00:01,0,66575.81,3595093.61,7.656,0.0,101.4,Normal,ALLOW,ddos
1787352474.424901,1,3,00:00:00:00:00:04,0,63361.6,3421526.24,7.632,0.0,101.4,Normal,ALLOW,ddos
1787352474.994561,2,1,00:00:00:00:00:03,0,116943.43,6314945.1,5.009,0.0,98.4,Normal,ALLOW,ddos
1787352475.0009513,2,2,00:00:00:00:00:04,0,63273.93,3416792.27,4.648,0.0,98.4,Normal,ALLOW,ddos
1787352475.0073617,2,3,00:00:00:00:00:01,0,66527.11,3592463.92,4.737,0.0,98.4,Normal,ALLOW,ddos
1787352475.4525578,1,3,00:00:00:00:00:03,0,66771.72,3605672.63,4.656,0.0,100.6,Normal,ALLOW,ddos
1787352475.4586244,1,2,00:00:00:00:00:02,0,73732.78,3981569.95,4.516,0.0,100.6,Normal,ALLOW,ddos
1787352475.4644845,1,1,00:00:00:00:00:01,0,66771.72,3605672.63,4.363,0.0,100.6,Normal,ALLOW,ddos
1787352475.470349,1,1,00:00:00:00:00:01,0,73732.78,3981569.95,4.42,0.0,100.6,Normal,ALLOW,ddos
1787352475.476748,1,3,00:00:00:00:00:04,0,65249.77,3523487.74,4.466,0.0,100.6,Normal,ALLOW,ddos
1787352475.9936697,2,1,00:00:00:00:00:03,0,116754.0,6304716.0,5.214,0.0,99.9,Normal,ALLOW,ddos
1787352476.000015,2,2,00:00:00:00:00:04,0,65431.0,3533274.0,4.581,0.0,99.9,Normal,ALLOW,ddos
1787352476.0061674,2,3,00:00:00:00:00:01,0,68950.0,3723300.0,4.534,0.0,99.9,Normal,ALLOW,ddos
1787352476.3827426,1,3,00:00:00:00:00:03,0,70573.0,3810942.0,4.568,0.0,100.5,Normal,ALLOW,ddos
1787352476.3888347,1,2,00:00:00:00:00:02,0,78377.0,4232358.0,4.511,0.0,100.5,Normal,ALLOW,ddos
1787352476.3956587,1,1,00:00:00:00:00:01,0,70573.0,3810942.0,4.874,0.0,100.5,Normal,ALLOW,ddos
1787352476.4017525,1,1,00:00:00:00:00:01,0,78377.0,4232358.0,4.437,0.0,100.5,Normal,ALLOW,ddos
1787352476.4079335,1,3,00:00:00:00:00:04,0,75874.0,4097196.0,4.549,0.0,100.5,Normal,ALLOW,ddos
1787352476.4158297,1,3,00:00:00:00:00:03,0,72191.0,3898314.0,4.543,0.0,89.3,Normal,ALLOW,ddos
1787352476.4219456,1,2,00:00:00:00:00:02,0,83428.0,4505112.0,4.545,0.0,89.3,Normal,ALLOW,ddos
1787352476.4286914,1,1,00:00:00:00:00:01,0,72190.0,3898260.0,4.868,0.0,89.3,Normal,ALLOW,ddos
1787352476.4349775,1,1,00:00:00:00:00:01,0,83428.0,4505112.0,4.642,0.0,89.3,Normal,ALLOW,ddos
1787352476.4414494,1,3,00:00:00:00:00:04,0,77996.0,4211784.0,4.796,0.0,89.3,Normal,ALLOW,ddos
1787352476.4483464,1,1,00:00:00:00:00:01,0,77996.0,4211784.0,4.725,0.0,89.3,Normal,ALLOW,ddos
1787352476.9991505,2,1,00:00:00:00:00:03,0,91597.11,4946244.2,7.391,0.0,0.0,Normal,ALLOW,ddos
1787352477.005637,2,2,00:00:00:00:00:04,0,60841.75,3285454.4,4.678,0.0,0.0,Normal,ALLOW,ddos
1787352477.0161233,2,3,00:00:00:00:00:01,0,62389.09,3369010.74,7.644,0.0,0.0,Normal,ALLOW,ddos
1787352477.9959254,2,1,00:00:00:00:00:03,0,70257.0,3793878.0,4.557,0.0,99.0,Normal,ALLOW,ddos
1787352478.0021236,2,2,00:00:00:00:00:04,0,62720.0,3386880.0,4.593,0.0,99.0,Normal,ALLOW,ddos
1787352478.0083025,2,3,00:00:00:00:00:01,0,62720.0,3386880.0,4.558,0.0,99.0,Normal,ALLOW,ddos
1787352478.1572576,1,2,00:00:00:00:00:02,0,46233.01,2496582.44,4.741,0.0,106.3,Normal,ALLOW,ddos
1787352478.1639242,1,1,00:00:00:00:00:01,0,1671.11,90240.16,4.747,0.0,106.3,Normal,ALLOW,ddos
1787352478.170728,1,1,00:00:00:00:00:01,0,46233.01,2496582.44,4.954,0.0,106.3,Normal,ALLOW,ddos
1787352478.17712,1,3,00:00:00:00:00:04,0,41254.7,2227753.59,4.542,0.0,106.3,Normal,ALLOW,ddos
1787352478.1832848,1,1,00:00:00:00:00:01,0,41254.7,2227753.59,4.513,0.0,106.3,Normal,ALLOW,ddos
1787352478.9975617,2,1,00:00:00:00:00:03,0,66295.83,3579974.89,4.894,0.0,100.0,Normal,ALLOW,ddos
1787352479.0038588,2,2,00:00:00:00:00:04,0,66427.7,3587095.89,4.458,0.0,100.0,Normal,ALLOW,ddos
1787352479.010211,2,3,00:00:00:00:00:01,0,66427.7,3587095.89,4.619,0.0,100.0,Normal,ALLOW,ddos
1787352479.2909756,1,2,00:00:00:00:00:02,0,69528.01,3754512.52,5.64,0.0,99.7,Normal,ALLOW,ddos
1787352479.2977586,1,1,00:00:00:00:00:01,0,69528.01,3754512.52,4.514,0.0,99.7,Normal,ALLOW,ddos
1787352479.3062356,1,3,00:00:00:00:00:04,0,65327.98,3527710.99,6.547,0.0,99.7,Normal,ALLOW,ddos
1787352479.3129954,1,1,00:00:00:00:00:01,0,65327.98,3527710.99,4.566,0.0,99.7,Normal,ALLOW,ddos
1787352479.9993286,2,1,00:00:00:00:00:03,0,66748.31,3604408.92,4.677,0.0,101.3,Normal,ALLOW,ddos
1787352480.0057647,2,2,00:00:00:00:00:04,0,61617.74,3327358.03,4.727,0.0,101.3,Normal,ALLOW,ddos
1787352480.0126526,2,3,00:00:00:00:00:01,0,61616.74,3327304.16,4.919,0.0,101.3,Normal,ALLOW,ddos
1787352480.3811493,1,2,00:00:00:00:00:02,0,71338.08,3852256.42,8.378,0.0,98.2,Normal,ALLOW,ddos
1787352480.39153,1,1,00:00:00:00:00:01,0,71338.08,3852256.42,7.705,0.0,98.2,Normal,ALLOW,ddos
1787352480.4017832,1,3,00:00:00:00:00:04,0,67294.53,3633904.48,7.598,0.0,98.2,Normal,ALLOW,ddos
1787352480.4120345,1,1,00:00:00:00:00:01,0,67294.53,3633904.48,7.814,0.0,98.2,Normal,ALLOW,ddos
1787352481.0000513,2,1,00:00:00:00:00:03,0,67194.17,3628485.09,5.018,0.0,0.0,Normal,ALLOW,ddos
1787352481.0067825,2,2,00:00:00:00:00:04,0,65012.59,3510679.94,4.776,0.0,0.0,Normal,ALLOW,ddos
1787352481.0133402,2,3,00:00:00:00:00:01,0,65012.59,3510679.94,4.634,0.0,0.0,Normal,ALLOW,ddos
1787352481.47391,1,2,00:00:00:00:00:02,0,71340.34,3852378.63,4.83,0.0,99.2,Normal,ALLOW,ddos
1787352481.480387,1,1,00:00:00:00:00:01,0,71340.34,3852378.63,4.853,0.0,99.2,Normal,ALLOW,ddos
1787352481.4864664,1,3,00:00:00:00:00:04,0,65624.88,3543743.35,4.366,0.0,99.2,Normal,ALLOW,ddos
1787352481.4923997,1,1,00:00:00:00:00:01,0,65624.88,3543743.35,4.385,0.0,99.2,Normal,ALLOW,ddos
1787352482.001748,2,1,00:00:00:00:00:03,0,71622.48,3867613.67,4.452,0.0,0.0,Normal,ALLOW,ddos
1787352482.00801,2,2,00:00:00:00:00:04,0,66928.57,3614142.7,4.573,0.0,0.0,Normal,ALLOW,ddos
1787352482.014026,2,3,00:00:00:00:00:01,0,66929.57,3614196.56,4.371,0.0,0.0,Normal,ALLOW,ddos
1787352482.633779,1,2,00:00:00:00:00:02,0,66618.62,3597405.42,4.632,0.0,99.8,Normal,ALLOW,ddos
1787352482.6407223,1,1,00:00:00:00:00:01,0,66618.62,3597405.42,5.145,0.0,99.8,Normal,ALLOW,ddos
1787352482.6474226,1,3,00:00:00:00:00:04,0,63231.52,3414502.28,4.552,0.0,99.8,Normal,ALLOW,ddos
1787352482.6539288,1,1,00:00:00:00:00:01,0,63232.39,3414548.83,4.718,0.0,99.8,Normal,ALLOW,ddos
1787352483.0113273,2,1,00:00:00:00:00:03,0,68843.75,3717562.71,4.832,0.0,0.0,Normal,ALLOW,ddos
1787352483.0178592,2,2,00:00:00:00:00:04,0,64553.97,3485914.19,4.676,0.0,0.0,Normal,ALLOW,ddos
1787352483.0240269,2,3,00:00:00:00:00:01,0,64553.97,3485914.19,4.52,0.0,0.0,Normal,ALLOW,ddos
1787352483.7078533,1,2,00:00:00:00:00:02,0,71906.22,3882935.75,4.88,0.0,99.1,Normal,ALLOW,ddos
1787352483.7148461,1,1,00:00:00:00:00:01,0,71906.22,3882935.75,4.786,0.0,99.1,Normal,ALLOW,ddos
1787352483.7214599,1,3,00:00:00:00:00:04,0,68307.83,3688623.02,4.662,0.0,99.1,Normal,ALLOW,ddos
1787352483.7281487,1,1,00:00:00:00:00:01,0,68306.9,3688572.73,4.785,0.0,99.1,Normal,ALLOW,ddos
1787352484.005284,2,1,00:00:00:00:00:03,0,64290.0,3471660.0,4.716,0.0,0.0,Normal,ALLOW,ddos
1787352484.011542,2,2,00:00:00:00:00:04,0,63538.0,3431052.0,4.496,0.0,0.0,Normal,ALLOW,ddos
1787352484.0176036,2,3,00:00:00:00:00:01,0,63538.0,3431052.0,4.419,0.0,0.0,Normal,ALLOW,ddos
1787352484.7392719,1,2,00:00:00:00:00:02,0,75194.12,4060482.59,4.622,0.0,99.6,Normal,ALLOW,ddos
1787352484.7456834,1,1,00:00:00:00:00:01,0,75194.12,4060482.59,4.619,0.0,99.6,Normal,ALLOW,ddos
1787352484.7518008,1,3,00:00:00:00:00:04,0,71585.01,3865590.32,4.531,0.0,99.6,Normal,ALLOW,ddos
1787352484.758058,1,1,00:00:00:00:00:01,0,71585.01,3865590.32,4.631,0.0,99.6,Normal,ALLOW,ddos
1787352485.390595,2,2,00:00:00:00:00:04,0,48225.85,2604196.12,4.837,0.0,98.8,Normal,ALLOW,ddos
1787352485.3969696,2,3,00:00:00:00:00:01,0,48225.13,2604157.13,4.567,0.0,98.8,Normal,ALLOW,ddos
1787352486.6429625,1,2,00:00:00:00:00:02,0,40795.31,2202946.87,4.997,0.0,101.0,Normal,ALLOW,ddos
1787352486.6493971,1,1,00:00:00:00:00:01,0,40795.31,2202946.87,4.592,0.0,101.0,Normal,ALLOW,ddos
1787352486.6557188,1,3,00:00:00:00:00:04,0,38263.89,2066250.19,4.65,0.0,101.0,Normal,ALLOW,ddos
1787352486.6622217,1,1,00:00:00:00:00:01,0,38263.89,2066250.19,4.549,0.0,101.0,Normal,ALLOW,ddos
1787352487.5723035,2,2,00:00:00:00:00:04,0,30492.06,1646571.5,5.132,0.0,98.8,Normal,ALLOW,ddos
1787352487.5796523,2,3,00:00:00:00:00:01,0,30492.06,1646571.5,4.678,0.0,98.8,Normal,ALLOW,ddos
1787352487.5880282,2,2,00:00:00:00:00:04,0,64793.0,3498822.0,4.737,0.0,121.7,Normal,ALLOW,ddos
1787352487.5947022,2,3,00:00:00:00:00:01,0,64793.0,3498822.0,4.695,0.0,121.7,Normal,ALLOW,ddos
1787352487.6014156,2,1,00:00:00:00:00:03,0,67068.0,3621672.0,4.677,0.0,121.7,Normal,ALLOW,ddos
1787352488.0241706,2,2,00:00:00:00:00:04,0,62194.0,3358476.0,4.88,0.0,0.0,Normal,ALLOW,ddos
1787352488.030969,2,3,00:00:00:00:00:01,0,62195.0,3358530.0,4.758,0.0,0.0,Normal,ALLOW,ddos
1787352488.037664,2,1,00:00:00:00:00:03,0,69438.0,3749652.0,4.724,0.0,0.0,Normal,ALLOW,ddos
1787352488.2337515,1,2,00:00:00:00:00:02,0,49225.23,2658162.17,4.817,0.0,95.7,Normal,ALLOW,ddos
1787352488.2406676,1,1,00:00:00:00:00:01,0,49225.23,2658162.17,4.981,0.0,95.7,Normal,ALLOW,ddos
1787352488.2474754,1,3,00:00:00:00:00:04,0,44332.31,2393944.7,4.727,0.0,95.7,Normal,ALLOW,ddos
1787352488.2540154,1,1,00:00:00:00:00:01,0,44332.31,2393944.7,4.713,0.0,95.7,Normal,ALLOW,ddos
1787352489.0242343,2,2,00:00:00:00:00:04,0,59395.0,3207330.0,5.292,0.0,0.0,Normal,ALLOW,ddos
1787352489.030775,2,3,00:00:00:00:00:01,0,59395.0,3207330.0,4.584,0.0,0.0,Normal,ALLOW,ddos
1787352489.0368714,2,1,00:00:00:00:00:03,0,66998.0,3617892.0,4.496,0.0,0.0,Normal,ALLOW,ddos
1787352489.319679,1,2,00:00:00:00:00:02,0,74443.29,4019937.51,7.688,0.0,99.5,Normal,ALLOW,ddos
1787352489.330019,1,1,00:00:00:00:00:01,0,74442.36,4019887.6,7.818,0.0,99.5,Normal,ALLOW,ddos
1787352489.34086,1,3,00:00:00:00:00:04,0,67631.27,3652088.34,7.869,0.0,99.5,Normal,ALLOW,ddos
1787352489.3478906,1,1,00:00:00:00:00:01,0,67631.27,3652088.34,4.666,0.0,99.5,Normal,ALLOW,ddos
1787352490.0289357,2,2,00:00:00:00:00:04,0,60261.15,3254101.84,5.296,0.0,101.0,Normal,ALLOW,ddos
1787352490.0354366,2,3,00:00:00:00:00:01,0,60261.15,3254101.84,4.601,0.0,101.0,Normal,ALLOW,ddos
1787352490.0419655,2,1,00:00:00:00:00:03,0,63497.48,3428863.84,4.795,0.0,101.0,Normal,ALLOW,ddos
1787352490.4678552,1,2,00:00:00:00:00:02,0,68018.29,3672987.44,7.509,0.0,101.4,Normal,ALLOW,ddos
1787352490.4749224,1,1,00:00:00:00:00:01,0,68019.16,3673034.45,5.011,0.0,101.4,Normal,ALLOW,ddos
1787352490.4814146,1,3,00:00:00:00:00:04,0,61968.77,3346313.75,4.474,0.0,101.4,Normal,ALLOW,ddos
1787352490.4873683,1,1,00:00:00:00:00:01,0,61968.77,3346313.75,4.387,0.0,101.4,Normal,ALLOW,ddos
1787352491.0319917,2,2,00:00:00:00:00:04,0,65419.09,3532630.76,4.597,0.0,0.0,Normal,ALLOW,ddos
1787352491.0381384,2,3,00:00:00:00:00:01,0,65419.09,3532630.76,4.566,0.0,0.0,Normal,ALLOW,ddos
1787352491.0448728,2,1,00:00:00:00:00:03,0,63980.75,3454960.4,4.856,0.0,0.0,Normal,ALLOW,ddos
1787352491.6179857,1,2,00:00:00:00:00:02,0,68206.73,3683163.53,4.521,0.0,99.1,Normal,ALLOW,ddos
1787352491.6259046,1,1,00:00:00:00:00:01,0,68206.73,3683163.53,6.244,0.0,99.1,Normal,ALLOW,ddos
1787352491.6322865,1,3,00:00:00:00:00:04,0,63964.4,3454077.53,4.429,0.0,99.1,Normal,ALLOW,ddos
1787352491.6390266,1,1,00:00:00:00:00:01,0,63964.4,3454077.53,4.979,0.0,99.1,Normal,ALLOW,ddos
1787352492.0308087,2,2,00:00:00:00:00:04,0,64727.0,3495258.0,4.816,0.0,102.0,Normal,ALLOW,ddos
1787352492.0368085,2,3,00:00:00:00:00:01,0,64727.0,3495258.0,4.437,0.0,102.0,Normal,ALLOW,ddos
1787352492.0451798,2,1,00:00:00:00:00:03,0,66575.0,3595050.0,6.715,0.0,102.0,Normal,ALLOW,ddos
1787352492.8123016,1,2,00:00:00:00:00:02,0,67664.5,3653882.8,5.095,0.0,100.2,Normal,ALLOW,ddos
1787352492.8212698,1,1,00:00:00:00:00:01,0,67664.5,3653882.8,7.082,0.0,100.2,Normal,ALLOW,ddos
1787352492.8305888,1,3,00:00:00:00:00:04,0,61901.23,3342666.67,6.778,0.0,100.2,Normal,ALLOW,ddos
1787352492.836844,1,1,00:00:00:00:00:01,0,61901.23,3342666.67,4.501,0.0,100.2,Normal,ALLOW,ddos
1787352493.0289958,2,2,00:00:00:00:00:04,0,65382.0,3530628.0,4.623,0.0,101.2,Normal,ALLOW,ddos
1787352493.035053,2,3,00:00:00:00:00:01,0,65382.0,3530628.0,4.43,0.0,101.2,Normal,ALLOW,ddos
1787352493.0414329,2,1,00:00:00:00:00:03,0,69839.0,3771306.0,4.81,0.0,101.2,Normal,ALLOW,ddos
1787352493.8727438,1,2,00:00:00:00:00:02,0,72189.66,3898241.49,4.943,0.0,100.8,Normal,ALLOW,ddos
1787352493.879361,1,1,00:00:00:00:00:01,0,72189.66,3898241.49,4.559,0.0,100.8,Normal,ALLOW,ddos
1787352493.8856232,1,3,00:00:00:00:00:04,0,66444.57,3588006.63,4.496,0.0,100.8,Normal,ALLOW,ddos
1787352493.8921611,1,1,00:00:00:00:00:01,0,66444.57,3588006.63,4.93,0.0,100.8,Normal,ALLOW,ddos
1787352494.0301168,2,2,00:00:00:00:00:04,0,66488.65,3590387.15,4.703,0.0,95.4,Normal,ALLOW,ddos
1787352494.0363019,2,3,00:00:00:00:00:01,0,66487.65,3590333.2,4.557,0.0,95.4,Normal,ALLOW,ddos
1787352494.0428505,2,1,00:00:00:00:00:03,0,65377.66,3530393.6,4.79,0.0,95.4,Normal,ALLOW,ddos
1787352494.9731197,1,2,00:00:00:00:00:02,0,70425.76,3802990.81,8.028,0.0,100.2,Normal,ALLOW,ddos
1787352494.983305,1,1,00:00:00:00:00:01,0,70425.76,3802990.81,7.422,0.0,100.2,Normal,ALLOW,ddos
1787352494.989914,1,3,00:00:00:00:00:04,0,67394.31,3639292.59,4.499,0.0,100.2,Normal,ALLOW,ddos
1787352494.9964683,1,1,00:00:00:00:00:01,0,67394.31,3639292.59,4.567,0.0,100.2,Normal,ALLOW,ddos
1787352495.0484028,2,2,00:00:00:00:00:04,0,64870.1,3502985.59,5.654,0.0,103.2,Normal,ALLOW,ddos
1787352495.0550075,2,3,00:00:00:00:00:01,0,64871.09,3503038.72,4.616,0.0,103.2,Normal,ALLOW,ddos
1787352495.0617785,2,1,00:00:00:00:00:03,0,67589.59,3649837.69,4.664,0.0,103.2,Normal,ALLOW,ddos
1787352496.043263,2,2,00:00:00:00:00:04,0,67508.0,3645432.0,4.915,0.0,0.0,Normal,ALLOW,ddos
1787352496.0497005,2,3,00:00:00:00:00:01,0,67508.0,3645432.0,4.564,0.0,0.0,Normal,ALLOW,ddos
1787352496.0561547,2,1,00:00:00:00:00:03,0,69196.0,3736584.0,4.582,0.0,0.0,Normal,ALLOW,ddos
1787352496.1015968,1,2,00:00:00:00:00:02,0,67339.93,3636355.97,4.592,0.0,103.1,Normal,ALLOW,ddos
1787352496.1084151,1,1,00:00:00:00:00:01,0,67339.93,3636355.97,4.959,0.0,103.1,Normal,ALLOW,ddos
1787352496.1149132,1,3,00:00:00:00:00:04,0,64964.81,3508099.78,4.601,0.0,103.1,Normal,ALLOW,ddos
1787352496.121226,1,1,00:00:00:00:00:01,0,64964.81,3508099.78,4.582,0.0,103.1,Normal,ALLOW,ddos
1787352497.048116,2,2,00:00:00:00:00:04,0,61902.38,3342728.78,4.73,0.0,0.0,Normal,ALLOW,ddos
1787352497.0545313,2,3,00:00:00:00:00:01,0,61901.39,3342675.05,4.578,0.0,0.0,Normal,ALLOW,ddos
1787352497.0610898,2,1,00:00:00:00:00:03,0,69605.11,3758675.79,4.756,0.0,0.0,Normal,ALLOW,ddos
1787352497.2160625,1,2,00:00:00:00:00:02,0,69649.76,3761087.07,4.661,0.0,102.4,Normal,ALLOW,ddos
1787352497.2225475,1,1,00:00:00:00:00:01,0,69649.76,3761087.07,4.842,0.0,102.4,Normal,ALLOW,ddos
1787352497.2298782,1,3,00:00:00:00:00:04,0,65407.24,3531990.99,4.841,0.0,102.4,Normal,ALLOW,ddos
1787352497.235977,1,1,00:00:00:00:00:01,0,65407.24,3531990.99,4.443,0.0,102.4,Normal,ALLOW,ddos
1787352498.0594442,2,2,00:00:00:00:00:04,0,62874.85,3395241.85,4.875,0.0,717.9,Normal,ALLOW,ddos
1787352498.0658836,2,3,00:00:00:00:00:01,0,62875.84,3395295.25,4.55,0.0,717.9,Normal,ALLOW,ddos
1787352498.0719378,2,1,00:00:00:00:00:03,0,67397.69,3639475.43,4.488,0.0,717.9,Normal,ALLOW,ddos
1787352498.320817,1,2,00:00:00:00:00:02,0,70559.2,3810196.85,4.543,0.0,95.7,Normal,ALLOW,ddos
1787352498.3274434,1,1,00:00:00:00:00:01,0,70559.2,3810196.85,4.802,0.0,95.7,Normal,ALLOW,ddos
1787352498.3336954,1,3,00:00:00:00:00:04,0,65787.84,3552543.39,4.501,0.0,95.7,Normal,ALLOW,ddos
1787352498.3401647,1,1,00:00:00:00:00:01,0,65787.84,3552543.39,4.844,0.0,95.7,Normal,ALLOW,ddos
1787352499.0508618,2,2,00:00:00:00:00:04,0,63899.0,3450546.0,4.571,0.0,0.0,Normal,ALLOW,ddos
1787352499.057252,2,3,00:00:00:00:00:01,0,63899.0,3450546.0,4.813,0.0,0.0,Normal,ALLOW,ddos
1787352499.0638413,2,1,00:00:00:00:00:03,0,67704.0,3656016.0,4.585,0.0,0.0,Normal,ALLOW,ddos
1787352499.4227693,1,2,00:00:00:00:00:02,0,71219.09,3845830.96,7.863,0.0,100.9,Normal,ALLOW,ddos
1787352499.4307158,1,1,00:00:00:00:00:01,0,71219.09,3845830.96,5.303,0.0,100.9,Normal,ALLOW,ddos
1787352499.4375062,1,3,00:00:00:00:00:04,0,65274.45,3524820.11,5.068,0.0,100.9,Normal,ALLOW,ddos
1787352499.443954,1,1,00:00:00:00:00:01,0,64917.2,3505528.95,4.735,0.0,100.9,Normal,ALLOW,ddos
1787352500.055951,2,2,00:00:00:00:00:04,0,62246.17,3361293.02,5.107,0.0,0.0,Normal,ALLOW,ddos
1787352500.0625608,2,3,00:00:00:00:00:01,0,62246.17,3361293.02,4.59,0.0,0.0,Normal,ALLOW,ddos
1787352500.0686362,2,1,00:00:00:00:00:03,0,64107.71,3461816.26,4.431,0.0,0.0,Normal,ALLOW,ddos
1787352500.5302145,1,2,00:00:00:00:00:02,0,70728.2,3819322.75,5.316,0.0,99.3,Normal,ALLOW,ddos
1787352500.5368433,1,1,00:00:00:00:00:01,0,70728.2,3819322.75,4.673,0.0,99.3,Normal,ALLOW,ddos
1787352500.5437298,1,3,00:00:00:00:00:04,0,66733.09,3603586.84,4.733,0.0,99.3,Normal,ALLOW,ddos
1787352500.550865,1,1,00:00:00:00:00:01,0,66733.09,3603586.84,5.071,0.0,99.3,Normal,ALLOW,ddos
1787352501.054787,2,2,00:00:00:00:00:04,0,63267.0,3416418.0,4.648,0.0,100.8,Normal,ALLOW,ddos
1787352501.063054,2,3,00:00:00:00:00:01,0,63267.0,3416418.0,5.821,0.0,100.8,Normal,ALLOW,ddos
1787352501.0692832,2,1,00:00:00:00:00:03,0,68059.0,3675186.0,4.475,0.0,100.8,Normal,ALLOW,ddos
1787352501.6513867,1,2,00:00:00:00:00:02,0,70705.19,3818080.38,7.844,0.0,100.0,Normal,ALLOW,ddos
1787352501.6587822,1,1,00:00:00:00:00:01,0,70705.19,3818080.38,5.174,0.0,100.0,Normal,ALLOW,ddos
1787352501.6650827,1,3,00:00:00:00:00:04,0,63823.97,3446494.34,4.491,0.0,100.0,Normal,ALLOW,ddos
1787352501.6715887,1,1,00:00:00:00:00:01,0,63823.07,3446446.03,4.407,0.0,100.0,Normal,ALLOW,ddos
1787352502.0557866,2,2,00:00:00:00:00:04,0,63395.55,3423359.85,5.223,0.0,100.5,Normal,ALLOW,ddos
1787352502.0625608,2,3,00:00:00:00:00:01,0,63395.55,3423359.85,4.546,0.0,100.5,Normal,ALLOW,ddos
1787352502.069189,2,1,00:00:00:00:00:03,0,70276.88,3794951.31,4.563,0.0,100.5,Normal,ALLOW,ddos
1787352502.7152119,1,2,00:00:00:00:00:02,0,71196.65,3844619.03,4.658,0.0,100.3,Normal,ALLOW,ddos
1787352502.7218218,1,1,00:00:00:00:00:01,0,71196.65,3844619.03,4.936,0.0,100.3,Normal,ALLOW,ddos
1787352502.728576,1,3,00:00:00:00:00:04,0,68287.66,3687533.81,4.721,0.0,100.3,Normal,ALLOW,ddos
1787352502.735193,1,1,00:00:00:00:00:01,0,68288.6,3687584.37,4.582,0.0,100.3,Normal,ALLOW,ddos
1787352503.0607977,2,2,00:00:00:00:00:04,0,63112.94,3408098.72,4.906,0.0,98.4,Normal,ALLOW,ddos
1787352503.0669553,2,3,00:00:00:00:00:01,0,63112.94,3408098.72,4.36,0.0,98.4,Normal,ALLOW,ddos
1787352503.073348,2,1,00:00:00:00:00:03,0,68490.05,3698462.8,4.727,0.0,98.4,Normal,ALLOW,ddos
1787352503.799034,1,1,00:00:00:00:00:01,0,5640.26,304574.23,4.635,0.0,100.3,Normal,ALLOW,ddos
1787352503.805291,1,3,00:00:00:00:00:04,0,62622.33,3381605.98,4.602,0.0,100.3,Normal,ALLOW,ddos
1787352503.8124232,1,1,00:00:00:00:00:01,0,62622.33,3381605.98,4.947,0.0,100.3,Normal,ALLOW,ddos
1787352504.0619817,2,2,00:00:00:00:00:04,0,64366.63,3475797.89,4.669,0.0,0.0,Normal,ALLOW,ddos
1787352504.0708144,2,3,00:00:00:00:00:01,0,64366.63,3475797.89,6.602,0.0,0.0,Normal,ALLOW,ddos
1787352504.0773575,2,1,00:00:00:00:00:03,0,67285.67,3633426.05,4.723,0.0,0.0,Normal,ALLOW,ddos
1787352504.8084297,1,3,00:00:00:00:00:04,0,70604.63,3812649.87,5.096,0.0,97.9,Normal,ALLOW,ddos
1787352504.8145695,1,1,00:00:00:00:00:01,0,70605.62,3812703.39,4.391,0.0,97.9,Normal,ALLOW,ddos
1787352505.0665417,2,2,00:00:00:00:00:04,0,65347.6,3528770.16,7.67,0.0,543.6,Normal,ALLOW,ddos
1787352505.07651,2,3,00:00:00:00:00:01,0,65347.6,3528770.16,7.69,0.0,543.6,Normal,ALLOW,ddos
1787352505.0867608,2,1,00:00:00:00:00:03,0,68189.45,3682230.14,7.66,0.0,543.6,Normal,ALLOW,ddos
1787352505.8281364,1,3,00:00:00:00:00:04,0,65506.78,3537366.26,6.028,0.0,98.2,Normal,ALLOW,ddos
1787352505.8389444,1,1,00:00:00:00:00:01,0,65506.78,3537366.26,8.036,0.0,98.2,Normal,ALLOW,ddos
1787352506.0717933,2,2,00:00:00:00:00:04,0,64570.31,3486796.61,7.635,0.0,99.5,Normal,ALLOW,ddos
1787352506.0816898,2,3,00:00:00:00:00:01,0,64570.31,3486796.61,7.635,0.0,99.5,Normal,ALLOW,ddos
1787352506.0919824,2,1,00:00:00:00:00:03,0,67615.98,3651263.08,7.726,0.0,99.5,Normal,ALLOW,ddos
1787352507.6985545,1,3,00:00:00:00:00:04,0,37083.47,2002507.62,4.76,0.0,100.5,Normal,ALLOW,ddos
1787352507.7048316,1,1,00:00:00:00:00:01,0,37082.94,2002478.77,4.656,0.0,100.5,Normal,ALLOW,ddos
1787352509.100412,2,3,00:00:00:00:00:01,0,20885.1,1127795.33,4.947,0.0,82.5,Normal,ALLOW,ddos
1787352509.1069214,2,1,00:00:00:00:00:03,0,22112.53,1194076.52,4.852,0.0,82.5,Normal,ALLOW,ddos
1787352509.1150475,2,3,00:00:00:00:00:01,0,68109.0,3677886.0,4.561,0.0,132.1,Normal,ALLOW,ddos
1787352509.1211278,2,1,00:00:00:00:00:03,0,69406.0,3747924.0,4.527,0.0,132.1,Normal,ALLOW,ddos
1787352509.127866,2,2,00:00:00:00:00:04,0,66227.0,3576258.0,4.814,0.0,132.1,Normal,ALLOW,ddos
1787352509.1356835,2,3,00:00:00:00:00:01,0,64090.0,3460860.0,4.493,0.0,95.5,Normal,ALLOW,ddos
1787352509.1422014,2,1,00:00:00:00:00:03,0,68409.0,3694086.0,4.875,0.0,95.5,Normal,ALLOW,ddos
1787352509.1487887,2,2,00:00:00:00:00:04,0,62194.0,3358476.0,4.621,0.0,95.5,Normal,ALLOW,ddos
1787352509.4870462,1,3,00:00:00:00:00:04,0,35614.15,1923163.87,4.628,0.0,97.0,Normal,ALLOW,ddos
1787352509.49372,1,1,00:00:00:00:00:01,0,35614.15,1923163.87,4.982,0.0,97.0,Normal,ALLOW,ddos
1787352510.0823574,2,3,00:00:00:00:00:01,0,62146.0,3355884.0,7.605,0.0,0.0,Normal,ALLOW,ddos
1787352510.0927536,2,1,00:00:00:00:00:03,0,68200.0,3682800.0,7.687,0.0,0.0,Normal,ALLOW,ddos
1787352510.1024263,2,2,00:00:00:00:00:04,0,62026.0,3349404.0,7.063,0.0,0.0,Normal,ALLOW,ddos
1787352510.4370613,1,3,00:00:00:00:00:04,0,66006.0,3564324.0,4.98,0.0,100.8,Normal,ALLOW,ddos
1787352510.4468958,1,1,00:00:00:00:00:01,0,66006.0,3564324.0,8.117,0.0,100.8,Normal,ALLOW,ddos
1787352511.0914576,2,3,00:00:00:00:00:01,0,61157.61,3302511.13,5.275,0.0,99.4,Normal,ALLOW,ddos
1787352511.0986595,2,1,00:00:00:00:00:03,0,66918.58,3613603.32,4.636,0.0,99.4,Normal,ALLOW,ddos
1787352511.1048331,2,2,00:00:00:00:00:04,0,61157.61,3302511.13,4.561,0.0,99.4,Normal,ALLOW,ddos
1787352511.5056348,1,3,00:00:00:00:00:04,0,61532.59,3322760.04,4.629,0.0,101.8,Normal,ALLOW,ddos
1787352511.512215,1,1,00:00:00:00:00:01,0,61532.59,3322760.04,4.705,0.0,101.8,Normal,ALLOW,ddos
1787352512.0796168,2,3,00:00:00:00:00:01,0,63263.0,3416202.0,4.824,0.0,0.0,Normal,ALLOW,ddos
1787352512.0858648,2,1,00:00:00:00:00:03,0,67457.0,3642678.0,4.54,0.0,0.0,Normal,ALLOW,ddos
1787352512.0923827,2,2,00:00:00:00:00:04,0,63263.0,3416202.0,4.888,0.0,0.0,Normal,ALLOW,ddos
1787352512.635591,1,3,00:00:00:00:00:04,0,60496.6,3266816.28,8.036,0.0,99.8,Normal,ALLOW,ddos
1787352512.6464584,1,1,00:00:00:00:00:01,0,60496.6,3266816.28,8.411,0.0,99.8,Normal,ALLOW,ddos
1787352513.0817604,2,3,00:00:00:00:00:01,0,67183.68,3627918.51,4.375,0.0,0.0,Normal,ALLOW,ddos
1787352513.0876932,2,1,00:00:00:00:00:03,0,66606.31,3596740.83,4.308,0.0,0.0,Normal,ALLOW,ddos
1787352513.0944014,2,2,00:00:00:00:00:04,0,67183.68,3627918.51,4.906,0.0,0.0,Normal,ALLOW,ddos
1787352513.727408,1,3,00:00:00:00:00:04,0,62730.88,3387467.6,4.934,0.0,99.3,Normal,ALLOW,ddos
1787352513.7341294,1,1,00:00:00:00:00:01,0,62731.79,3387516.86,4.748,0.0,99.3,Normal,ALLOW,ddos
1787352514.0854113,2,3,00:00:00:00:00:01,0,63095.4,3407151.75,4.714,0.0,0.0,Normal,ALLOW,ddos
1787352514.091957,2,1,00:00:00:00:00:03,0,68409.41,3694108.32,4.938,0.0,0.0,Normal,ALLOW,ddos
1787352514.0984535,2,2,00:00:00:00:00:04,0,63095.4,3407151.75,4.581,0.0,0.0,Normal,ALLOW,ddos
1787352514.797384,1,3,00:00:00:00:00:04,0,63145.67,3409866.08,5.206,0.0,98.5,Normal,ALLOW,ddos
1787352514.8037071,1,1,00:00:00:00:00:01,0,63144.73,3409815.59,4.688,0.0,98.5,Normal,ALLOW,ddos
1787352515.0856369,2,3,00:00:00:00:00:01,0,64794.83,3498920.63,4.615,0.0,0.0,Normal,ALLOW,ddos
1787352515.0922568,2,1,00:00:00:00:00:03,0,68946.09,3723088.62,4.981,0.0,0.0,Normal,ALLOW,ddos
1787352515.0987844,2,2,00:00:00:00:00:04,0,64794.83,3498920.63,4.46,0.0,0.0,Normal,ALLOW,ddos
1787352515.7603366,1,3,00:00:00:00:00:04,0,64715.0,3494610.0,4.782,0.0,99.4,Normal,ALLOW,ddos
1787352515.7668855,1,1,00:00:00:00:00:01,0,64715.0,3494610.0,4.621,0.0,99.4,Normal,ALLOW,ddos
1787352516.0851705,2,3,00:00:00:00:00:01,0,65569.0,3540726.0,4.56,0.0,101.4,Normal,ALLOW,ddos
1787352516.0915103,2,1,00:00:00:00:00:03,0,70589.0,3811806.0,4.683,0.0,101.4,Normal,ALLOW,ddos
1787352516.0978544,2,2,00:00:00:00:00:04,0,65570.0,3540780.0,4.441,0.0,101.4,Normal,ALLOW,ddos
1787352516.7725198,1,3,00:00:00:00:00:04,0,65343.16,3528530.67,4.66,0.0,100.5,Normal,ALLOW,ddos
1787352516.77935,1,1,00:00:00:00:00:01,0,65344.15,3528584.01,4.631,0.0,100.5,Normal,ALLOW,ddos
1787352517.0890634,2,3,00:00:00:00:00:01,0,64548.87,3485638.88,4.906,0.0,101.1,Normal,ALLOW,ddos
1787352517.0960684,2,1,00:00:00:00:00:03,0,69992.72,3779607.12,5.003,0.0,101.1,Normal,ALLOW,ddos
1787352517.102619,2,2,00:00:00:00:00:04,0,64548.87,3485638.88,4.779,0.0,101.1,Normal,ALLOW,ddos
1787352517.8033013,1,3,00:00:00:00:00:04,0,64799.87,3499192.8,4.752,0.0,98.2,Normal,ALLOW,ddos
1787352517.8100388,1,1,00:00:00:00:00:01,0,64798.9,3499140.41,4.949,0.0,98.2,Normal,ALLOW,ddos
1787352518.0930812,2,3,00:00:00:00:00:01,0,64017.94,3456968.94,4.899,0.0,0.0,Normal,ALLOW,ddos
1787352518.0996938,2,1,00:00:00:00:00:03,0,67244.82,3631220.21,4.582,0.0,0.0,Normal,ALLOW,ddos
1787352518.1062114,2,2,00:00:00:00:00:04,0,64016.95,3456915.19,4.822,0.0,0.0,Normal,ALLOW,ddos
1787352518.8586483,1,3,00:00:00:00:00:04,0,63384.1,3422741.24,5.056,0.0,99.4,Normal,ALLOW,ddos
1787352518.8653607,1,1,00:00:00:00:00:01,0,63384.1,3422741.24,4.629,0.0,99.4,Normal,ALLOW,ddos
1787352519.0945935,2,3,00:00:00:00:00:01,0,64377.0,3476358.0,6.354,0.0,102.7,Normal,ALLOW,ddos
1787352519.1009824,2,1,00:00:00:00:00:03,0,69362.0,3745548.0,4.52,0.0,102.7,Normal,ALLOW,ddos
1787352519.1085534,2,2,00:00:00:00:00:04,0,64377.0,3476358.0,5.843,0.0,102.7,Normal,ALLOW,ddos
1787352519.9240787,1,3,00:00:00:00:00:04,0,63270.67,3416616.06,5.318,0.0,99.2,Normal,ALLOW,ddos
1787352519.9338627,1,1,00:00:00:00:00:01,0,63271.61,3416666.78,7.126,0.0,99.2,Normal,ALLOW,ddos
1787352520.112733,2,3,00:00:00:00:00:01,0,63527.91,3430507.38,5.623,0.0,101.2,Normal,ALLOW,ddos
1787352520.1191344,2,1,00:00:00:00:00:03,0,68187.69,3682135.53,4.616,0.0,101.2,Normal,ALLOW,ddos
1787352520.1254249,2,2,00:00:00:00:00:04,0,63528.9,3430560.39,4.667,0.0,101.2,Normal,ALLOW,ddos
1787352521.056023,1,3,00:00:00:00:00:04,0,60272.5,3254714.75,4.94,0.0,100.8,Normal,ALLOW,ddos
1787352521.0625849,1,1,00:00:00:00:00:01,0,60271.61,3254667.09,4.574,0.0,100.8,Normal,ALLOW,ddos
1787352521.107707,2,3,00:00:00:00:00:01,0,65869.0,3556926.0,4.842,0.0,96.6,Normal,ALLOW,ddos
1787352521.1141455,2,1,00:00:00:00:00:03,0,69601.0,3758454.0,4.555,0.0,96.6,Normal,ALLOW,ddos
1787352521.1202865,2,2,00:00:00:00:00:04,0,65868.0,3556872.0,4.541,0.0,96.6,Normal,ALLOW,ddos
1787352522.093663,1,3,00:00:00:00:00:04,0,63768.03,3443473.72,5.146,0.0,99.5,Normal,ALLOW,ddos
1787352522.1035833,1,1,00:00:00:00:00:01,0,63768.03,3443473.72,7.604,0.0,99.5,Normal,ALLOW,ddos
1787352522.1313577,2,3,00:00:00:00:00:01,0,59975.26,3238664.17,4.509,0.0,104.0,Normal,ALLOW,ddos
1787352522.1372173,2,1,00:00:00:00:00:03,0,66684.11,3600941.82,4.367,0.0,104.0,Normal,ALLOW,ddos
1787352522.1441433,2,2,00:00:00:00:00:04,0,59975.26,3238664.17,5.113,0.0,104.0,Normal,ALLOW,ddos
1787352523.1131504,2,3,00:00:00:00:00:01,0,64805.0,3499470.0,7.917,0.0,100.3,Normal,ALLOW,ddos
1787352523.123484,2,1,00:00:00:00:00:03,0,66079.0,3568266.0,7.671,0.0,100.3,Normal,ALLOW,ddos
1787352523.1313446,2,2,00:00:00:00:00:04,0,64805.0,3499470.0,5.226,0.0,100.3,Normal,ALLOW,ddos
1787352523.1475697,1,3,00:00:00:00:00:04,0,63909.72,3451124.9,5.102,0.0,127.5,Normal,ALLOW,ddos
1787352523.1538243,1,1,00:00:00:00:00:01,0,63910.67,3451176.12,4.609,0.0,127.5,Normal,ALLOW,ddos
1787352524.020903,1,3,00:00:00:00:00:04,0,64240.0,3468960.0,4.55,0.0,99.5,Normal,ALLOW,ddos
1787352524.0273097,1,1,00:00:00:00:00:01,0,64239.0,3468906.0,4.717,0.0,99.5,Normal,ALLOW,ddos
1787352524.1260436,2,3,00:00:00:00:00:01,0,64866.59,3502795.76,7.627,0.0,109.0,Normal,ALLOW,ddos
1787352524.1330838,2,1,00:00:00:00:00:03,0,69098.37,3731312.02,4.52,0.0,109.0,Normal,ALLOW,ddos
1787352524.1403177,2,2,00:00:00:00:00:04,0,64866.59,3502795.76,5.438,0.0,109.0,Normal,ALLOW,ddos
1787352525.057038,1,3,00:00:00:00:00:04,0,61426.87,3317051.21,4.687,0.0,100.1,Normal,ALLOW,ddos
1787352525.0641334,1,1,00:00:00:00:00:01,0,61426.87,3317051.21,4.765,0.0,100.1,Normal,ALLOW,ddos
1787352525.1134753,2,3,00:00:00:00:00:01,0,65930.0,3560220.0,4.913,0.0,0.0,Normal,ALLOW,ddos
1787352525.1198628,2,1,00:00:00:00:00:03,0,70050.0,3782700.0,4.767,0.0,0.0,Normal,ALLOW,ddos
1787352525.126321,2,2,00:00:00:00:00:04,0,65930.0,3560220.0,4.849,0.0,0.0,Normal,ALLOW,ddos
1787352525.8333638,1,3,00:00:00:00:00:04,0,65431.0,3533274.0,4.903,0.0,100.1,Normal,ALLOW,ddos
1787352525.8403711,1,1,00:00:00:00:00:01,0,65432.0,3533328.0,5.239,0.0,100.1,Normal,ALLOW,ddos
1787352526.115412,2,3,00:00:00:00:00:01,0,64687.06,3493101.29,4.594,0.0,0.0,Normal,ALLOW,ddos
1787352526.121418,2,1,00:00:00:00:00:03,0,69195.29,3736545.5,4.494,0.0,0.0,Normal,ALLOW,ddos
1787352526.1314604,2,2,00:00:00:00:00:04,0,64686.06,3493047.43,7.668,0.0,0.0,Normal,ALLOW,ddos
1787352527.2859657,1,3,00:00:00:00:00:04,0,41996.05,2267786.67,4.648,0.0,102.1,Normal,ALLOW,ddos
1787352527.2926388,1,1,00:00:00:00:00:01,0,41995.36,2267749.51,4.989,0.0,102.1,Normal,ALLOW,ddos
1787352527.4747665,2,3,00:00:00:00:00:01,0,50311.96,2716845.66,7.444,0.0,97.4,Normal,ALLOW,ddos
1787352527.4812098,2,1,00:00:00:00:00:03,0,52196.96,2818635.7,4.545,0.0,97.4,Normal,ALLOW,ddos
1787352527.487242,2,2,00:00:00:00:00:04,0,50312.69,2716885.51,4.479,0.0,97.4,Normal,ALLOW,ddos
1787352528.126553,2,3,00:00:00:00:00:01,0,68539.0,3701106.0,4.586,0.0,745.1,Normal,ALLOW,ddos
1787352528.1328642,2,1,00:00:00:00:00:03,0,68860.0,3718440.0,4.446,0.0,745.1,Normal,ALLOW,ddos
1787352528.1388664,2,2,00:00:00:00:00:04,0,68539.0,3701106.0,4.411,0.0,745.1,Normal,ALLOW,ddos
1787352528.145319,2,3,00:00:00:00:00:01,0,70003.0,3780162.0,4.637,0.0,745.1,Normal,ALLOW,ddos
1787352528.3965023,1,3,00:00:00:00:00:04,0,56488.01,3050352.31,4.577,0.0,100.3,Normal,ALLOW,ddos
1787352528.4026737,1,1,00:00:00:00:00:01,0,56488.91,3050400.94,4.562,0.0,100.3,Normal,ALLOW,ddos
1787352528.409265,1,3,00:00:00:00:00:03,0,63276.22,3416915.96,4.952,0.0,100.3,Normal,ALLOW,ddos
1787352529.138069,2,3,00:00:00:00:00:01,0,68172.24,3681300.81,5.123,0.0,0.0,Normal,ALLOW,ddos
1787352529.1474378,2,1,00:00:00:00:00:03,0,69276.21,3740915.5,7.147,0.0,0.0,Normal,ALLOW,ddos
1787352529.1549695,2,2,00:00:00:00:00:04,0,68172.24,3681300.81,5.052,0.0,0.0,Normal,ALLOW,ddos
1787352529.1651142,2,3,00:00:00:00:00:01,0,70573.26,3810956.08,7.768,0.0,0.0,Normal,ALLOW,ddos
1787352529.4078526,1,3,00:00:00:00:00:04,0,65728.45,3549336.24,4.579,0.0,99.7,Normal,ALLOW,ddos
1787352529.414202,1,1,00:00:00:00:00:01,0,65727.46,3549282.86,4.428,0.0,99.7,Normal,ALLOW,ddos
1787352529.4206362,1,3,00:00:00:00:00:03,0,65598.96,3542343.58,4.631,0.0,99.7,Normal,ALLOW,ddos
1787352530.1312635,2,3,00:00:00:00:00:01,0,67668.0,3654072.0,4.754,0.0,703.7,Normal,ALLOW,ddos
1787352530.1375751,2,1,00:00:00:00:00:03,0,70255.0,3793770.0,4.624,0.0,703.7,Normal,ALLOW,ddos
1787352530.1442986,2,2,00:00:00:00:00:04,0,67668.0,3654072.0,4.853,0.0,703.7,Normal,ALLOW,ddos
1787352530.1504793,2,3,00:00:00:00:00:01,0,71508.0,3861432.0,4.452,0.0,703.7,Normal,ALLOW,ddos
1787352530.330723,1,3,00:00:00:00:00:04,0,61767.0,3335418.0,5.143,0.0,95.7,Normal,ALLOW,ddos
1787352530.3368394,1,1,00:00:00:00:00:01,0,61767.0,3335418.0,4.511,0.0,95.7,Normal,ALLOW,ddos
1787352530.3434665,1,3,00:00:00:00:00:03,0,66910.0,3613140.0,4.881,0.0,95.7,Normal,ALLOW,ddos
1787352531.133313,2,3,00:00:00:00:00:01,0,68047.0,3674538.0,7.315,0.0,0.0,Normal,ALLOW,ddos
1787352531.1422358,2,1,00:00:00:00:00:03,0,70698.0,3817692.0,6.648,0.0,0.0,Normal,ALLOW,ddos
1787352531.1489918,2,2,00:00:00:00:00:04,0,68047.0,3674538.0,4.38,0.0,0.0,Normal,ALLOW,ddos
1787352531.1547997,2,3,00:00:00:00:00:01,0,71918.0,3883572.0,4.286,0.0,0.0,Normal,ALLOW,ddos
1787352531.1757739,1,3,00:00:00:00:00:04,0,65055.0,3512970.0,5.102,0.0,111.3,Normal,ALLOW,ddos
1787352531.181911,1,1,00:00:00:00:00:01,0,65055.0,3512970.0,4.223,0.0,111.3,Normal,ALLOW,ddos
1787352531.1887496,1,3,00:00:00:00:00:03,0,67238.0,3630852.0,4.958,0.0,111.3,Normal,ALLOW,ddos
1787352532.130099,2,3,00:00:00:00:00:01,0,44699.0,2413746.0,4.896,0.0,0.0,Normal,ALLOW,ddos
1787352532.13629,2,1,00:00:00:00:00:03,0,69952.0,3777408.0,4.522,0.0,0.0,Normal,ALLOW,ddos
1787352532.1438117,2,2,00:00:00:00:00:04,0,80085.0,4324590.0,5.763,0.0,0.0,Normal,ALLOW,ddos
1787352532.1537805,2,3,00:00:00:00:00:01,0,71253.0,3847662.0,7.418,0.0,0.0,Normal,ALLOW,ddos
1787352532.1999009,1,3,00:00:00:00:00:04,0,65491.74,3536554.16,4.603,0.0,100.2,Normal,ALLOW,ddos
1787352532.2064629,1,1,00:00:00:00:00:01,0,65492.72,3536606.87,4.386,0.0,100.2,Normal,ALLOW,ddos
1787352532.212958,1,3,00:00:00:00:00:03,0,70084.88,3784583.61,4.391,0.0,100.2,Normal,ALLOW,ddos
1787352533.1387746,2,1,00:00:00:00:00:03,0,67155.5,3626396.77,4.973,0.0,100.2,Normal,ALLOW,ddos
1787352533.1481907,2,2,00:00:00:00:00:04,0,116168.52,6273100.29,7.329,0.0,100.2,Normal,ALLOW,ddos
1787352533.1574411,2,3,00:00:00:00:00:01,0,68551.99,3701807.22,6.834,0.0,100.2,Normal,ALLOW,ddos
1787352533.2375472,1,3,00:00:00:00:00:04,0,62762.04,3389150.01,4.531,0.0,82.8,Normal,ALLOW,ddos
1787352533.2441213,1,1,00:00:00:00:00:01,0,62762.04,3389150.01,4.577,0.0,82.8,Normal,ALLOW,ddos
1787352533.2503514,1,3,00:00:00:00:00:03,0,66931.78,3614316.25,4.424,0.0,82.8,Normal,ALLOW,ddos
1787352534.1356635,2,1,00:00:00:00:00:03,0,62119.0,3354426.0,4.676,0.0,100.3,Normal,ALLOW,ddos
1787352534.1424267,2,2,00:00:00:00:00:04,0,115858.0,6256332.0,5.117,0.0,100.3,Normal,ALLOW,ddos
1787352534.1490517,2,3,00:00:00:00:00:01,0,63392.0,3423168.0,4.649,0.0,100.3,Normal,ALLOW,ddos
1787352534.1966777,1,3,00:00:00:00:00:04,0,63538.0,3431052.0,5.023,0.0,101.6,Normal,ALLOW,ddos
1787352534.203098,1,1,00:00:00:00:00:01,0,63538.0,3431052.0,4.545,0.0,101.6,Normal,ALLOW,ddos
1787352534.2099645,1,3,00:00:00:00:00:03,0,64291.0,3471714.0,5.093,0.0,101.6,Normal,ALLOW,ddos
1787352535.1441424,2,1,00:00:00:00:00:03,0,62157.29,3356493.41,7.768,0.0,100.7,Normal,ALLOW,ddos
1787352535.151684,2,2,00:00:00:00:00:04,0,113252.93,6115657.98,5.173,0.0,100.7,Normal,ALLOW,ddos
1787352535.1589825,2,3,00:00:00:00:00:01,0,63494.44,3428699.77,4.994,0.0,100.7,Normal,ALLOW,ddos
1787352535.2415886,1,3,00:00:00:00:00:04,0,63908.23,3451044.49,4.784,0.0,94.1,Normal,ALLOW,ddos
1787352535.2490928,1,1,00:00:00:00:00:01,0,63907.27,3450992.82,4.528,0.0,94.1,Normal,ALLOW,ddos
1787352535.256046,1,3,00:00:00:00:00:03,0,66945.56,3615060.06,5.119,0.0,94.1,Normal,ALLOW,ddos
1787352535.8621962,1,3,00:00:00:00:00:04,0,66504.0,3591216.0,5.337,0.0,100.0,Normal,ALLOW,ddos
1787352535.8692398,1,1,00:00:00:00:00:01,0,66504.0,3591216.0,5.008,0.0,100.0,Normal,ALLOW,ddos
1787352535.8762536,1,3,00:00:00:00:00:03,0,72742.0,3928068.0,4.916,0.0,100.0,Normal,ALLOW,ddos
1787352536.1403472,2,1,00:00:00:00:00:03,0,59914.0,3235356.0,5.428,0.0,97.1,Normal,ALLOW,ddos
1787352536.147643,2,2,00:00:00:00:00:04,0,104360.0,5635440.0,4.976,0.0,97.1,Normal,ALLOW,ddos
1787352536.1543417,2,3,00:00:00:00:00:01,0,61055.0,3296970.0,4.694,0.0,97.1,Normal,ALLOW,ddos
1787352536.4465368,1,3,00:00:00:00:00:04,0,64793.0,3498822.0,5.136,0.0,102.4,Normal,ALLOW,ddos
1787352536.453696,1,1,00:00:00:00:00:01,0,64793.0,3498822.0,4.989,0.0,102.4,Normal,ALLOW,ddos
1787352536.4644423,1,3,00:00:00:00:00:03,0,68946.0,3723084.0,7.832,0.0,102.4,Normal,ALLOW,ddos
1787352537.1441298,1,3,00:00:00:00:00:04,0,62194.0,3358476.0,5.812,0.0,99.0,Normal,ALLOW,ddos
1787352537.152043,1,1,00:00:00:00:00:01,0,62194.0,3358476.0,5.265,0.0,99.0,Normal,ALLOW,ddos
1787352537.1600187,1,3,00:00:00:00:00:03,0,70567.0,3810618.0,5.26,0.0,99.0,Normal,ALLOW,ddos
1787352537.1836765,2,1,00:00:00:00:00:03,0,59684.34,3222954.26,8.453,0.0,0.0,Normal,ALLOW,ddos
1787352537.192692,2,2,00:00:00:00:00:04,0,96729.13,5223372.81,6.034,0.0,0.0,Normal,ALLOW,ddos
1787352537.2024827,2,3,00:00:00:00:00:01,0,60751.14,3280561.75,6.821,0.0,0.0,Normal,ALLOW,ddos
1787352538.1587334,2,1,00:00:00:00:00:03,0,58944.0,3182976.0,8.512,0.0,0.0,Normal,ALLOW,ddos
1787352538.171168,2,2,00:00:00:00:00:04,0,105482.0,5696028.0,8.879,0.0,0.0,Normal,ALLOW,ddos
1787352538.1837835,2,3,00:00:00:00:00:01,0,60046.0,3242484.0,8.728,0.0,0.0,Normal,ALLOW,ddos
1787352538.437714,1,3,00:00:00:00:00:04,0,45893.97,2478274.4,5.246,0.0,99.0,Normal,ALLOW,ddos
1787352538.4446707,1,1,00:00:00:00:00:01,0,45894.74,2478316.12,4.951,0.0,99.0,Normal,ALLOW,ddos
1787352538.4515371,1,3,00:00:00:00:00:03,0,51768.74,2795511.88,4.907,0.0,99.0,Normal,ALLOW,ddos
1787352539.1524198,2,1,00:00:00:00:00:03,0,57004.0,3078216.0,5.018,0.0,100.7,Normal,ALLOW,ddos
1787352539.1590126,2,2,00:00:00:00:00:04,0,109600.0,5918400.0,4.679,0.0,100.7,Normal,ALLOW,ddos
1787352539.1656106,2,3,00:00:00:00:00:01,0,58189.0,3142206.0,4.605,0.0,100.7,Normal,ALLOW,ddos
1787352539.324039,1,3,00:00:00:00:00:04,0,60497.0,3266838.0,4.778,0.0,93.1,Normal,ALLOW,ddos
1787352539.3310459,1,1,00:00:00:00:00:01,0,60496.0,3266784.0,4.954,0.0,93.1,Normal,ALLOW,ddos
1787352539.337134,1,3,00:00:00:00:00:03,0,63745.0,3442230.0,4.428,0.0,93.1,Normal,ALLOW,ddos
1787352540.1465788,2,1,00:00:00:00:00:03,0,68247.0,3685338.0,4.847,0.0,100.9,Normal,ALLOW,ddos
1787352540.1528695,2,2,00:00:00:00:00:04,0,111636.0,6028344.0,4.688,0.0,100.9,Normal,ALLOW,ddos
1787352540.1593378,2,3,00:00:00:00:00:01,0,69561.0,3756294.0,4.639,0.0,100.9,Normal,ALLOW,ddos
1787352540.3552341,1,3,00:00:00:00:00:04,0,63719.21,3440837.53,4.604,0.0,101.0,Normal,ALLOW,ddos
1787352540.3615081,1,1,00:00:00:00:00:01,0,63719.21,3440837.53,4.589,0.0,101.0,Normal,ALLOW,ddos
1787352540.3680427,1,3,00:00:00:00:00:03,0,62319.22,3365237.74,4.423,0.0,101.0,Normal,ALLOW,ddos
1787352541.149345,2,1,00:00:00:00:00:03,0,68754.41,3712737.97,4.768,0.0,99.5,Normal,ALLOW,ddos
1787352541.1555877,2,2,00:00:00:00:00:04,0,123297.45,6658062.24,4.626,0.0,99.5,Normal,ALLOW,ddos
1787352541.161767,2,3,00:00:00:00:00:01,0,70034.75,3781876.28,4.546,0.0,99.5,Normal,ALLOW,ddos
1787352541.2867424,1,3,00:00:00:00:00:04,0,64727.0,3495258.0,4.388,0.0,102.1,Normal,ALLOW,ddos
1787352541.2927375,1,1,00:00:00:00:00:01,0,64727.0,3495258.0,4.471,0.0,102.1,Normal,ALLOW,ddos
1787352541.2989023,1,3,00:00:00:00:00:03,0,66574.0,3594996.0,4.469,0.0,102.1,Normal,ALLOW,ddos
1787352542.0837584,1,3,00:00:00:00:00:04,0,65383.0,3530682.0,4.526,0.0,99.1,Normal,ALLOW,ddos
1787352542.0898764,1,1,00:00:00:00:00:01,0,65383.0,3530682.0,4.5,0.0,99.1,Normal,ALLOW,ddos
1787352542.0959635,1,3,00:00:00:00:00:03,0,69840.0,3771360.0,4.422,0.0,99.1,Normal,ALLOW,ddos
1787352542.1488686,2,1,00:00:00:00:00:03,0,68736.89,3711792.26,4.556,0.0,0.0,Normal,ALLOW,ddos
1787352542.1548216,2,2,00:00:00:00:00:04,0,126943.79,6854964.48,4.374,0.0,0.0,Normal,ALLOW,ddos
1787352542.16078,2,3,00:00:00:00:00:01,0,70216.33,3791681.92,4.389,0.0,0.0,Normal,ALLOW,ddos
1787352543.0480516,1,3,00:00:00:00:00:04,0,66548.0,3593592.0,4.549,0.0,100.2,Normal,ALLOW,ddos
1787352543.0540466,1,1,00:00:00:00:00:01,0,66548.0,3593592.0,4.432,0.0,100.2,Normal,ALLOW,ddos
1787352543.0599976,1,3,00:00:00:00:00:03,0,65436.0,3533544.0,4.393,0.0,100.2,Normal,ALLOW,ddos
1787352543.1504815,2,1,00:00:00:00:00:03,0,68984.19,3725146.18,4.657,0.0,97.7,Normal,ALLOW,ddos
1787352543.1568131,2,2,00:00:00:00:00:04,0,129859.35,7012404.81,4.763,0.0,97.7,Normal,ALLOW,ddos
1787352543.1629374,2,3,00:00:00:00:00:01,0,70374.82,3800240.36,4.381,0.0,97.7,Normal,ALLOW,ddos
1787352543.9487367,1,3,00:00:00:00:00:04,0,65932.0,3560328.0,5.008,0.0,100.3,Normal,ALLOW,ddos
1787352543.9553475,1,1,00:00:00:00:00:01,0,65932.0,3560328.0,4.774,0.0,100.3,Normal,ALLOW,ddos
1787352543.9618342,1,3,00:00:00:00:00:03,0,68697.0,3709638.0,4.62,0.0,100.3,Normal,ALLOW,ddos
1787352544.152611,2,1,00:00:00:00:00:03,0,67582.74,3649467.77,4.623,0.0,97.9,Normal,ALLOW,ddos
1787352544.1587112,2,2,00:00:00:00:00:04,0,124620.36,6729499.37,4.495,0.0,97.9,Normal,ALLOW,ddos
1787352544.164954,2,3,00:00:00:00:00:01,0,69081.63,3730407.79,4.581,0.0,97.9,Normal,ALLOW,ddos
1787352544.8391905,1,3,00:00:00:00:00:04,0,67508.0,3645432.0,4.746,0.0,100.6,Normal,ALLOW,ddos
1787352544.8452194,1,1,00:00:00:00:00:01,0,67508.0,3645432.0,4.454,0.0,100.6,Normal,ALLOW,ddos
1787352544.8513627,1,3,00:00:00:00:00:03,0,69196.0,3736584.0,4.495,0.0,100.6,Normal,ALLOW,ddos
1787352545.156092,2,1,00:00:00:00:00:03,0,68021.7,3673171.62,4.971,0.0,0.0,Normal,ALLOW,ddos
1787352545.162545,2,2,00:00:00:00:00:04,0,127073.8,6861984.93,4.809,0.0,0.0,Normal,ALLOW,ddos
1787352545.168724,2,3,00:00:00:00:00:01,0,69339.79,3744348.57,4.619,0.0,0.0,Normal,ALLOW,ddos
1787352545.8725896,1,3,00:00:00:00:00:04,0,60216.68,3251700.54,4.981,0.0,100.6,Normal,ALLOW,ddos
1787352545.8791096,1,1,00:00:00:00:00:01,0,60216.68,3251700.54,4.7,0.0,100.6,Normal,ALLOW,ddos
1787352545.8855016,1,3,00:00:00:00:00:03,0,67708.67,3656268.33,4.67,0.0,100.6,Normal,ALLOW,ddos
1787352546.1566012,2,1,00:00:00:00:00:03,0,67672.0,3654288.0,4.851,0.0,98.5,Normal,ALLOW,ddos
1787352546.163008,2,2,00:00:00:00:00:04,0,126076.0,6808104.0,4.665,0.0,98.5,Normal,ALLOW,ddos
1787352546.1691144,2,3,00:00:00:00:00:01,0,69018.0,3726972.0,4.479,0.0,98.5,Normal,ALLOW,ddos
1787352546.8172157,1,3,00:00:00:00:00:04,0,63586.0,3433644.0,5.047,0.0,100.0,Normal,ALLOW,ddos
1787352546.8238702,1,1,00:00:00:00:00:01,0,63586.0,3433644.0,4.336,0.0,100.0,Normal,ALLOW,ddos
1787352546.830139,1,3,00:00:00:00:00:03,0,68161.0,3680694.0,4.44,0.0,100.0,Normal,ALLOW,ddos
1787352547.1671593,2,1,00:00:00:00:00:03,0,69336.35,3744162.81,4.608,0.0,99.9,Normal,ALLOW,ddos
1787352547.1743186,2,2,00:00:00:00:00:04,0,117372.22,6338100.0,5.375,0.0,99.9,Normal,ALLOW,ddos
1787352547.1808996,2,3,00:00:00:00:00:01,0,70577.85,3811204.11,4.564,0.0,99.9,Normal,ALLOW,ddos
1787352547.6820204,1,3,00:00:00:00:00:04,0,63899.0,3450546.0,4.935,0.0,99.4,Normal,ALLOW,ddos
1787352547.6884847,1,1,00:00:00:00:00:01,0,63899.0,3450546.0,4.869,0.0,99.4,Normal,ALLOW,ddos
1787352547.6947248,1,3,00:00:00:00:00:03,0,67704.0,3656016.0,4.644,0.0,99.4,Normal,ALLOW,ddos
1787352548.1612453,2,1,00:00:00:00:00:03,0,67795.0,3660930.0,4.513,0.0,0.0,Normal,ALLOW,ddos
1787352548.1674147,2,2,00:00:00:00:00:04,0,119600.0,6458400.0,4.466,0.0,0.0,Normal,ALLOW,ddos
1787352548.173607,2,3,00:00:00:00:00:01,0,69059.0,3729186.0,4.567,0.0,0.0,Normal,ALLOW,ddos
1787352548.6489658,1,3,00:00:00:00:00:04,0,62529.0,3376566.0,4.543,0.0,100.6,Normal,ALLOW,ddos
1787352548.6551723,1,1,00:00:00:00:00:01,0,62530.0,3376620.0,4.331,0.0,100.6,Normal,ALLOW,ddos
1787352548.661113,1,3,00:00:00:00:00:03,0,64399.0,3477546.0,4.373,0.0,100.6,Normal,ALLOW,ddos
1787352549.1692967,2,1,00:00:00:00:00:03,0,68175.03,3681451.36,4.667,0.0,98.1,Normal,ALLOW,ddos
1787352549.1762438,2,2,00:00:00:00:00:04,0,116779.42,6306088.55,4.995,0.0,98.1,Normal,ALLOW,ddos
1787352549.1825273,2,3,00:00:00:00:00:01,0,69552.15,3755815.99,4.403,0.0,98.1,Normal,ALLOW,ddos
1787352549.733242,1,3,00:00:00:00:00:04,0,58395.35,3153348.97,4.827,0.0,99.6,Normal,ALLOW,ddos
1787352549.7408574,1,1,00:00:00:00:00:01,0,58395.35,3153348.97,5.452,0.0,99.6,Normal,ALLOW,ddos
1787352549.7471173,1,3,00:00:00:00:00:03,0,62818.36,3392191.47,4.378,0.0,99.6,Normal,ALLOW,ddos
1787352550.1650443,2,1,00:00:00:00:00:03,0,67310.0,3634740.0,4.531,0.0,0.0,Normal,ALLOW,ddos
1787352550.171236,2,2,00:00:00:00:00:04,0,114065.0,6159510.0,4.674,0.0,0.0,Normal,ALLOW,ddos
1787352550.1773055,2,3,00:00:00:00:00:01,0,68586.0,3703644.0,4.545,0.0,0.0,Normal,ALLOW,ddos
1787352550.6010025,1,3,00:00:00:00:00:04,0,63411.0,3424194.0,4.675,0.0,101.1,Normal,ALLOW,ddos
1787352550.606986,1,1,00:00:00:00:00:01,0,63410.0,3424140.0,4.46,0.0,101.1,Normal,ALLOW,ddos
1787352550.6128316,1,3,00:00:00:00:00:03,0,70294.0,3795876.0,4.343,0.0,101.1,Normal,ALLOW,ddos
1787352551.1683846,2,1,00:00:00:00:00:03,0,70669.35,3816144.88,4.594,0.0,0.0,Normal,ALLOW,ddos
1787352551.1744366,2,2,00:00:00:00:00:04,0,122640.46,6622584.95,4.545,0.0,0.0,Normal,ALLOW,ddos
1787352551.180431,2,3,00:00:00:00:00:01,0,72108.67,3893868.31,4.426,0.0,0.0,Normal,ALLOW,ddos
1787352551.4987066,1,3,00:00:00:00:00:04,0,63452.0,3426408.0,4.711,0.0,100.1,Normal,ALLOW,ddos
1787352551.5048268,1,1,00:00:00:00:00:01,0,63452.0,3426408.0,4.496,0.0,100.1,Normal,ALLOW,ddos
1787352551.511234,1,3,00:00:00:00:00:03,0,68858.0,3718332.0,4.651,0.0,100.1,Normal,ALLOW,ddos
1787352552.1672468,2,1,00:00:00:00:00:03,0,70491.0,3806514.0,4.548,0.0,100.2,Normal,ALLOW,ddos
1787352552.1734548,2,2,00:00:00:00:00:04,0,120428.0,6503112.0,4.615,0.0,100.2,Normal,ALLOW,ddos
1787352552.1811583,2,3,00:00:00:00:00:01,0,72245.0,3901230.0,6.031,0.0,100.2,Normal,ALLOW,ddos
1787352552.5040653,1,3,00:00:00:00:00:04,0,64103.25,3461575.66,4.481,0.0,101.5,Normal,ALLOW,ddos
1787352552.509885,1,1,00:00:00:00:00:01,0,64103.25,3461575.66,4.305,0.0,101.5,Normal,ALLOW,ddos
1787352552.5161743,1,2,00:00:00:00:00:02,0,71713.0,3872502.21,4.179,0.0,101.5,Normal,ALLOW,ddos
1787352552.5221856,1,3,00:00:00:00:00:03,0,67010.35,3618558.84,4.458,0.0,101.5,Normal,ALLOW,ddos
1787352553.1684186,2,1,00:00:00:00:00:03,0,71482.91,3860077.19,4.533,0.0,100.9,Normal,ALLOW,ddos
1787352553.1746867,2,2,00:00:00:00:00:04,0,127998.06,6911895.11,4.474,0.0,100.9,Normal,ALLOW,ddos
1787352553.1808314,2,3,00:00:00:00:00:01,0,73519.43,3970049.21,4.395,0.0,100.9,Normal,ALLOW,ddos
1787352553.4656467,1,3,00:00:00:00:00:04,0,65397.0,3531438.0,4.571,0.0,97.4,Normal,ALLOW,ddos
1787352553.4720275,1,1,00:00:00:00:00:01,0,65397.0,3531438.0,4.608,0.0,97.4,Normal,ALLOW,ddos
1787352553.4782495,1,3,00:00:00:00:00:03,0,68241.0,3685014.0,4.467,0.0,97.4,Normal,ALLOW,ddos
1787352553.484479,1,2,00:00:00:00:00:02,0,72478.0,3913812.0,4.525,0.0,97.4,Normal,ALLOW,ddos
1787352554.175699,2,1,00:00:00:00:00:03,0,66081.37,3568394.19,4.644,0.0,0.0,Normal,ALLOW,ddos
1787352554.1820889,2,2,00:00:00:00:00:04,0,122597.93,6620288.42,4.507,0.0,0.0,Normal,ALLOW,ddos
1787352554.188876,2,3,00:00:00:00:00:01,0,67937.17,3668607.4,4.941,0.0,0.0,Normal,ALLOW,ddos
1787352554.3232133,1,3,00:00:00:00:00:04,0,64875.0,3503250.0,4.602,0.0,95.3,Normal,ALLOW,ddos
1787352554.329575,1,1,00:00:00:00:00:01,0,64875.0,3503250.0,4.537,0.0,95.3,Normal,ALLOW,ddos
1787352554.3357759,1,2,00:00:00:00:00:02,0,74215.0,4007610.0,4.411,0.0,95.3,Normal,ALLOW,ddos
1787352554.3423488,1,3,00:00:00:00:00:03,0,67934.0,3668436.0,4.354,0.0,95.3,Normal,ALLOW,ddos
1787352554.8383117,1,3,00:00:00:00:00:04,0,63330.0,3419820.0,4.858,0.0,101.0,Normal,ALLOW,ddos
1787352554.8450193,1,1,00:00:00:00:00:01,0,63330.0,3419820.0,4.888,0.0,101.0,Normal,ALLOW,ddos
1787352554.851552,1,3,00:00:00:00:00:03,0,67053.0,3620862.0,4.86,0.0,101.0,Normal,ALLOW,ddos
1787352554.8582132,1,2,00:00:00:00:00:02,0,69896.0,3774384.0,4.946,0.0,101.0,Normal,ALLOW,ddos
1787352555.1766272,2,1,00:00:00:00:00:03,0,66545.72,3593468.85,5.041,0.0,0.0,Normal,ALLOW,ddos
1787352555.1832688,2,2,00:00:00:00:00:04,0,121117.47,6540343.31,4.866,0.0,0.0,Normal,ALLOW,ddos
1787352555.190036,2,3,00:00:00:00:00:01,0,68245.43,3685253.29,5.052,0.0,0.0,Normal,ALLOW,ddos
1787352555.3859177,1,3,00:00:00:00:00:04,0,68110.0,3677940.0,4.935,0.0,100.5,Normal,ALLOW,ddos
1787352555.392564,1,1,00:00:00:00:00:01,0,68110.0,3677940.0,4.898,0.0,100.5,Normal,ALLOW,ddos
1787352555.3993561,1,2,00:00:00:00:00:02,0,73476.0,3967704.0,4.927,0.0,100.5,Normal,ALLOW,ddos
1787352555.4060671,1,3,00:00:00:00:00:03,0,69405.0,3747870.0,4.949,0.0,100.5,Normal,ALLOW,ddos
1787352555.9131851,1,3,00:00:00:00:00:04,0,63748.0,3442392.0,8.176,0.0,99.4,Normal,ALLOW,ddos
1787352555.9232204,1,1,00:00:00:00:00:01,0,63748.0,3442392.0,7.596,0.0,99.4,Normal,ALLOW,ddos
1787352555.9314456,1,3,00:00:00:00:00:03,0,68084.0,3676536.0,5.914,0.0,99.4,Normal,ALLOW,ddos
1787352555.9377186,1,2,00:00:00:00:00:02,0,73377.0,3962358.0,4.58,0.0,99.4,Normal,ALLOW,ddos
1787352556.179257,2,1,00:00:00:00:00:03,0,64327.56,3473687.98,5.646,0.0,100.3,Normal,ALLOW,ddos
1787352556.1858876,2,2,00:00:00:00:00:04,0,115857.91,6256327.11,4.666,0.0,100.3,Normal,ALLOW,ddos
1787352556.1940854,2,3,00:00:00:00:00:01,0,66100.23,3569412.32,5.88,0.0,100.3,Normal,ALLOW,ddos
1787352556.898035,1,3,00:00:00:00:00:04,0,62488.0,3374352.0,4.683,0.0,100.6,Normal,ALLOW,ddos
1787352556.9042497,1,1,00:00:00:00:00:01,0,62488.0,3374352.0,4.563,0.0,100.6,Normal,ALLOW,ddos
1787352556.9112601,1,2,00:00:00:00:00:02,0,74059.0,3999186.0,4.506,0.0,100.6,Normal,ALLOW,ddos
1787352556.9172711,1,3,00:00:00:00:00:03,0,68526.0,3700404.0,4.445,0.0,100.6,Normal,ALLOW,ddos
1787352557.1796496,2,1,00:00:00:00:00:03,0,66757.0,3604878.0,7.722,0.0,0.0,Normal,ALLOW,ddos
1787352557.189665,2,2,00:00:00:00:00:04,0,119918.0,6475572.0,7.627,0.0,0.0,Normal,ALLOW,ddos
1787352557.2000647,2,3,00:00:00:00:00:01,0,68527.0,3700458.0,7.726,0.0,0.0,Normal,ALLOW,ddos
1787352557.7521114,1,3,00:00:00:00:00:04,0,61847.0,3339738.0,4.665,0.0,99.1,Normal,ALLOW,ddos
1787352557.758605,1,1,00:00:00:00:00:01,0,61847.0,3339738.0,4.78,0.0,99.1,Normal,ALLOW,ddos
1787352557.7647743,1,2,00:00:00:00:00:02,0,67460.0,3642840.0,4.466,0.0,99.1,Normal,ALLOW,ddos
1787352557.7708366,1,3,00:00:00:00:00:03,0,67674.0,3654396.0,4.501,0.0,99.1,Normal,ALLOW,ddos
1787352558.1758952,2,1,00:00:00:00:00:03,0,67934.0,3668436.0,4.714,0.0,101.5,Normal,ALLOW,ddos
1787352558.1819105,2,2,00:00:00:00:00:04,0,121248.0,6547392.0,4.377,0.0,101.5,Normal,ALLOW,ddos
1787352558.18843,2,3,00:00:00:00:00:01,0,69911.0,3775194.0,4.779,0.0,101.5,Normal,ALLOW,ddos
1787352558.7390962,1,3,00:00:00:00:00:04,0,63263.0,3416202.0,5.17,0.0,99.6,Normal,ALLOW,ddos
1787352558.7459261,1,1,00:00:00:00:00:01,0,63263.0,3416202.0,4.966,0.0,99.6,Normal,ALLOW,ddos
1787352558.751874,1,3,00:00:00:00:00:03,0,67457.0,3642678.0,4.41,0.0,99.6,Normal,ALLOW,ddos
1787352558.7586534,1,2,00:00:00:00:00:02,0,72366.0,3907764.0,5.061,0.0,99.6,Normal,ALLOW,ddos
1787352559.1772056,2,1,00:00:00:00:00:03,0,67555.57,3648000.88,4.658,0.0,100.4,Normal,ALLOW,ddos
1787352559.1830776,2,2,00:00:00:00:00:04,0,120992.51,6533595.29,4.339,0.0,100.4,Normal,ALLOW,ddos
1787352559.1892583,2,3,00:00:00:00:00:01,0,69446.84,3750129.59,4.569,0.0,100.4,Normal,ALLOW,ddos
1787352559.5847135,1,3,00:00:00:00:00:04,0,67374.0,3638196.0,5.005,0.0,98.1,Normal,ALLOW,ddos
1787352559.59128,1,1,00:00:00:00:00:01,0,67375.0,3638250.0,4.871,0.0,98.1,Normal,ALLOW,ddos
1787352559.5973847,1,2,00:00:00:00:00:02,0,71779.0,3876066.0,4.432,0.0,98.1,Normal,ALLOW,ddos
1787352559.6036985,1,3,00:00:00:00:00:03,0,66795.0,3606930.0,4.73,0.0,98.1,Normal,ALLOW,ddos
1787352560.182399,2,1,00:00:00:00:00:03,0,67680.82,3654764.31,4.356,0.0,0.0,Normal,ALLOW,ddos
1787352560.1890433,2,2,00:00:00:00:00:04,0,121892.25,6582181.65,4.883,0.0,0.0,Normal,ALLOW,ddos
1787352560.195218,2,3,00:00:00:00:00:01,0,69600.62,3758433.39,4.3,0.0,0.0,Normal,ALLOW,ddos
1787352560.4599473,1,3,00:00:00:00:00:04,0,63309.0,3418686.0,4.571,0.0,101.2,Normal,ALLOW,ddos
1787352560.4658723,1,1,00:00:00:00:00:01,0,63308.0,3418632.0,4.365,0.0,101.2,Normal,ALLOW,ddos
1787352560.4722617,1,2,00:00:00:00:00:02,0,73061.0,3945294.0,4.72,0.0,101.2,Normal,ALLOW,ddos
1787352560.478851,1,3,00:00:00:00:00:03,0,68640.0,3706560.0,4.421,0.0,101.2,Normal,ALLOW,ddos
1787352561.1819146,2,1,00:00:00:00:00:03,0,69453.0,3750462.0,4.361,0.0,99.7,Normal,ALLOW,ddos
1787352561.1883922,2,2,00:00:00:00:00:04,0,121530.0,6562620.0,4.827,0.0,99.7,Normal,ALLOW,ddos
1787352561.1946309,2,3,00:00:00:00:00:01,0,71330.0,3851820.0,4.334,0.0,99.7,Normal,ALLOW,ddos
1787352561.474632,1,3,00:00:00:00:00:04,0,63888.21,3449963.29,4.602,0.0,102.9,Normal,ALLOW,ddos
1787352561.481214,1,1,00:00:00:00:00:01,0,63888.21,3449963.29,4.368,0.0,102.9,Normal,ALLOW,ddos
1787352561.487106,1,3,00:00:00:00:00:03,0,67982.37,3671047.92,4.366,0.0,102.9,Normal,ALLOW,ddos
1787352561.4934733,1,2,00:00:00:00:00:02,0,72507.23,3915390.6,4.5,0.0,102.9,Normal,ALLOW,ddos
1787352562.1848676,2,1,00:00:00:00:00:03,0,65901.81,3558697.95,5.114,0.0,0.0,Normal,ALLOW,ddos
1787352562.1918921,2,2,00:00:00:00:00:04,0,121101.64,6539488.61,5.179,0.0,0.0,Normal,ALLOW,ddos
1787352562.1984758,2,3,00:00:00:00:00:01,0,67632.61,3652160.78,4.745,0.0,0.0,Normal,ALLOW,ddos
1787352562.3962913,1,3,00:00:00:00:00:04,0,65570.0,3540780.0,4.627,0.0,104.0,Normal,ALLOW,ddos
1787352562.4024024,1,1,00:00:00:00:00:01,0,65570.0,3540780.0,4.557,0.0,104.0,Normal,ALLOW,ddos
1787352562.4088707,1,3,00:00:00:00:00:03,0,70589.0,3811806.0,4.701,0.0,104.0,Normal,ALLOW,ddos
1787352562.4152107,1,2,00:00:00:00:00:02,0,76586.0,4135644.0,4.616,0.0,104.0,Normal,ALLOW,ddos
1787352563.1841972,2,1,00:00:00:00:00:03,0,65237.0,3522798.0,4.649,0.0,100.3,Normal,ALLOW,ddos
1787352563.1940787,2,2,00:00:00:00:00:04,0,121733.0,6573582.0,7.623,0.0,100.3,Normal,ALLOW,ddos
1787352563.2009375,2,3,00:00:00:00:00:01,0,67115.0,3624210.0,4.503,0.0,100.3,Normal,ALLOW,ddos
1787352563.4090877,1,3,00:00:00:00:00:04,0,63982.37,3455047.99,4.818,0.0,100.1,Normal,ALLOW,ddos
1787352563.4153757,1,1,00:00:00:00:00:01,0,63982.37,3455047.99,4.638,0.0,100.1,Normal,ALLOW,ddos
1787352563.4229596,1,3,00:00:00:00:00:03,0,69378.45,3746436.3,5.87,0.0,100.1,Normal,ALLOW,ddos
1787352563.4295132,1,2,00:00:00:00:00:02,0,74692.53,4033396.7,4.64,0.0,100.1,Normal,ALLOW,ddos
1787352564.1908002,2,1,00:00:00:00:00:03,0,67796.28,3660999.24,5.494,0.0,0.0,Normal,ALLOW,ddos
1787352564.1972442,2,2,00:00:00:00:00:04,0,121195.77,6544571.8,4.612,0.0,0.0,Normal,ALLOW,ddos
1787352564.2051835,2,3,00:00:00:00:00:01,0,69559.46,3756210.78,6.164,0.0,0.0,Normal,ALLOW,ddos
1787352564.4408667,1,3,00:00:00:00:00:04,0,62360.25,3367453.35,4.991,0.0,96.0,Normal,ALLOW,ddos
1787352564.4474015,1,1,00:00:00:00:00:01,0,62360.25,3367453.35,4.532,0.0,96.0,Normal,ALLOW,ddos
1787352564.4537723,1,2,00:00:00:00:00:02,0,71083.39,3838503.1,4.673,0.0,96.0,Normal,ALLOW,ddos
1787352564.4604886,1,3,00:00:00:00:00:03,0,65502.6,3537140.16,4.69,0.0,96.0,Normal,ALLOW,ddos
1787352565.1880205,2,1,00:00:00:00:00:03,0,68139.0,3679506.0,4.872,0.0,101.6,Normal,ALLOW,ddos
1787352565.194623,2,2,00:00:00:00:00:04,0,119858.0,6472332.0,4.658,0.0,101.6,Normal,ALLOW,ddos
1787352565.2009618,2,3,00:00:00:00:00:01,0,69927.0,3776058.0,4.626,0.0,101.6,Normal,ALLOW,ddos
1787352565.3849182,1,3,00:00:00:00:00:04,0,64376.0,3476304.0,4.627,0.0,96.5,Normal,ALLOW,ddos
1787352565.3917787,1,1,00:00:00:00:00:01,0,64376.0,3476304.0,4.834,0.0,96.5,Normal,ALLOW,ddos
1787352565.3979204,1,2,00:00:00:00:00:02,0,71516.0,3861864.0,4.418,0.0,96.5,Normal,ALLOW,ddos
1787352565.4044514,1,3,00:00:00:00:00:03,0,69363.0,3745602.0,4.808,0.0,96.5,Normal,ALLOW,ddos
1787352566.190956,2,1,00:00:00:00:00:03,0,68649.38,3707066.74,4.477,0.0,0.0,Normal,ALLOW,ddos
1787352566.197081,2,2,00:00:00:00:00:04,0,123218.17,6653781.27,4.386,0.0,0.0,Normal,ALLOW,ddos
1787352566.2028651,2,3,00:00:00:00:00:01,0,70553.43,3809885.38,4.192,0.0,0.0,Normal,ALLOW,ddos
1787352566.222077,1,3,00:00:00:00:00:04,0,64718.0,3494772.0,4.678,0.0,98.0,Normal,ALLOW,ddos
1787352566.2289803,1,1,00:00:00:00:00:01,0,64718.0,3494772.0,4.433,0.0,98.0,Normal,ALLOW,ddos
1787352566.2350066,1,3,00:00:00:00:00:03,0,69464.0,3751056.0,4.388,0.0,98.0,Normal,ALLOW,ddos
1787352566.2413075,1,2,00:00:00:00:00:02,0,71841.0,3879414.0,4.509,0.0,98.0,Normal,ALLOW,ddos
1787352567.1943274,2,1,00:00:00:00:00:03,0,69806.69,3769561.0,4.839,0.0,0.0,Normal,ALLOW,ddos
1787352567.2013872,2,2,00:00:00:00:00:04,0,118573.35,6402960.83,4.8,0.0,0.0,Normal,ALLOW,ddos
1787352567.2085822,2,3,00:00:00:00:00:01,0,71658.32,3869549.21,5.146,0.0,0.0,Normal,ALLOW,ddos
1787352567.2385337,1,3,00:00:00:00:00:04,0,64807.51,3499605.78,4.701,0.0,90.7,Normal,ALLOW,ddos
1787352567.245043,1,1,00:00:00:00:00:01,0,64807.51,3499605.78,4.574,0.0,90.7,Normal,ALLOW,ddos
1787352567.25125,1,3,00:00:00:00:00:03,0,68480.41,3697942.28,4.559,0.0,90.7,Normal,ALLOW,ddos
1787352567.2577026,1,2,00:00:00:00:00:02,0,71821.74,3878373.76,4.71,0.0,90.7,Normal,ALLOW,ddos
1787352568.1951842,2,1,00:00:00:00:00:03,0,71252.89,3847656.26,4.674,0.0,694.4,Normal,ALLOW,ddos
1787352568.2014701,2,2,00:00:00:00:00:04,0,124446.08,6720088.17,4.721,0.0,694.4,Normal,ALLOW,ddos
1787352568.2078195,2,3,00:00:00:00:00:01,0,73267.74,3956458.05,4.687,0.0,694.4,Normal,ALLOW,ddos
1787352568.229173,1,3,00:00:00:00:00:04,0,61407.0,3315978.0,4.804,0.0,89.6,Normal,ALLOW,ddos
1787352568.2353399,1,1,00:00:00:00:00:01,0,61407.0,3315978.0,4.608,0.0,89.6,Normal,ALLOW,ddos
1787352568.2419238,1,3,00:00:00:00:00:03,0,68276.0,3686904.0,4.849,0.0,89.6,Normal,ALLOW,ddos
1787352568.2487633,1,2,00:00:00:00:00:02,0,73260.0,3956040.0,4.543,0.0,89.6,Normal,ALLOW,ddos
1787352569.1621456,1,3,00:00:00:00:00:04,0,64805.0,3499470.0,7.339,0.0,100.0,Normal,ALLOW,ddos
1787352569.1689348,1,1,00:00:00:00:00:01,0,64806.0,3499524.0,4.475,0.0,100.0,Normal,ALLOW,ddos
1787352569.1754363,1,3,00:00:00:00:00:03,0,66079.0,3568266.0,4.687,0.0,100.0,Normal,ALLOW,ddos
1787352569.1815486,1,2,00:00:00:00:00:02,0,71911.0,3883194.0,4.416,0.0,100.0,Normal,ALLOW,ddos
1787352569.232962,2,1,00:00:00:00:00:03,0,68273.31,3686758.81,6.786,0.0,112.0,Normal,ALLOW,ddos
1787352569.2403426,2,2,00:00:00:00:00:04,0,122690.27,6625274.73,5.161,0.0,112.0,Normal,ALLOW,ddos
1787352569.2468507,2,3,00:00:00:00:00:01,0,69977.22,3778769.99,4.57,0.0,112.0,Normal,ALLOW,ddos
1787352570.1663737,1,3,00:00:00:00:00:04,0,65204.25,3521029.23,4.747,0.0,99.8,Normal,ALLOW,ddos
1787352570.172959,1,1,00:00:00:00:00:01,0,65204.25,3521029.23,4.918,0.0,99.8,Normal,ALLOW,ddos
1787352570.1794443,1,3,00:00:00:00:00:03,0,69458.06,3750735.01,4.589,0.0,99.8,Normal,ALLOW,ddos
1787352570.1854362,1,2,00:00:00:00:00:02,0,73665.2,3977920.67,4.464,0.0,99.8,Normal,ALLOW,ddos
1787352570.2282794,2,1,00:00:00:00:00:03,0,66418.0,3586572.0,4.583,0.0,96.8,Normal,ALLOW,ddos
1787352570.234231,2,2,00:00:00:00:00:04,0,124453.0,6720462.0,4.432,0.0,96.8,Normal,ALLOW,ddos
1787352570.240808,2,3,00:00:00:00:00:01,0,68357.0,3691278.0,4.953,0.0,96.8,Normal,ALLOW,ddos
1787352571.0492816,1,3,00:00:00:00:00:04,0,65931.0,3560274.0,4.873,0.0,99.9,Normal,ALLOW,ddos
1787352571.0561175,1,1,00:00:00:00:00:01,0,65930.0,3560220.0,4.727,0.0,99.9,Normal,ALLOW,ddos
1787352571.0623143,1,3,00:00:00:00:00:03,0,70050.0,3782700.0,4.42,0.0,99.9,Normal,ALLOW,ddos
1787352571.068157,1,2,00:00:00:00:00:02,0,74234.0,4008636.0,4.343,0.0,99.9,Normal,ALLOW,ddos
1787352571.2288876,2,1,00:00:00:00:00:03,0,68369.77,3691967.31,4.524,0.0,100.1,Normal,ALLOW,ddos
1787352571.2348976,2,2,00:00:00:00:00:04,0,114689.15,6193214.19,4.488,0.0,100.1,Normal,ALLOW,ddos
1787352571.2411966,2,3,00:00:00:00:00:01,0,70345.54,3798659.41,4.597,0.0,100.1,Normal,ALLOW,ddos
1787352572.0307589,1,3,00:00:00:00:00:04,0,64855.0,3502170.0,4.474,0.0,99.7,Normal,ALLOW,ddos
1787352572.037086,1,1,00:00:00:00:00:01,0,64854.0,3502116.0,4.757,0.0,99.7,Normal,ALLOW,ddos
1787352572.0436356,1,2,00:00:00:00:00:02,0,71399.0,3855546.0,4.582,0.0,99.7,Normal,ALLOW,ddos
1787352572.0497453,1,3,00:00:00:00:00:03,0,69377.0,3746358.0,4.436,0.0,99.7,Normal,ALLOW,ddos
1787352572.2300694,2,1,00:00:00:00:00:03,0,68660.02,3707641.17,4.369,0.0,0.0,Normal,ALLOW,ddos
1787352572.2364774,2,2,00:00:00:00:00:04,0,124807.55,6739607.85,4.835,0.0,0.0,Normal,ALLOW,ddos
1787352572.24265,2,3,00:00:00:00:00:01,0,70615.04,3813211.94,4.323,0.0,0.0,Normal,ALLOW,ddos
1787352572.6228626,1,3,00:00:00:00:00:04,0,68168.0,3681072.0,4.673,0.0,99.5,Normal,ALLOW,ddos
1787352572.6291447,1,1,00:00:00:00:00:01,0,68169.0,3681126.0,4.482,0.0,99.5,Normal,ALLOW,ddos
1787352572.6356065,1,3,00:00:00:00:00:03,0,70721.0,3818934.0,4.91,0.0,99.5,Normal,ALLOW,ddos
1787352572.6421213,1,2,00:00:00:00:00:02,0,76638.0,4138452.0,4.569,0.0,99.5,Normal,ALLOW,ddos
1787352573.2321136,2,1,00:00:00:00:00:03,0,68525.99,3700403.46,4.605,0.0,101.8,Normal,ALLOW,ddos
1787352573.2386577,2,2,00:00:00:00:00:04,0,125728.04,6789313.97,4.893,0.0,101.8,Normal,ALLOW,ddos
1787352573.245141,2,3,00:00:00:00:00:01,0,68727.76,3711298.9,4.521,0.0,101.8,Normal,ALLOW,ddos
1787352573.5360663,1,3,00:00:00:00:00:04,0,68539.0,3701106.0,5.029,0.0,95.6,Normal,ALLOW,ddos
1787352573.5431447,1,1,00:00:00:00:00:01,0,68540.0,3701160.0,5.184,0.0,95.6,Normal,ALLOW,ddos
1787352573.549997,1,3,00:00:00:00:00:03,0,68860.0,3718440.0,4.893,0.0,95.6,Normal,ALLOW,ddos
1787352573.5570633,1,2,00:00:00:00:00:02,0,76275.0,4118850.0,5.132,0.0,95.6,Normal,ALLOW,ddos
1787352573.564256,1,1,00:00:00:00:00:01,0,68860.0,3718440.0,4.874,0.0,95.6,Normal,ALLOW,ddos
1787352574.2377443,2,1,00:00:00:00:00:03,0,68029.83,3673610.79,4.55,0.0,0.0,Normal,ALLOW,ddos
1787352574.2446067,2,2,00:00:00:00:00:04,0,121157.33,6542495.73,4.929,0.0,0.0,Normal,ALLOW,ddos
1787352574.2510834,2,3,00:00:00:00:00:01,0,68029.83,3673610.79,4.806,0.0,0.0,Normal,ALLOW,ddos
1787352574.5494354,1,3,00:00:00:00:00:04,0,67897.2,3666448.72,4.682,0.0,96.5,Normal,ALLOW,ddos
1787352574.5559723,1,1,00:00:00:00:00:01,0,67896.21,3666395.47,4.489,0.0,96.5,Normal,ALLOW,ddos
1787352574.5621665,1,3,00:00:00:00:00:03,0,68996.72,3725822.9,4.391,0.0,96.5,Normal,ALLOW,ddos
1787352574.5680115,1,2,00:00:00:00:00:02,0,72652.26,3923222.07,4.344,0.0,96.5,Normal,ALLOW,ddos
1787352574.5742395,1,1,00:00:00:00:00:01,0,68996.72,3725822.9,4.575,0.0,96.5,Normal,ALLOW,ddos
1787352575.2395513,2,1,00:00:00:00:00:03,0,65947.0,3561138.0,5.716,0.0,100.1,Normal,ALLOW,ddos
1787352575.2463748,2,2,00:00:00:00:00:04,0,121864.0,6580656.0,4.777,0.0,100.1,Normal,ALLOW,ddos
1787352575.2538116,2,3,00:00:00:00:00:01,0,65946.0,3561084.0,5.671,0.0,100.1,Normal,ALLOW,ddos
1787352575.5821695,1,3,00:00:00:00:00:04,0,65517.66,3537953.89,4.611,0.0,99.8,Normal,ALLOW,ddos
1787352575.588539,1,1,00:00:00:00:00:01,0,65517.66,3537953.89,4.75,0.0,99.8,Normal,ALLOW,ddos
1787352575.5950024,1,3,00:00:00:00:00:03,0,68021.45,3673158.32,4.56,0.0,99.8,Normal,ALLOW,ddos
1787352575.601093,1,2,00:00:00:00:00:02,0,72431.64,3911308.43,4.452,0.0,99.8,Normal,ALLOW,ddos
1787352575.6074347,1,1,00:00:00:00:00:01,0,68021.45,3673158.32,4.648,0.0,99.8,Normal,ALLOW,ddos
1787352576.239864,2,1,00:00:00:00:00:03,0,66613.24,3597114.7,4.693,0.0,0.0,Normal,ALLOW,ddos
1787352576.2462354,2,2,00:00:00:00:00:04,0,120046.17,6482493.03,4.527,0.0,0.0,Normal,ALLOW,ddos
1787352576.2523344,2,3,00:00:00:00:00:01,0,66614.23,3597168.6,4.446,0.0,0.0,Normal,ALLOW,ddos
1787352576.5776625,1,3,00:00:00:00:00:04,0,67698.0,3655692.0,4.97,0.0,98.0,Normal,ALLOW,ddos
1787352576.5841448,1,1,00:00:00:00:00:01,0,67698.0,3655692.0,4.803,0.0,98.0,Normal,ALLOW,ddos
1787352576.590838,1,3,00:00:00:00:00:03,0,70342.0,3798468.0,5.024,0.0,98.0,Normal,ALLOW,ddos
1787352576.5971167,1,1,00:00:00:00:00:01,0,70341.0,3798414.0,4.468,0.0,98.0,Normal,ALLOW,ddos
1787352576.603947,1,2,00:00:00:00:00:02,0,78323.0,4229442.0,4.699,0.0,98.0,Normal,ALLOW,ddos
1787352577.242233,2,1,00:00:00:00:00:03,0,69986.77,3779285.71,4.996,0.0,100.8,Normal,ALLOW,ddos
1787352577.2485888,2,2,00:00:00:00:00:04,0,116856.62,6310257.66,4.582,0.0,100.8,Normal,ALLOW,ddos
1787352577.2550237,2,3,00:00:00:00:00:01,0,69985.77,3779231.8,4.799,0.0,100.8,Normal,ALLOW,ddos
1787352577.4977567,1,1,00:00:00:00:00:01,0,45048.0,2432592.0,4.549,0.0,97.8,Normal,ALLOW,ddos
1787352577.5042372,1,3,00:00:00:00:00:03,0,70308.0,3796632.0,4.747,0.0,97.8,Normal,ALLOW,ddos
1787352577.5110111,1,2,00:00:00:00:00:02,0,74641.0,4030614.0,4.622,0.0,97.8,Normal,ALLOW,ddos
1787352577.5171552,1,1,00:00:00:00:00:01,0,70309.0,3796686.0,4.454,0.0,97.8,Normal,ALLOW,ddos
1787352578.2424414,2,1,00:00:00:00:00:03,0,70259.67,3794022.02,4.741,0.0,100.8,Normal,ALLOW,ddos
1787352578.2486532,2,2,00:00:00:00:00:04,0,70732.49,3819554.45,4.473,0.0,100.8,Normal,ALLOW,ddos
1787352578.255019,2,3,00:00:00:00:00:01,0,70260.67,3794076.0,4.666,0.0,100.8,Normal,ALLOW,ddos
1787352578.5001225,1,3,00:00:00:00:00:03,0,67587.48,3649724.11,5.097,0.0,101.3,Normal,ALLOW,ddos
1787352578.5068223,1,2,00:00:00:00:00:02,0,72395.84,3909375.28,4.82,0.0,101.3,Normal,ALLOW,ddos
1787352578.513241,1,1,00:00:00:00:00:01,0,67586.49,3649670.2,4.509,0.0,101.3,Normal,ALLOW,ddos
1787352579.2440593,2,1,00:00:00:00:00:03,0,71118.49,3840398.21,4.841,0.0,99.5,Normal,ALLOW,ddos
1787352579.2500875,2,2,00:00:00:00:00:04,0,73375.33,3962267.68,4.43,0.0,99.5,Normal,ALLOW,ddos
1787352579.2565708,2,3,00:00:00:00:00:01,0,71118.49,3840398.21,4.87,0.0,99.5,Normal,ALLOW,ddos
1787352579.3434331,1,3,00:00:00:00:00:03,0,62119.0,3354426.0,4.569,0.0,101.5,Normal,ALLOW,ddos
1787352579.3493621,1,1,00:00:00:00:00:01,0,62120.0,3354480.0,4.373,0.0,101.5,Normal,ALLOW,ddos
1787352579.3557553,1,2,00:00:00:00:00:02,0,70711.0,3818394.0,4.747,0.0,101.5,Normal,ALLOW,ddos
1787352580.2539725,2,1,00:00:00:00:00:03,0,70007.09,3780382.76,4.639,0.0,0.0,Normal,ALLOW,ddos
1787352580.260519,2,2,00:00:00:00:00:04,0,71149.64,3842080.4,4.589,0.0,0.0,Normal,ALLOW,ddos
1787352580.2664351,2,3,00:00:00:00:00:01,0,70006.1,3780329.35,4.35,0.0,0.0,Normal,ALLOW,ddos
1787352580.3621597,1,3,00:00:00:00:00:03,0,61231.15,3306481.93,7.893,0.0,106.4,Normal,ALLOW,ddos
1787352580.3685164,1,1,00:00:00:00:00:01,0,61231.15,3306481.93,4.525,0.0,106.4,Normal,ALLOW,ddos
1787352580.3750346,1,2,00:00:00:00:00:02,0,69043.21,3728333.51,4.545,0.0,106.4,Normal,ALLOW,ddos
1787352581.2402341,1,3,00:00:00:00:00:03,0,60211.0,3251394.0,4.734,0.0,99.7,Normal,ALLOW,ddos
1787352581.24695,1,1,00:00:00:00:00:01,0,60211.0,3251394.0,4.929,0.0,99.7,Normal,ALLOW,ddos
1787352581.2535694,1,2,00:00:00:00:00:02,0,69130.0,3733020.0,5.06,0.0,99.7,Normal,ALLOW,ddos
1787352581.266687,2,1,00:00:00:00:00:03,0,69633.33,3760200.03,4.43,0.0,74.3,Normal,ALLOW,ddos
1787352581.2732217,2,2,00:00:00:00:00:04,0,70624.86,3813742.71,5.001,0.0,74.3,Normal,ALLOW,ddos
1787352581.2794058,2,3,00:00:00:00:00:01,0,69634.32,3760253.36,4.405,0.0,74.3,Normal,ALLOW,ddos
1787352582.0665236,1,3,00:00:00:00:00:03,0,62045.0,3350430.0,4.616,0.0,100.1,Normal,ALLOW,ddos
1787352582.072955,1,1,00:00:00:00:00:01,0,62045.0,3350430.0,4.755,0.0,100.1,Normal,ALLOW,ddos
1787352582.0791726,1,2,00:00:00:00:00:02,0,66285.0,3579390.0,4.452,0.0,100.1,Normal,ALLOW,ddos
1787352582.2481105,2,1,00:00:00:00:00:03,0,69389.0,3747006.0,4.474,0.0,0.0,Normal,ALLOW,ddos
1787352582.2543807,2,2,00:00:00:00:00:04,0,72089.0,3892806.0,4.695,0.0,0.0,Normal,ALLOW,ddos
1787352582.2609463,2,3,00:00:00:00:00:01,0,69389.0,3747006.0,4.469,0.0,0.0,Normal,ALLOW,ddos
1787352582.8235052,1,3,00:00:00:00:00:03,0,58945.0,3183030.0,4.781,0.0,101.0,Normal,ALLOW,ddos
1787352582.829754,1,1,00:00:00:00:00:01,0,58944.0,3182976.0,4.435,0.0,101.0,Normal,ALLOW,ddos
1787352582.8356817,1,2,00:00:00:00:00:02,0,61882.0,3341628.0,4.408,0.0,101.0,Normal,ALLOW,ddos
1787352583.2512703,2,1,00:00:00:00:00:03,0,68899.52,3720574.07,4.526,0.0,0.0,Normal,ALLOW,ddos
1787352583.2574909,2,2,00:00:00:00:00:04,0,70729.9,3819414.69,4.641,0.0,0.0,Normal,ALLOW,ddos
1787352583.263761,2,3,00:00:00:00:00:01,0,68899.52,3720574.07,4.524,0.0,0.0,Normal,ALLOW,ddos
1787352583.5877242,1,3,00:00:00:00:00:03,0,57003.0,3078162.0,4.829,0.0,98.3,Normal,ALLOW,ddos
1787352583.5939605,1,1,00:00:00:00:00:01,0,57004.0,3078216.0,4.381,0.0,98.3,Normal,ALLOW,ddos
1787352583.5996947,1,2,00:00:00:00:00:02,0,65389.0,3531006.0,4.253,0.0,98.3,Normal,ALLOW,ddos
1787352584.256746,2,1,00:00:00:00:00:03,0,68108.7,3677869.61,5.026,0.0,0.0,Normal,ALLOW,ddos
1787352584.2629502,2,2,00:00:00:00:00:04,0,70738.67,3819888.27,4.413,0.0,0.0,Normal,ALLOW,ddos
1787352584.2690687,2,3,00:00:00:00:00:01,0,68108.7,3677869.61,4.479,0.0,0.0,Normal,ALLOW,ddos
1787352584.5736454,1,3,00:00:00:00:00:03,0,68247.0,3685338.0,5.351,0.0,101.4,Normal,ALLOW,ddos
1787352584.5804765,1,1,00:00:00:00:00:01,0,68247.0,3685338.0,4.696,0.0,101.4,Normal,ALLOW,ddos
1787352584.5869637,1,2,00:00:00:00:00:02,0,72485.0,3914190.0,4.672,0.0,101.4,Normal,ALLOW,ddos
1787352585.2623065,2,1,00:00:00:00:00:03,0,69230.78,3738461.91,7.889,0.0,705.3,Normal,ALLOW,ddos
1787352585.2686942,2,2,00:00:00:00:00:04,0,73018.08,3942976.37,4.591,0.0,705.3,Normal,ALLOW,ddos
1787352585.2751327,2,3,00:00:00:00:00:01,0,69230.78,3738461.91,4.624,0.0,705.3,Normal,ALLOW,ddos
1787352585.5972376,1,3,00:00:00:00:00:03,0,67321.09,3635339.06,5.038,0.0,97.8,Normal,ALLOW,ddos
1787352585.6033115,1,1,00:00:00:00:00:01,0,67321.09,3635339.06,4.461,0.0,97.8,Normal,ALLOW,ddos
1787352585.6097226,1,2,00:00:00:00:00:02,0,73413.59,3964333.79,4.64,0.0,97.8,Normal,ALLOW,ddos
1787352586.2546027,2,1,00:00:00:00:00:03,0,68033.0,3673782.0,4.597,0.0,0.0,Normal,ALLOW,ddos
1787352586.2611644,2,2,00:00:00:00:00:04,0,70349.0,3798846.0,4.447,0.0,0.0,Normal,ALLOW,ddos
1787352586.2671087,2,3,00:00:00:00:00:01,0,68032.0,3673728.0,4.28,0.0,0.0,Normal,ALLOW,ddos
1787352586.5850618,1,3,00:00:00:00:00:03,0,68762.0,3713148.0,4.576,0.0,100.0,Normal,ALLOW,ddos
1787352586.591625,1,2,00:00:00:00:00:02,0,72501.0,3915054.0,4.737,0.0,100.0,Normal,ALLOW,ddos
1787352586.5983677,1,1,00:00:00:00:00:01,0,68762.0,3713148.0,4.403,0.0,100.0,Normal,ALLOW,ddos
1787352587.2563455,2,1,00:00:00:00:00:03,0,69067.9,3729666.66,4.96,0.0,101.4,Normal,ALLOW,ddos
1787352587.2626793,2,2,00:00:00:00:00:04,0,70194.82,3790520.43,4.414,0.0,101.4,Normal,ALLOW,ddos
1787352587.2686417,2,3,00:00:00:00:00:01,0,69068.9,3729720.61,4.358,0.0,101.4,Normal,ALLOW,ddos
1787352587.5642557,1,3,00:00:00:00:00:03,0,69053.0,3728862.0,4.651,0.0,97.3,Normal,ALLOW,ddos
1787352587.5701928,1,1,00:00:00:00:00:01,0,69052.0,3728808.0,4.414,0.0,97.3,Normal,ALLOW,ddos
1787352587.5766451,1,2,00:00:00:00:00:02,0,78120.0,4218480.0,4.541,0.0,97.3,Normal,ALLOW,ddos
1787352589.5781143,1,3,00:00:00:00:00:03,0,33499.54,1808975.15,4.612,0.0,98.6,Normal,ALLOW,ddos
1787352589.5843277,1,2,00:00:00:00:00:02,0,35970.3,1942396.22,4.57,0.0,98.6,Normal,ALLOW,ddos
1787352589.590672,1,1,00:00:00:00:00:01,0,33500.04,1809001.97,4.623,0.0,98.6,Normal,ALLOW,ddos
1787352589.9300406,2,2,00:00:00:00:00:04,0,27072.24,1461900.77,4.534,0.0,102.2,Normal,ALLOW,ddos
1787352589.9362335,2,3,00:00:00:00:00:01,0,25848.99,1395845.44,4.625,0.0,102.2,Normal,ALLOW,ddos
1787352589.9442787,2,2,00:00:00:00:00:04,0,73578.0,3973212.0,4.5,0.0,70.2,Normal,ALLOW,ddos
1787352589.9502022,2,3,00:00:00:00:00:01,0,67905.0,3666870.0,4.415,0.0,70.2,Normal,ALLOW,ddos
1787352589.9565432,2,1,00:00:00:00:00:03,0,65879.0,3557466.0,4.757,0.0,70.2,Normal,ALLOW,ddos
1787352590.2659636,2,2,00:00:00:00:00:04,0,72544.0,3917376.0,4.49,0.0,99.5,Normal,ALLOW,ddos
1787352590.2722387,2,3,00:00:00:00:00:01,0,70534.0,3808836.0,4.628,0.0,99.5,Normal,ALLOW,ddos
1787352590.2787125,2,1,00:00:00:00:00:03,0,69112.0,3732048.0,4.472,0.0,99.5,Normal,ALLOW,ddos
1787352590.7596743,1,3,00:00:00:00:00:03,0,58029.12,3133572.57,4.863,0.0,99.5,Normal,ALLOW,ddos
1787352590.7658274,1,2,00:00:00:00:00:02,0,60649.34,3275064.27,4.518,0.0,99.5,Normal,ALLOW,ddos
1787352590.7720923,1,1,00:00:00:00:00:01,0,58029.12,3133572.57,4.565,0.0,99.5,Normal,ALLOW,ddos
1787352591.2679524,2,2,00:00:00:00:00:04,0,72604.96,3920668.0,4.505,0.0,100.2,Normal,ALLOW,ddos
1787352591.2742374,2,3,00:00:00:00:00:01,0,70729.89,3819414.03,4.571,0.0,100.2,Normal,ALLOW,ddos
1787352591.2804604,2,1,00:00:00:00:00:03,0,70729.89,3819414.03,4.448,0.0,100.2,Normal,ALLOW,ddos
1787352591.6603925,1,3,00:00:00:00:00:03,0,67673.0,3654342.0,4.531,0.0,102.1,Normal,ALLOW,ddos
1787352591.666534,1,1,00:00:00:00:00:01,0,67672.0,3654288.0,4.529,0.0,102.1,Normal,ALLOW,ddos
1787352591.6729436,1,2,00:00:00:00:00:02,0,76167.0,4113018.0,4.746,0.0,102.1,Normal,ALLOW,ddos
1787352592.2676492,2,2,00:00:00:00:00:04,0,73304.0,3958416.0,4.5,0.0,98.8,Normal,ALLOW,ddos
1787352592.2740498,2,3,00:00:00:00:00:01,0,71413.0,3856302.0,4.607,0.0,98.8,Normal,ALLOW,ddos
1787352592.2802289,2,1,00:00:00:00:00:03,0,71414.0,3856356.0,4.427,0.0,98.8,Normal,ALLOW,ddos
1787352592.6445775,1,3,00:00:00:00:00:03,0,70090.0,3784860.0,4.471,0.0,101.0,Normal,ALLOW,ddos
1787352592.650559,1,1,00:00:00:00:00:01,0,70091.0,3784914.0,4.464,0.0,101.0,Normal,ALLOW,ddos
1787352592.6573348,1,2,00:00:00:00:00:02,0,75671.0,4086234.0,5.095,0.0,101.0,Normal,ALLOW,ddos
1787352593.2796364,2,2,00:00:00:00:00:04,0,70025.4,3781371.46,4.478,0.0,100.7,Normal,ALLOW,ddos
1787352593.2855492,2,3,00:00:00:00:00:01,0,70583.73,3811521.68,4.376,0.0,100.7,Normal,ALLOW,ddos
1787352593.2918823,2,1,00:00:00:00:00:03,0,70582.75,3811468.32,4.619,0.0,100.7,Normal,ALLOW,ddos
1787352593.498128,1,3,00:00:00:00:00:03,0,67795.0,3660930.0,4.649,0.0,100.8,Normal,ALLOW,ddos
1787352593.5054455,1,1,00:00:00:00:00:01,0,67795.0,3660930.0,5.72,0.0,100.8,Normal,ALLOW,ddos
1787352593.5119274,1,2,00:00:00:00:00:02,0,74264.0,4010256.0,4.498,0.0,100.8,Normal,ALLOW,ddos
1787352594.280091,2,2,00:00:00:00:00:04,0,71933.71,3884420.4,5.053,0.0,678.8,Normal,ALLOW,ddos
1787352594.2860954,2,3,00:00:00:00:00:01,0,71259.9,3848034.66,4.408,0.0,678.8,Normal,ALLOW,ddos
1787352594.296064,2,1,00:00:00:00:00:03,0,71259.9,3848034.66,7.687,0.0,678.8,Normal,ALLOW,ddos
1787352594.5205855,1,3,00:00:00:00:00:03,0,67167.57,3627048.89,4.821,0.0,95.7,Normal,ALLOW,ddos
1787352594.5274463,1,1,00:00:00:00:00:01,0,67167.57,3627048.89,4.399,0.0,95.7,Normal,ALLOW,ddos
1787352594.5333993,1,2,00:00:00:00:00:02,0,69007.58,3726409.24,4.382,0.0,95.7,Normal,ALLOW,ddos
1787352595.2757406,2,2,00:00:00:00:00:04,0,72116.0,3894264.0,4.691,0.0,100.7,Normal,ALLOW,ddos
1787352595.2820551,2,3,00:00:00:00:00:01,0,70184.0,3789936.0,4.565,0.0,100.7,Normal,ALLOW,ddos
1787352595.2883554,2,1,00:00:00:00:00:03,0,70184.0,3789936.0,4.654,0.0,100.7,Normal,ALLOW,ddos
1787352595.5223367,1,3,00:00:00:00:00:03,0,67200.76,3628841.18,4.956,0.0,97.4,Normal,ALLOW,ddos
1787352595.5286486,1,1,00:00:00:00:00:01,0,67199.76,3628787.27,4.444,0.0,97.4,Normal,ALLOW,ddos
1787352595.5346105,1,2,00:00:00:00:00:02,0,72953.41,3939484.22,4.406,0.0,97.4,Normal,ALLOW,ddos
1787352596.2756321,2,2,00:00:00:00:00:04,0,72227.0,3900258.0,4.738,0.0,100.9,Normal,ALLOW,ddos
1787352596.281742,2,3,00:00:00:00:00:01,0,69430.0,3749220.0,4.417,0.0,100.9,Normal,ALLOW,ddos
1787352596.2878954,2,1,00:00:00:00:00:03,0,69430.0,3749220.0,4.534,0.0,100.9,Normal,ALLOW,ddos
1787352596.4934103,1,3,00:00:00:00:00:03,0,70899.0,3828546.0,4.673,0.0,96.2,Normal,ALLOW,ddos
1787352596.499418,1,2,00:00:00:00:00:02,0,73981.0,3994974.0,4.431,0.0,96.2,Normal,ALLOW,ddos
1787352596.5060742,1,1,00:00:00:00:00:01,0,70900.0,3828600.0,4.933,0.0,96.2,Normal,ALLOW,ddos
1787352597.2791276,2,2,00:00:00:00:00:04,0,70378.15,3800419.93,4.569,0.0,100.5,Normal,ALLOW,ddos
1787352597.285324,2,3,00:00:00:00:00:01,0,70534.58,3808867.22,4.625,0.0,100.5,Normal,ALLOW,ddos
1787352597.2921216,2,1,00:00:00:00:00:03,0,70534.58,3808867.22,4.662,0.0,100.5,Normal,ALLOW,ddos
1787352597.4951093,1,3,00:00:00:00:00:03,0,70402.78,3801749.92,5.064,0.0,97.7,Normal,ALLOW,ddos
1787352597.5013537,1,2,00:00:00:00:00:02,0,78644.45,4246800.22,4.444,0.0,97.7,Normal,ALLOW,ddos
1787352597.5081332,1,1,00:00:00:00:00:01,0,70402.78,3801749.92,4.808,0.0,97.7,Normal,ALLOW,ddos
1787352598.284265,2,2,00:00:00:00:00:04,0,71355.63,3853203.84,4.483,0.0,0.0,Normal,ALLOW,ddos
1787352598.2908132,2,3,00:00:00:00:00:01,0,65617.67,3543354.27,4.643,0.0,0.0,Normal,ALLOW,ddos
1787352598.296899,2,1,00:00:00:00:00:03,0,65618.67,3543407.95,4.397,0.0,0.0,Normal,ALLOW,ddos
1787352598.4179506,1,3,00:00:00:00:00:03,0,71570.0,3864780.0,4.576,0.0,105.2,Normal,ALLOW,ddos
1787352598.4244,1,2,00:00:00:00:00:02,0,81510.0,4401540.0,4.813,0.0,105.2,Normal,ALLOW,ddos
1787352598.4307177,1,1,00:00:00:00:00:01,0,81509.0,4401486.0,4.473,0.0,105.2,Normal,ALLOW,ddos
1787352598.4368021,1,1,00:00:00:00:00:01,0,71570.0,3864780.0,4.553,0.0,105.2,Normal,ALLOW,ddos
1787352599.282869,2,2,00:00:00:00:00:04,0,73272.0,3956688.0,4.429,0.0,99.4,Normal,ALLOW,ddos
1787352599.289091,2,3,00:00:00:00:00:01,0,68913.0,3721302.0,4.617,0.0,99.4,Normal,ALLOW,ddos
1787352599.2973185,2,1,00:00:00:00:00:03,0,68912.0,3721248.0,6.219,0.0,99.4,Normal,ALLOW,ddos
1787352599.4518964,1,3,00:00:00:00:00:03,0,64374.28,3476210.88,4.283,0.0,101.8,Normal,ALLOW,ddos
1787352599.4582784,1,2,00:00:00:00:00:02,0,74477.02,4021758.86,4.492,0.0,101.8,Normal,ALLOW,ddos
1787352599.4647577,1,1,00:00:00:00:00:01,0,64374.28,3476210.88,4.239,0.0,101.8,Normal,ALLOW,ddos
1787352599.470966,1,1,00:00:00:00:00:01,0,74477.02,4021758.86,4.564,0.0,101.8,Normal,ALLOW,ddos
1787352600.2829964,2,2,00:00:00:00:00:04,0,71739.0,3873906.0,4.505,0.0,99.9,Normal,ALLOW,ddos
1787352600.2892778,2,3,00:00:00:00:00:01,0,69299.0,3742146.0,4.685,0.0,99.9,Normal,ALLOW,ddos
1787352600.2955632,2,1,00:00:00:00:00:03,0,69300.0,3742200.0,4.445,0.0,99.9,Normal,ALLOW,ddos
1787352600.4622254,1,3,00:00:00:00:00:03,0,66085.74,3568629.75,7.109,0.0,96.0,Normal,ALLOW,ddos
1787352600.4717252,1,2,00:00:00:00:00:02,0,74689.38,4033226.66,7.195,0.0,96.0,Normal,ALLOW,ddos
1787352600.4779494,1,1,00:00:00:00:00:01,0,74690.38,4033280.28,4.31,0.0,96.0,Normal,ALLOW,ddos
1787352600.4836688,1,1,00:00:00:00:00:01,0,66085.74,3568629.75,4.215,0.0,96.0,Normal,ALLOW,ddos
1787352601.285545,2,2,00:00:00:00:00:04,0,71188.17,3844161.08,4.69,0.0,100.5,Normal,ALLOW,ddos
1787352601.292144,2,3,00:00:00:00:00:01,0,69307.73,3742617.61,4.754,0.0,100.5,Normal,ALLOW,ddos
1787352601.298383,2,1,00:00:00:00:00:03,0,69306.74,3742563.74,4.502,0.0,100.5,Normal,ALLOW,ddos
1787352601.406208,1,3,00:00:00:00:00:03,0,64412.0,3478248.0,7.371,0.0,93.6,Normal,ALLOW,ddos
1787352601.4128134,1,2,00:00:00:00:00:02,0,75645.0,4084830.0,4.502,0.0,93.6,Normal,ALLOW,ddos
1787352601.4184053,1,1,00:00:00:00:00:01,0,75644.0,4084776.0,4.142,0.0,93.6,Normal,ALLOW,ddos
1787352601.4251738,1,1,00:00:00:00:00:01,0,64412.0,3478248.0,4.56,0.0,93.6,Normal,ALLOW,ddos
1787352602.2882202,2,2,00:00:00:00:00:04,0,70809.96,3823737.65,4.942,0.0,0.0,Normal,ALLOW,ddos
1787352602.2945864,2,3,00:00:00:00:00:01,0,68125.5,3678777.12,4.458,0.0,0.0,Normal,ALLOW,ddos
1787352602.3006291,2,1,00:00:00:00:00:03,0,68126.5,3678830.97,4.376,0.0,0.0,Normal,ALLOW,ddos
1787352602.441708,1,3,00:00:00:00:00:03,0,64265.24,3470322.75,4.756,0.0,98.2,Normal,ALLOW,ddos
1787352602.4481986,1,2,00:00:00:00:00:02,0,74077.92,4000207.7,4.573,0.0,98.2,Normal,ALLOW,ddos
1787352602.455831,1,1,00:00:00:00:00:01,0,64265.24,3470322.75,5.999,0.0,98.2,Normal,ALLOW,ddos
1787352602.4623275,1,1,00:00:00:00:00:01,0,74078.88,4000259.68,4.437,0.0,98.2,Normal,ALLOW,ddos
1787352603.287585,2,2,00:00:00:00:00:04,0,73429.0,3965166.0,4.755,0.0,100.4,Normal,ALLOW,ddos
1787352603.2939508,2,3,00:00:00:00:00:01,0,68969.0,3724326.0,4.473,0.0,100.4,Normal,ALLOW,ddos
1787352603.2999241,2,1,00:00:00:00:00:03,0,68968.0,3724272.0,4.336,0.0,100.4,Normal,ALLOW,ddos
1787352603.4316545,1,3,00:00:00:00:00:03,0,67935.0,3668490.0,4.473,0.0,104.7,Normal,ALLOW,ddos
1787352603.4378047,1,2,00:00:00:00:00:02,0,75782.0,4092228.0,4.587,0.0,104.7,Normal,ALLOW,ddos
1787352603.4441667,1,1,00:00:00:00:00:01,0,75782.0,4092228.0,4.424,0.0,104.7,Normal,ALLOW,ddos
1787352603.4501226,1,1,00:00:00:00:00:01,0,67934.0,3668436.0,4.381,0.0,104.7,Normal,ALLOW,ddos
1787352604.2959075,2,2,00:00:00:00:00:04,0,69878.05,3773414.71,4.402,0.0,99.5,Normal,ALLOW,ddos
1787352604.3017805,2,3,00:00:00:00:00:01,0,67481.76,3644015.1,4.352,0.0,99.5,Normal,ALLOW,ddos
1787352604.308148,2,1,00:00:00:00:00:03,0,67481.76,3644015.1,4.622,0.0,99.5,Normal,ALLOW,ddos
1787352604.4210005,1,3,00:00:00:00:00:03,0,67652.0,3653208.0,4.672,0.0,95.2,Normal,ALLOW,ddos
1787352604.42736,1,2,00:00:00:00:00:02,0,76782.0,4146228.0,4.469,0.0,95.2,Normal,ALLOW,ddos
1787352604.4331582,1,1,00:00:00:00:00:01,0,76782.0,4146228.0,4.287,0.0,95.2,Normal,ALLOW,ddos
1787352604.4395626,1,1,00:00:00:00:00:01,0,67653.0,3653262.0,4.779,0.0,95.2,Normal,ALLOW,ddos
1787352605.291943,2,2,00:00:00:00:00:04,0,74951.0,4047354.0,4.987,0.0,0.0,Normal,ALLOW,ddos
1787352605.298474,2,3,00:00:00:00:00:01,0,67198.0,3628692.0,4.653,0.0,0.0,Normal,ALLOW,ddos
1787352605.305085,2,1,00:00:00:00:00:03,0,67198.0,3628692.0,4.848,0.0,0.0,Normal,ALLOW,ddos
1787352605.483652,1,3,00:00:00:00:00:03,0,64109.01,3461886.44,4.596,0.0,104.4,Normal,ALLOW,ddos
1787352605.4905167,1,2,00:00:00:00:00:02,0,73878.97,3989464.27,4.677,0.0,104.4,Normal,ALLOW,ddos
1787352605.497006,1,1,00:00:00:00:00:01,0,73878.97,3989464.27,4.598,0.0,104.4,Normal,ALLOW,ddos
1787352605.5041425,1,1,00:00:00:00:00:01,0,64108.07,3461835.62,5.495,0.0,104.4,Normal,ALLOW,ddos
1787352606.2923212,2,2,00:00:00:00:00:04,0,73194.0,3952476.0,4.759,0.0,99.0,Normal,ALLOW,ddos
1787352606.2986708,2,3,00:00:00:00:00:01,0,68024.0,3673296.0,4.489,0.0,99.0,Normal,ALLOW,ddos
1787352606.3055124,2,1,00:00:00:00:00:03,0,68024.0,3673296.0,5.081,0.0,99.0,Normal,ALLOW,ddos
1787352606.4170449,1,3,00:00:00:00:00:03,0,69453.0,3750462.0,4.58,0.0,96.3,Normal,ALLOW,ddos
1787352606.42391,1,2,00:00:00:00:00:02,0,82731.0,4467474.0,4.552,0.0,96.3,Normal,ALLOW,ddos
1787352606.4302137,1,1,00:00:00:00:00:01,0,69453.0,3750462.0,4.562,0.0,96.3,Normal,ALLOW,ddos
1787352606.436284,1,1,00:00:00:00:00:01,0,82731.0,4467474.0,4.521,0.0,96.3,Normal,ALLOW,ddos
1787352607.2971923,2,2,00:00:00:00:00:04,0,67563.75,3648442.38,4.645,0.0,0.0,Normal,ALLOW,ddos
1787352607.3035932,2,3,00:00:00:00:00:01,0,66979.06,3616869.47,4.722,0.0,0.0,Normal,ALLOW,ddos
1787352607.3103058,2,1,00:00:00:00:00:03,0,66979.06,3616869.47,4.708,0.0,0.0,Normal,ALLOW,ddos
1787352607.4384966,1,3,00:00:00:00:00:03,0,64675.24,3492462.83,4.628,0.0,106.4,Normal,ALLOW,ddos
1787352607.4445245,1,2,00:00:00:00:00:02,0,79518.96,4294023.81,4.262,0.0,106.4,Normal,ALLOW,ddos
1787352607.4502053,1,1,00:00:00:00:00:01,0,64676.22,3492515.7,4.209,0.0,106.4,Normal,ALLOW,ddos
1787352607.456478,1,1,00:00:00:00:00:01,0,79518.96,4294023.81,4.691,0.0,106.4,Normal,ALLOW,ddos
1787352608.2960083,2,2,00:00:00:00:00:04,0,70780.0,3822120.0,4.559,0.0,0.0,Normal,ALLOW,ddos
1787352608.3021612,2,3,00:00:00:00:00:01,0,66932.0,3614328.0,4.517,0.0,0.0,Normal,ALLOW,ddos
1787352608.3084106,2,1,00:00:00:00:00:03,0,66932.0,3614328.0,4.483,0.0,0.0,Normal,ALLOW,ddos
1787352608.4544349,1,3,00:00:00:00:00:03,0,64221.58,3467965.29,4.6,0.0,101.4,Normal,ALLOW,ddos
1787352608.4608037,1,2,00:00:00:00:00:02,0,76869.6,4150958.35,4.451,0.0,101.4,Normal,ALLOW,ddos
1787352608.4672952,1,1,00:00:00:00:00:01,0,64221.58,3467965.29,4.947,0.0,101.4,Normal,ALLOW,ddos
1787352608.4736943,1,1,00:00:00:00:00:01,0,76869.6,4150958.35,4.662,0.0,101.4,Normal,ALLOW,ddos
1787352609.7184355,1,3,00:00:00:00:00:03,0,53923.68,2911878.65,4.531,0.0,99.5,Normal,ALLOW,ddos
1787352609.7247698,1,2,00:00:00:00:00:02,0,62158.6,3356564.5,4.623,0.0,99.5,Normal,ALLOW,ddos
1787352609.7308187,1,1,00:00:00:00:00:01,0,53923.68,2911878.65,4.369,0.0,99.5,Normal,ALLOW,ddos
1787352609.7368135,1,1,00:00:00:00:00:01,0,62158.6,3356564.5,4.449,0.0,99.5,Normal,ALLOW,ddos
1787352611.6427197,1,3,00:00:00:00:00:03,0,35416.93,1912514.34,4.742,0.0,99.5,Normal,ALLOW,ddos
1787352611.6488507,1,2,00:00:00:00:00:02,0,41376.58,2234335.44,4.51,0.0,99.5,Normal,ALLOW,ddos
1787352611.65514,1,1,00:00:00:00:00:01,0,35416.93,1912514.34,4.666,0.0,99.5,Normal,ALLOW,ddos
1787352611.661547,1,1,00:00:00:00:00:01,0,41376.58,2234335.44,4.49,0.0,99.5,Normal,ALLOW,ddos
1787352611.9567537,2,3,00:00:00:00:00:01,0,18906.16,1020932.39,4.691,0.0,98.7,Normal,ALLOW,ddos
1787352611.963002,2,1,00:00:00:00:00:03,0,18906.43,1020947.15,4.413,0.0,98.7,Normal,ALLOW,ddos
1787352611.970568,2,3,00:00:00:00:00:01,0,68009.0,3672486.0,4.527,0.0,68.9,Normal,ALLOW,ddos
1787352611.976964,2,1,00:00:00:00:00:03,0,68008.0,3672432.0,4.529,0.0,68.9,Normal,ALLOW,ddos
1787352611.982966,2,2,00:00:00:00:00:04,0,69887.0,3773898.0,4.443,0.0,68.9,Normal,ALLOW,ddos
1787352611.9907353,2,3,00:00:00:00:00:01,0,66180.0,3573720.0,4.609,0.0,100.2,Normal,ALLOW,ddos
1787352611.9969192,2,1,00:00:00:00:00:03,0,66181.0,3573774.0,4.458,0.0,100.2,Normal,ALLOW,ddos
1787352612.0029433,2,2,00:00:00:00:00:04,0,70017.0,3780918.0,4.474,0.0,100.2,Normal,ALLOW,ddos
1787352612.3005679,2,3,00:00:00:00:00:01,0,66901.0,3612654.0,4.527,0.0,0.0,Normal,ALLOW,ddos
1787352612.3071146,2,1,00:00:00:00:00:03,0,66900.0,3612600.0,4.93,0.0,0.0,Normal,ALLOW,ddos
1787352612.3134177,2,2,00:00:00:00:00:04,0,70563.0,3810402.0,4.507,0.0,0.0,Normal,ALLOW,ddos
1787352612.84126,1,3,00:00:00:00:00:03,0,57565.21,3108521.37,6.157,0.0,100.3,Normal,ALLOW,ddos
1787352612.8514366,1,2,00:00:00:00:00:02,0,67757.34,3658896.58,7.636,0.0,100.3,Normal,ALLOW,ddos
1787352612.8617237,1,1,00:00:00:00:00:01,0,57565.21,3108521.37,7.867,0.0,100.3,Normal,ALLOW,ddos
1787352612.8720512,1,1,00:00:00:00:00:01,0,67756.51,3658851.46,7.685,0.0,100.3,Normal,ALLOW,ddos
1787352613.3033767,2,3,00:00:00:00:00:01,0,68964.3,3724072.02,4.901,0.0,97.1,Normal,ALLOW,ddos
1787352613.3097417,2,1,00:00:00:00:00:03,0,68964.3,3724072.02,4.585,0.0,97.1,Normal,ALLOW,ddos
1787352613.3158133,2,2,00:00:00:00:00:04,0,68644.91,3706824.95,4.465,0.0,97.1,Normal,ALLOW,ddos
1787352613.7746718,1,3,00:00:00:00:00:03,0,70009.0,3780486.0,4.831,0.0,102.1,Normal,ALLOW,ddos
1787352613.7814612,1,2,00:00:00:00:00:02,0,78678.0,4248612.0,4.484,0.0,102.1,Normal,ALLOW,ddos
1787352613.7877896,1,1,00:00:00:00:00:01,0,78679.0,4248666.0,4.669,0.0,102.1,Normal,ALLOW,ddos
1787352613.794282,1,1,00:00:00:00:00:01,0,70008.0,3780432.0,4.557,0.0,102.1,Normal,ALLOW,ddos
1787352614.3046622,2,3,00:00:00:00:00:01,0,69012.44,3726671.57,4.692,0.0,100.0,Normal,ALLOW,ddos
1787352614.314893,2,1,00:00:00:00:00:03,0,69012.44,3726671.57,7.592,0.0,100.0,Normal,ALLOW,ddos
1787352614.324946,2,2,00:00:00:00:00:04,0,69142.29,3733683.69,7.687,0.0,100.0,Normal,ALLOW,ddos
1787352614.8479445,1,3,00:00:00:00:00:03,0,66434.74,3587476.1,4.621,0.0,99.0,Normal,ALLOW,ddos
1787352614.8539832,1,2,00:00:00:00:00:02,0,74189.45,4006230.41,4.427,0.0,99.0,Normal,ALLOW,ddos
1787352614.860411,1,1,00:00:00:00:00:01,0,66435.67,3587526.4,4.449,0.0,99.0,Normal,ALLOW,ddos
1787352614.8663795,1,1,00:00:00:00:00:01,0,74189.45,4006230.41,4.399,0.0,99.0,Normal,ALLOW,ddos
1787352615.3049598,2,3,00:00:00:00:00:01,0,69369.41,3745948.32,4.767,0.0,733.9,Normal,ALLOW,ddos
1787352615.3113558,2,1,00:00:00:00:00:03,0,69370.41,3746002.26,4.502,0.0,733.9,Normal,ALLOW,ddos
1787352615.3172028,2,2,00:00:00:00:00:04,0,70141.51,3787641.28,4.339,0.0,733.9,Normal,ALLOW,ddos
1787352615.7816854,1,3,00:00:00:00:00:03,0,70681.0,3816774.0,4.601,0.0,100.8,Normal,ALLOW,ddos
1787352615.7890556,1,2,00:00:00:00:00:02,0,84331.0,4553874.0,5.547,0.0,100.8,Normal,ALLOW,ddos
1787352615.7955768,1,1,00:00:00:00:00:01,0,70681.0,3816774.0,4.438,0.0,100.8,Normal,ALLOW,ddos
1787352615.8015015,1,1,00:00:00:00:00:01,0,84331.0,4553874.0,4.278,0.0,100.8,Normal,ALLOW,ddos
1787352616.3309042,2,3,00:00:00:00:00:01,0,67292.74,3633808.0,7.788,0.0,101.0,Normal,ALLOW,ddos
1787352616.3386204,2,1,00:00:00:00:00:03,0,67292.74,3633808.0,5.33,0.0,101.0,Normal,ALLOW,ddos
1787352616.3732257,2,2,00:00:00:00:00:04,0,71945.88,3885077.46,4.533,0.0,101.0,Normal,ALLOW,ddos
1787352616.843258,1,3,00:00:00:00:00:03,0,62600.15,3380407.86,4.647,0.0,99.6,Normal,ALLOW,ddos
1787352616.8494742,1,2,00:00:00:00:00:02,0,75275.32,4064867.03,4.601,0.0,99.6,Normal,ALLOW,ddos
1787352616.8557916,1,1,00:00:00:00:00:01,0,62600.15,3380407.86,4.654,0.0,99.6,Normal,ALLOW,ddos
1787352616.862136,1,1,00:00:00:00:00:01,0,75275.32,4064867.03,4.482,0.0,99.6,Normal,ALLOW,ddos
1787352617.3063276,2,3,00:00:00:00:00:01,0,66784.0,3606336.0,4.912,0.0,0.0,Normal,ALLOW,ddos
1787352617.312953,2,1,00:00:00:00:00:03,0,66783.0,3606282.0,4.503,0.0,0.0,Normal,ALLOW,ddos
1787352617.319181,2,2,00:00:00:00:00:04,0,69587.0,3757698.0,4.402,0.0,0.0,Normal,ALLOW,ddos
1787352617.9417107,1,3,00:00:00:00:00:03,0,62272.13,3362694.89,4.838,0.0,99.3,Normal,ALLOW,ddos
1787352617.9481568,1,2,00:00:00:00:00:02,0,73435.29,3965505.61,4.654,0.0,99.3,Normal,ALLOW,ddos
1787352617.9548194,1,1,00:00:00:00:00:01,0,62272.13,3362694.89,5.009,0.0,99.3,Normal,ALLOW,ddos
1787352617.9616218,1,1,00:00:00:00:00:01,0,73435.29,3965505.61,4.763,0.0,99.3,Normal,ALLOW,ddos
1787352618.3116097,2,3,00:00:00:00:00:01,0,70318.33,3797189.78,4.969,0.0,0.0,Normal,ALLOW,ddos
1787352618.317936,2,1,00:00:00:00:00:03,0,70318.33,3797189.78,4.567,0.0,0.0,Normal,ALLOW,ddos
1787352618.3245423,2,2,00:00:00:00:00:04,0,72118.89,3894419.94,4.89,0.0,0.0,Normal,ALLOW,ddos
1787352618.8991435,1,3,00:00:00:00:00:03,0,68800.0,3715200.0,6.821,0.0,99.1,Normal,ALLOW,ddos
1787352618.9057386,1,2,00:00:00:00:00:02,0,81769.0,4415526.0,4.833,0.0,99.1,Normal,ALLOW,ddos
1787352618.9123363,1,1,00:00:00:00:00:01,0,81769.0,4415526.0,4.648,0.0,99.1,Normal,ALLOW,ddos
1787352618.9185247,1,1,00:00:00:00:00:01,0,68799.0,3715146.0,4.592,0.0,99.1,Normal,ALLOW,ddos
1787352619.309852,2,3,00:00:00:00:00:01,0,70236.0,3792744.0,4.746,0.0,99.4,Normal,ALLOW,ddos
1787352619.3160567,2,1,00:00:00:00:00:03,0,70237.0,3792798.0,4.471,0.0,99.4,Normal,ALLOW,ddos
1787352619.3226228,2,2,00:00:00:00:00:04,0,72582.0,3919428.0,4.9,0.0,99.4,Normal,ALLOW,ddos
1787352619.9328654,1,3,00:00:00:00:00:03,0,66223.78,3576084.38,4.747,0.0,99.6,Normal,ALLOW,ddos
1787352619.9396896,1,2,00:00:00:00:00:02,0,76682.71,4140866.46,4.983,0.0,99.6,Normal,ALLOW,ddos
1787352619.9463663,1,1,00:00:00:00:00:01,0,66223.78,3576084.38,4.737,0.0,99.6,Normal,ALLOW,ddos
1787352619.9525826,1,1,00:00:00:00:00:01,0,76682.71,4140866.46,4.554,0.0,99.6,Normal,ALLOW,ddos
1787352620.312726,2,3,00:00:00:00:00:01,0,70690.7,3817297.58,4.428,0.0,97.4,Normal,ALLOW,ddos
1787352620.3187501,2,1,00:00:00:00:00:03,0,70689.7,3817243.77,4.406,0.0,97.4,Normal,ALLOW,ddos
1787352620.325463,2,2,00:00:00:00:00:04,0,73556.83,3972068.89,4.698,0.0,97.4,Normal,ALLOW,ddos
1787352620.9372227,1,3,00:00:00:00:00:03,0,68173.85,3681387.93,4.949,0.0,101.0,Normal,ALLOW,ddos
1787352620.9438078,1,2,00:00:00:00:00:02,0,81359.12,4393392.52,4.474,0.0,101.0,Normal,ALLOW,ddos
1787352620.9499028,1,1,00:00:00:00:00:01,0,68173.85,3681387.93,4.436,0.0,101.0,Normal,ALLOW,ddos
1787352620.9564123,1,1,00:00:00:00:00:01,0,81359.12,4393392.52,4.905,0.0,101.0,Normal,ALLOW,ddos
1787352621.3214889,2,3,00:00:00:00:00:01,0,70268.95,3794523.04,5.051,0.0,99.0,Normal,ALLOW,ddos
1787352621.3281162,2,1,00:00:00:00:00:03,0,70268.95,3794523.04,4.623,0.0,99.0,Normal,ALLOW,ddos
1787352621.3341444,2,2,00:00:00:00:00:04,0,71025.73,3835389.44,4.461,0.0,99.0,Normal,ALLOW,ddos
1787352621.9498787,1,3,00:00:00:00:00:03,0,65127.97,3516910.31,4.599,0.0,98.7,Normal,ALLOW,ddos
1787352621.9567533,1,2,00:00:00:00:00:02,0,80539.4,4349127.36,5.137,0.0,98.7,Normal,ALLOW,ddos
1787352621.9631782,1,1,00:00:00:00:00:01,0,65128.96,3516963.64,4.485,0.0,98.7,Normal,ALLOW,ddos
1787352621.9694073,1,1,00:00:00:00:00:01,0,80539.4,4349127.36,4.477,0.0,98.7,Normal,ALLOW,ddos
1787352622.3161247,2,3,00:00:00:00:00:01,0,70208.0,3791232.0,4.52,0.0,0.0,Normal,ALLOW,ddos
1787352622.3222694,2,1,00:00:00:00:00:03,0,70208.0,3791232.0,4.607,0.0,0.0,Normal,ALLOW,ddos
1787352622.3285658,2,2,00:00:00:00:00:04,0,70596.0,3812184.0,4.492,0.0,0.0,Normal,ALLOW,ddos
1787352622.9636528,1,3,00:00:00:00:00:03,0,65806.45,3553548.49,4.67,0.0,100.5,Normal,ALLOW,ddos
1787352622.9700236,1,2,00:00:00:00:00:02,0,77810.26,4201753.99,4.673,0.0,100.5,Normal,ALLOW,ddos
1787352622.9765747,1,1,00:00:00:00:00:01,0,65806.45,3553548.49,4.591,0.0,100.5,Normal,ALLOW,ddos
1787352622.9827611,1,1,00:00:00:00:00:01,0,77809.27,4201700.74,4.526,0.0,100.5,Normal,ALLOW,ddos
1787352623.3181524,2,3,00:00:00:00:00:01,0,67596.59,3650216.02,4.781,0.0,0.0,Normal,ALLOW,ddos
1787352623.3249533,2,1,00:00:00:00:00:03,0,67596.59,3650216.02,4.943,0.0,0.0,Normal,ALLOW,ddos
1787352623.331464,2,2,00:00:00:00:00:04,0,72123.73,3894681.41,4.678,0.0,0.0,Normal,ALLOW,ddos
1787352624.0402145,1,3,00:00:00:00:00:03,0,64741.13,3496020.97,4.438,0.0,101.1,Normal,ALLOW,ddos
1787352624.0464308,1,2,00:00:00:00:00:02,0,72448.1,3912197.22,4.423,0.0,101.1,Normal,ALLOW,ddos
1787352624.0522845,1,1,00:00:00:00:00:01,0,64741.13,3496020.97,4.297,0.0,101.1,Normal,ALLOW,ddos
1787352624.0584536,1,1,00:00:00:00:00:01,0,72449.03,3912247.37,4.41,0.0,101.1,Normal,ALLOW,ddos
1787352625.1592631,2,3,00:00:00:00:00:01,0,38667.96,2088069.73,4.434,0.0,100.0,Normal,ALLOW,ddos
1787352625.1650572,2,1,00:00:00:00:00:03,0,38667.96,2088069.73,4.246,0.0,100.0,Normal,ALLOW,ddos
1787352625.1709733,2,2,00:00:00:00:00:04,0,40059.0,2163186.27,4.407,0.0,100.0,Normal,ALLOW,ddos
1787352625.3191752,2,3,00:00:00:00:00:01,0,74791.0,4038714.0,4.485,0.0,715.8,Normal,ALLOW,ddos
1787352625.325372,2,1,00:00:00:00:00:03,0,74791.0,4038714.0,4.481,0.0,715.8,Normal,ALLOW,ddos
1787352625.3316705,2,2,00:00:00:00:00:04,0,75740.0,4089960.0,4.2,0.0,715.8,Normal,ALLOW,ddos
1787352625.3378146,2,3,00:00:00:00:00:01,0,78116.0,4218264.0,4.638,0.0,715.8,Normal,ALLOW,ddos
1787352625.5503645,1,3,00:00:00:00:00:03,0,46796.2,2526994.8,4.443,0.0,95.4,Normal,ALLOW,ddos
1787352625.5564487,1,2,00:00:00:00:00:02,0,52054.71,2810954.12,4.555,0.0,95.4,Normal,ALLOW,ddos
1787352625.5622494,1,1,00:00:00:00:00:01,0,46795.54,2526959.04,4.166,0.0,95.4,Normal,ALLOW,ddos
1787352625.5690806,1,1,00:00:00:00:00:01,0,52054.71,2810954.12,5.101,0.0,95.4,Normal,ALLOW,ddos
1787352625.5754442,1,3,00:00:00:00:00:04,0,47103.42,2543584.72,4.534,0.0,95.4,Normal,ALLOW,ddos
1787352626.321161,2,3,00:00:00:00:00:01,0,75110.41,4055962.12,5.547,0.0,0.0,Normal,ALLOW,ddos
1787352626.327971,2,1,00:00:00:00:00:03,0,75111.41,4056016.08,4.59,0.0,0.0,Normal,ALLOW,ddos
1787352626.3348238,2,2,00:00:00:00:00:04,0,74975.52,4048678.29,5.142,0.0,0.0,Normal,ALLOW,ddos
1787352626.3416271,2,3,00:00:00:00:00:01,0,79018.1,4266977.47,4.88,0.0,0.0,Normal,ALLOW,ddos
1787352626.5303438,1,3,00:00:00:00:00:03,0,71217.0,3845718.0,4.336,0.0,100.0,Normal,ALLOW,ddos
1787352626.5362003,1,2,00:00:00:00:00:02,0,77953.0,4209462.0,4.36,0.0,100.0,Normal,ALLOW,ddos
1787352626.5425317,1,1,00:00:00:00:00:01,0,71217.0,3845718.0,4.47,0.0,100.0,Normal,ALLOW,ddos
1787352626.5484529,1,3,00:00:00:00:00:04,0,73478.0,3967812.0,4.29,0.0,100.0,Normal,ALLOW,ddos
1787352626.554485,1,1,00:00:00:00:00:01,0,77953.0,4209462.0,4.416,0.0,100.0,Normal,ALLOW,ddos
1787352627.324442,2,3,00:00:00:00:00:01,0,7837.02,423199.27,4.87,0.0,728.6,Normal,ALLOW,ddos
1787352627.330709,2,1,00:00:00:00:00:03,0,114406.0,6177923.77,4.414,0.0,728.6,Normal,ALLOW,ddos
1787352627.3371887,2,2,00:00:00:00:00:04,0,72829.72,3932804.87,4.832,0.0,728.6,Normal,ALLOW,ddos
1787352627.3438284,2,3,00:00:00:00:00:01,0,76632.66,4138163.57,4.635,0.0,728.6,Normal,ALLOW,ddos
1787352627.5394173,1,3,00:00:00:00:00:03,0,70235.69,3792727.23,5.452,0.0,98.2,Normal,ALLOW,ddos
1787352627.546045,1,2,00:00:00:00:00:02,0,79413.0,4288302.26,4.756,0.0,98.2,Normal,ALLOW,ddos
1787352627.5524802,1,1,00:00:00:00:00:01,0,70236.68,3792780.83,4.802,0.0,98.2,Normal,ALLOW,ddos
1787352627.5593157,1,1,00:00:00:00:00:01,0,79412.01,4288248.66,4.799,0.0,98.2,Normal,ALLOW,ddos
1787352627.5658064,1,3,00:00:00:00:00:04,0,71382.98,3854680.81,4.783,0.0,98.2,Normal,ALLOW,ddos
1787352628.3405151,2,1,00:00:00:00:00:03,0,121545.28,6563445.06,5.35,0.0,99.8,Normal,ALLOW,ddos
1787352628.346578,2,2,00:00:00:00:00:04,0,71175.07,3843454.02,4.248,0.0,99.8,Normal,ALLOW,ddos
1787352628.3522775,2,3,00:00:00:00:00:01,0,74948.56,4047221.98,4.167,0.0,99.8,Normal,ALLOW,ddos
1787352628.551298,1,3,00:00:00:00:00:03,0,69267.58,3740449.43,4.759,0.0,99.4,Normal,ALLOW,ddos
1787352628.5581105,1,2,00:00:00:00:00:02,0,77525.03,4186351.65,4.804,0.0,99.4,Normal,ALLOW,ddos
1787352628.564437,1,1,00:00:00:00:00:01,0,69267.58,3740449.43,4.527,0.0,99.4,Normal,ALLOW,ddos
1787352628.5712717,1,1,00:00:00:00:00:01,0,77526.02,4186404.97,5.131,0.0,99.4,Normal,ALLOW,ddos
1787352628.578007,1,3,00:00:00:00:00:04,0,70195.72,3790568.78,4.544,0.0,99.4,Normal,ALLOW,ddos
1787352629.3283474,2,1,00:00:00:00:00:03,0,122476.0,6613704.0,4.588,0.0,0.0,Normal,ALLOW,ddos
1787352629.3344135,2,2,00:00:00:00:00:04,0,68992.0,3725568.0,4.493,0.0,0.0,Normal,ALLOW,ddos
1787352629.3407285,2,3,00:00:00:00:00:01,0,72848.0,3933792.0,4.603,0.0,0.0,Normal,ALLOW,ddos
1787352629.6430604,1,3,00:00:00:00:00:03,0,63895.37,3450349.8,4.658,0.0,98.7,Normal,ALLOW,ddos
1787352629.649278,1,2,00:00:00:00:00:02,0,70603.16,3812570.73,4.614,0.0,98.7,Normal,ALLOW,ddos
1787352629.656461,1,1,00:00:00:00:00:01,0,63895.37,3450349.8,4.973,0.0,98.7,Normal,ALLOW,ddos
1787352629.6630003,1,1,00:00:00:00:00:01,0,70602.25,3812521.26,4.698,0.0,98.7,Normal,ALLOW,ddos
1787352629.6693776,1,3,00:00:00:00:00:04,0,66426.59,3587036.01,4.712,0.0,98.7,Normal,ALLOW,ddos
1787352630.3308725,2,1,00:00:00:00:00:03,0,118872.7,6419125.69,4.879,0.0,100.3,Normal,ALLOW,ddos
1787352630.3383021,2,2,00:00:00:00:00:04,0,69612.33,3759065.96,5.765,0.0,100.3,Normal,ALLOW,ddos
1787352630.3448951,2,3,00:00:00:00:00:01,0,73356.52,3961252.06,4.662,0.0,100.3,Normal,ALLOW,ddos
1787352630.6795318,1,3,00:00:00:00:00:03,0,66646.16,3598892.67,4.513,0.0,100.9,Normal,ALLOW,ddos
1787352630.6853447,1,2,00:00:00:00:00:02,0,73972.21,3994499.56,4.318,0.0,100.9,Normal,ALLOW,ddos
1787352630.691564,1,1,00:00:00:00:00:01,0,66646.16,3598892.67,4.543,0.0,100.9,Normal,ALLOW,ddos
1787352630.6974921,1,3,00:00:00:00:00:04,0,68416.68,3694500.71,4.333,0.0,100.9,Normal,ALLOW,ddos
1787352630.7033606,1,1,00:00:00:00:00:01,0,73973.18,3994551.63,4.379,0.0,100.9,Normal,ALLOW,ddos
1787352631.3308072,2,1,00:00:00:00:00:03,0,126547.46,6833562.64,4.52,0.0,0.0,Normal,ALLOW,ddos
1787352631.3373845,2,2,00:00:00:00:00:04,0,72511.11,3915599.83,4.889,0.0,0.0,Normal,ALLOW,ddos
1787352631.3440742,2,3,00:00:00:00:00:01,0,76276.21,4118915.11,4.743,0.0,0.0,Normal,ALLOW,ddos
1787352631.6806197,1,3,00:00:00:00:00:03,0,68416.23,3694476.48,5.112,0.0,100.3,Normal,ALLOW,ddos
1787352631.686683,1,2,00:00:00:00:00:02,0,76691.63,4141348.04,4.536,0.0,100.3,Normal,ALLOW,ddos
1787352631.6932406,1,1,00:00:00:00:00:01,0,68416.23,3694476.48,4.698,0.0,100.3,Normal,ALLOW,ddos
1787352631.6994069,1,3,00:00:00:00:00:04,0,71059.08,3837190.39,4.546,0.0,100.3,Normal,ALLOW,ddos
1787352631.705736,1,1,00:00:00:00:00:01,0,76691.63,4141348.04,4.672,0.0,100.3,Normal,ALLOW,ddos
1787352632.3333075,2,1,00:00:00:00:00:03,0,120393.61,6501254.74,4.615,0.0,99.5,Normal,ALLOW,ddos
1787352632.3395803,2,2,00:00:00:00:00:04,0,67575.37,3649069.81,4.618,0.0,99.5,Normal,ALLOW,ddos
1787352632.3460255,2,3,00:00:00:00:00:01,0,71431.08,3857278.56,4.494,0.0,99.5,Normal,ALLOW,ddos
1787352632.6871064,1,3,00:00:00:00:00:03,0,68953.7,3723499.87,4.958,0.0,99.1,Normal,ALLOW,ddos
1787352632.6936882,1,2,00:00:00:00:00:02,0,76505.94,4131320.96,4.65,0.0,99.1,Normal,ALLOW,ddos
1787352632.6998563,1,1,00:00:00:00:00:01,0,68952.71,3723446.23,4.548,0.0,99.1,Normal,ALLOW,ddos
1787352632.7062263,1,3,00:00:00:00:00:04,0,72724.86,3927142.18,4.702,0.0,99.1,Normal,ALLOW,ddos
1787352632.712679,1,1,00:00:00:00:00:01,0,76505.94,4131320.96,4.592,0.0,99.1,Normal,ALLOW,ddos
1787352633.3346841,2,1,00:00:00:00:00:03,0,121528.83,6562556.62,4.888,0.0,100.4,Normal,ALLOW,ddos
1787352633.3409681,2,2,00:00:00:00:00:04,0,68919.43,3721649.4,4.597,0.0,100.4,Normal,ALLOW,ddos
1787352633.3472857,2,3,00:00:00:00:00:01,0,72778.47,3930037.6,4.549,0.0,100.4,Normal,ALLOW,ddos
1787352633.6775384,1,3,00:00:00:00:00:03,0,68033.0,3673782.0,4.64,0.0,99.3,Normal,ALLOW,ddos
1787352633.6836593,1,2,00:00:00:00:00:02,0,75623.0,4083642.0,4.575,0.0,99.3,Normal,ALLOW,ddos
1787352633.6901927,1,1,00:00:00:00:00:01,0,68033.0,3673782.0,4.855,0.0,99.3,Normal,ALLOW,ddos
1787352633.6972318,1,1,00:00:00:00:00:01,0,75623.0,4083642.0,4.618,0.0,99.3,Normal,ALLOW,ddos
1787352633.7033465,1,3,00:00:00:00:00:04,0,70349.0,3798846.0,4.557,0.0,99.3,Normal,ALLOW,ddos
1787352634.3349435,2,1,00:00:00:00:00:03,0,122045.97,6590482.52,4.461,0.0,100.3,Normal,ALLOW,ddos
1787352634.3414493,2,2,00:00:00:00:00:04,0,69490.3,3752475.95,4.783,0.0,100.3,Normal,ALLOW,ddos
1787352634.347759,2,3,00:00:00:00:00:01,0,73390.67,3963096.4,4.471,0.0,100.3,Normal,ALLOW,ddos
1787352634.6748896,1,3,00:00:00:00:00:03,0,69134.0,3733236.0,4.867,0.0,97.2,Normal,ALLOW,ddos
1787352634.6812682,1,2,00:00:00:00:00:02,0,78985.0,4265190.0,4.651,0.0,97.2,Normal,ALLOW,ddos
1787352634.6877623,1,1,00:00:00:00:00:01,0,69135.0,3733290.0,4.798,0.0,97.2,Normal,ALLOW,ddos
1787352634.6943731,1,3,00:00:00:00:00:04,0,70263.0,3794202.0,4.652,0.0,97.2,Normal,ALLOW,ddos
1787352634.700643,1,1,00:00:00:00:00:01,0,78985.0,4265190.0,4.561,0.0,97.2,Normal,ALLOW,ddos
1787352635.2686124,1,3,00:00:00:00:00:03,0,68726.0,3711204.0,4.641,0.0,101.0,Normal,ALLOW,ddos
1787352635.2759786,1,2,00:00:00:00:00:02,0,77827.0,4202658.0,5.517,0.0,101.0,Normal,ALLOW,ddos
1787352635.2826185,1,1,00:00:00:00:00:01,0,68725.0,3711150.0,4.716,0.0,101.0,Normal,ALLOW,ddos
1787352635.289185,1,3,00:00:00:00:00:04,0,71984.0,3887136.0,4.871,0.0,101.0,Normal,ALLOW,ddos
1787352635.2954712,1,1,00:00:00:00:00:01,0,77827.0,4202658.0,4.393,0.0,101.0,Normal,ALLOW,ddos
1787352635.3389156,2,1,00:00:00:00:00:03,0,125850.96,6795952.07,4.811,0.0,100.0,Normal,ALLOW,ddos
1787352635.3457248,2,2,00:00:00:00:00:04,0,69287.94,3741548.66,4.845,0.0,100.0,Normal,ALLOW,ddos
1787352635.3522809,2,3,00:00:00:00:00:01,0,72979.15,3940874.06,4.793,0.0,100.0,Normal,ALLOW,ddos
1787352635.9745836,1,3,00:00:00:00:00:03,0,68300.0,3688200.0,4.934,0.0,99.4,Normal,ALLOW,ddos
1787352635.9813197,1,2,00:00:00:00:00:02,0,74280.0,4011120.0,4.863,0.0,99.4,Normal,ALLOW,ddos
1787352635.9878879,1,1,00:00:00:00:00:01,0,68300.0,3688200.0,4.85,0.0,99.4,Normal,ALLOW,ddos
1787352635.9945295,1,1,00:00:00:00:00:01,0,74280.0,4011120.0,4.674,0.0,99.4,Normal,ALLOW,ddos
1787352636.0006971,1,3,00:00:00:00:00:04,0,73985.0,3995190.0,4.565,0.0,99.4,Normal,ALLOW,ddos
1787352636.342381,2,1,00:00:00:00:00:03,0,124048.94,6698642.51,4.565,0.0,100.5,Normal,ALLOW,ddos
1787352636.3483753,2,2,00:00:00:00:00:04,0,73756.67,3982860.3,4.427,0.0,100.5,Normal,ALLOW,ddos
1787352636.3542447,2,3,00:00:00:00:00:01,0,77501.69,4185091.39,4.343,0.0,100.5,Normal,ALLOW,ddos
1787352636.5816078,1,3,00:00:00:00:00:03,0,70535.0,3808890.0,4.445,0.0,95.5,Normal,ALLOW,ddos
1787352636.5879562,1,2,00:00:00:00:00:02,0,76489.0,4130406.0,4.71,0.0,95.5,Normal,ALLOW,ddos
1787352636.5941672,1,1,00:00:00:00:00:01,0,70535.0,3808890.0,4.342,0.0,95.5,Normal,ALLOW,ddos
1787352636.600478,1,1,00:00:00:00:00:01,0,76489.0,4130406.0,4.771,0.0,95.5,Normal,ALLOW,ddos
1787352636.606741,1,3,00:00:00:00:00:04,0,72545.0,3917430.0,4.606,0.0,95.5,Normal,ALLOW,ddos
1787352637.341599,2,1,00:00:00:00:00:03,0,122507.0,6615378.0,4.617,0.0,0.0,Normal,ALLOW,ddos
1787352637.3476672,2,2,00:00:00:00:00:04,0,70682.0,3816828.0,4.299,0.0,0.0,Normal,ALLOW,ddos
1787352637.3536737,2,3,00:00:00:00:00:01,0,74666.0,4031964.0,4.401,0.0,0.0,Normal,ALLOW,ddos
1787352637.5513237,1,3,00:00:00:00:00:03,0,70877.0,3827358.0,4.405,0.0,100.2,Normal,ALLOW,ddos
1787352637.5576928,1,2,00:00:00:00:00:02,0,75192.0,4060368.0,4.685,0.0,100.2,Normal,ALLOW,ddos
1787352637.5638244,1,1,00:00:00:00:00:01,0,70878.0,3827412.0,4.352,0.0,100.2,Normal,ALLOW,ddos
1787352637.5698125,1,1,00:00:00:00:00:01,0,75192.0,4060368.0,4.358,0.0,100.2,Normal,ALLOW,ddos
1787352637.5763538,1,3,00:00:00:00:00:04,0,72756.0,3928824.0,4.543,0.0,100.2,Normal,ALLOW,ddos
1787352638.3460808,2,1,00:00:00:00:00:03,0,124594.91,6728124.88,4.41,0.0,0.0,Normal,ALLOW,ddos
1787352638.351926,2,2,00:00:00:00:00:04,0,72703.5,3925989.08,4.358,0.0,0.0,Normal,ALLOW,ddos
1787352638.3583422,2,3,00:00:00:00:00:01,0,76508.42,4131454.67,4.627,0.0,0.0,Normal,ALLOW,ddos
1787352638.5986936,1,3,00:00:00:00:00:03,0,68231.01,3684474.63,5.089,0.0,99.4,Normal,ALLOW,ddos
1787352638.6048775,1,2,00:00:00:00:00:02,0,70758.12,3820938.56,4.601,0.0,99.4,Normal,ALLOW,ddos
1787352638.611298,1,1,00:00:00:00:00:01,0,68230.06,3684423.03,4.567,0.0,99.4,Normal,ALLOW,ddos
1787352638.617332,1,1,00:00:00:00:00:01,0,70758.12,3820938.56,4.494,0.0,99.4,Normal,ALLOW,ddos
1787352638.623642,1,3,00:00:00:00:00:04,0,70036.77,3781985.72,4.672,0.0,99.4,Normal,ALLOW,ddos
1787352639.343615,2,1,00:00:00:00:00:03,0,122796.0,6630984.0,4.541,0.0,100.6,Normal,ALLOW,ddos
1787352639.349672,2,2,00:00:00:00:00:04,0,72070.0,3891780.0,4.464,0.0,100.6,Normal,ALLOW,ddos
1787352639.3561826,2,3,00:00:00:00:00:01,0,75750.0,4090500.0,4.786,0.0,100.6,Normal,ALLOW,ddos
1787352639.6178803,1,3,00:00:00:00:00:03,0,70065.78,3783552.24,4.891,0.0,98.6,Normal,ALLOW,ddos
1787352639.624966,1,2,00:00:00:00:00:02,0,75025.57,4051380.59,4.992,0.0,98.6,Normal,ALLOW,ddos
1787352639.631318,1,1,00:00:00:00:00:01,0,70066.76,3783605.21,4.614,0.0,98.6,Normal,ALLOW,ddos
1787352639.6386533,1,1,00:00:00:00:00:01,0,75025.57,4051380.59,5.686,0.0,98.6,Normal,ALLOW,ddos
1787352639.645577,1,3,00:00:00:00:00:04,0,69513.5,3753728.79,4.947,0.0,98.6,Normal,ALLOW,ddos
1787352640.3510425,2,1,00:00:00:00:00:03,0,118056.67,6375060.29,4.706,0.0,99.5,Normal,ALLOW,ddos
1787352640.3574016,2,2,00:00:00:00:00:04,0,69613.42,3759124.6,4.606,0.0,99.5,Normal,ALLOW,ddos
1787352640.363476,2,3,00:00:00:00:00:01,0,73455.41,3966592.22,4.347,0.0,99.5,Normal,ALLOW,ddos
1787352640.6148138,1,3,00:00:00:00:00:03,0,71279.0,3849066.0,4.54,0.0,102.5,Normal,ALLOW,ddos
1787352640.6213875,1,2,00:00:00:00:00:02,0,80126.0,4326804.0,4.555,0.0,102.5,Normal,ALLOW,ddos
1787352640.6277225,1,1,00:00:00:00:00:01,0,71279.0,3849066.0,4.501,0.0,102.5,Normal,ALLOW,ddos
1787352640.6337001,1,1,00:00:00:00:00:01,0,80126.0,4326804.0,4.349,0.0,102.5,Normal,ALLOW,ddos
1787352640.6400745,1,3,00:00:00:00:00:04,0,71953.0,3885462.0,4.643,0.0,102.5,Normal,ALLOW,ddos
1787352641.3483984,2,1,00:00:00:00:00:03,0,122058.0,6591132.0,4.524,0.0,0.0,Normal,ALLOW,ddos
1787352641.3556428,2,2,00:00:00:00:00:04,0,72636.0,3922344.0,5.68,0.0,0.0,Normal,ALLOW,ddos
1787352641.3622868,2,3,00:00:00:00:00:01,0,76452.0,4128408.0,4.719,0.0,0.0,Normal,ALLOW,ddos
1787352641.6326742,1,3,00:00:00:00:00:03,0,68952.32,3723425.06,4.46,0.0,102.1,Normal,ALLOW,ddos
1787352641.6419024,1,2,00:00:00:00:00:02,0,71454.58,3858547.43,7.434,0.0,102.1,Normal,ALLOW,ddos
1787352641.652118,1,1,00:00:00:00:00:01,0,68952.32,3723425.06,7.657,0.0,102.1,Normal,ALLOW,ddos
1787352641.6623948,1,1,00:00:00:00:00:01,0,71454.58,3858547.43,7.797,0.0,102.1,Normal,ALLOW,ddos
1787352641.6723597,1,3,00:00:00:00:00:04,0,70849.4,3825867.66,7.534,0.0,102.1,Normal,ALLOW,ddos
1787352642.3482256,2,1,00:00:00:00:00:03,0,119642.0,6460668.0,4.494,0.0,99.3,Normal,ALLOW,ddos
1787352642.3547907,2,2,00:00:00:00:00:04,0,72178.0,3897612.0,4.836,0.0,99.3,Normal,ALLOW,ddos
1787352642.36114,2,3,00:00:00:00:00:01,0,75945.0,4101030.0,4.398,0.0,99.3,Normal,ALLOW,ddos
1787352642.6727254,1,3,00:00:00:00:00:03,0,66851.31,3609970.78,4.989,0.0,99.1,Normal,ALLOW,ddos
1787352642.6793585,1,2,00:00:00:00:00:02,0,76894.89,4152324.3,4.599,0.0,99.1,Normal,ALLOW,ddos
1787352642.6856074,1,1,00:00:00:00:00:01,0,66850.35,3609918.79,4.516,0.0,99.1,Normal,ALLOW,ddos
1787352642.6922557,1,1,00:00:00:00:00:01,0,76894.89,4152324.3,4.651,0.0,99.1,Normal,ALLOW,ddos
1787352642.6985552,1,3,00:00:00:00:00:04,0,69544.43,3755399.1,4.482,0.0,99.1,Normal,ALLOW,ddos
1787352643.351973,2,1,00:00:00:00:00:03,0,125192.48,6760393.77,4.618,0.0,0.0,Normal,ALLOW,ddos
1787352643.3586693,2,2,00:00:00:00:00:04,0,71382.07,3854631.71,4.78,0.0,0.0,Normal,ALLOW,ddos
1787352643.3649378,2,3,00:00:00:00:00:01,0,75059.72,4053224.83,4.588,0.0,0.0,Normal,ALLOW,ddos
1787352643.707174,1,3,00:00:00:00:00:03,0,68395.66,3693365.75,5.154,0.0,101.7,Normal,ALLOW,ddos
1787352643.7132127,1,2,00:00:00:00:00:02,0,74790.7,4038697.61,4.344,0.0,101.7,Normal,ALLOW,ddos
1787352643.7202852,1,1,00:00:00:00:00:01,0,68396.63,3693417.92,5.355,0.0,101.7,Normal,ALLOW,ddos
1787352643.7274866,1,1,00:00:00:00:00:01,0,74790.7,4038697.61,5.068,0.0,101.7,Normal,ALLOW,ddos
1787352643.7335336,1,3,00:00:00:00:00:04,0,68243.97,3685174.62,4.417,0.0,101.7,Normal,ALLOW,ddos
1787352644.350242,2,1,00:00:00:00:00:03,0,127994.0,6911676.0,4.333,0.0,99.4,Normal,ALLOW,ddos
1787352644.356757,2,2,00:00:00:00:00:04,0,71785.0,3876390.0,4.937,0.0,99.4,Normal,ALLOW,ddos
1787352644.3629367,2,3,00:00:00:00:00:01,0,75595.0,4082130.0,4.425,0.0,99.4,Normal,ALLOW,ddos
1787352644.727803,1,3,00:00:00:00:00:03,0,64673.61,3492374.85,5.065,0.0,101.0,Normal,ALLOW,ddos
1787352644.7338033,1,2,00:00:00:00:00:02,0,75104.55,4055645.75,4.437,0.0,101.0,Normal,ALLOW,ddos
1787352644.7403126,1,1,00:00:00:00:00:01,0,64673.61,3492374.85,4.732,0.0,101.0,Normal,ALLOW,ddos
1787352644.746812,1,1,00:00:00:00:00:01,0,75103.57,4055592.84,4.533,0.0,101.0,Normal,ALLOW,ddos
1787352644.7544382,1,3,00:00:00:00:00:04,0,70329.01,3797766.51,5.588,0.0,101.0,Normal,ALLOW,ddos
1787352645.3542452,2,1,00:00:00:00:00:03,0,127683.49,6894908.67,4.884,0.0,98.9,Normal,ALLOW,ddos
1787352645.3608935,2,2,00:00:00:00:00:04,0,72260.89,3902087.95,4.706,0.0,98.9,Normal,ALLOW,ddos
1787352645.3670046,2,3,00:00:00:00:00:01,0,76000.51,4104027.73,4.527,0.0,98.9,Normal,ALLOW,ddos
1787352645.7727954,1,3,00:00:00:00:00:03,0,65931.22,3560285.86,4.967,0.0,98.1,Normal,ALLOW,ddos
1787352645.7792888,1,2,00:00:00:00:00:02,0,73339.19,3960316.24,4.63,0.0,98.1,Normal,ALLOW,ddos
1787352645.7854786,1,1,00:00:00:00:00:01,0,65931.22,3560285.86,4.611,0.0,98.1,Normal,ALLOW,ddos
1787352645.7922416,1,1,00:00:00:00:00:01,0,73339.19,3960316.24,4.734,0.0,98.1,Normal,ALLOW,ddos
1787352645.7986062,1,3,00:00:00:00:00:04,0,70101.61,3785487.0,4.601,0.0,98.1,Normal,ALLOW,ddos
1787352646.3593783,2,1,00:00:00:00:00:03,0,123156.53,6650452.43,4.634,0.0,0.0,Normal,ALLOW,ddos
1787352646.3654466,2,2,00:00:00:00:00:04,0,70569.59,3810757.88,4.495,0.0,0.0,Normal,ALLOW,ddos
1787352646.3718371,2,3,00:00:00:00:00:01,0,74290.79,4011702.71,4.764,0.0,0.0,Normal,ALLOW,ddos
1787352646.7873871,1,3,00:00:00:00:00:03,0,68263.6,3686234.64,4.549,0.0,100.5,Normal,ALLOW,ddos
1787352646.793834,1,2,00:00:00:00:00:02,0,76380.37,4124540.17,4.442,0.0,100.5,Normal,ALLOW,ddos
1787352646.7999008,1,1,00:00:00:00:00:01,0,68262.62,3686181.45,4.367,0.0,100.5,Normal,ALLOW,ddos
1787352646.806784,1,1,00:00:00:00:00:01,0,76381.36,4124593.36,4.58,0.0,100.5,Normal,ALLOW,ddos
1787352646.8129246,1,3,00:00:00:00:00:04,0,70666.13,3815970.95,4.257,0.0,100.5,Normal,ALLOW,ddos
1787352647.3570607,2,1,00:00:00:00:00:03,0,127929.0,6908166.0,4.682,0.0,737.2,Normal,ALLOW,ddos
1787352647.36315,2,2,00:00:00:00:00:04,0,73441.0,3965814.0,4.434,0.0,737.2,Normal,ALLOW,ddos
1787352647.3691013,2,3,00:00:00:00:00:01,0,77337.0,4176198.0,4.372,0.0,737.2,Normal,ALLOW,ddos
1787352647.7759514,1,3,00:00:00:00:00:03,0,69475.0,3751650.0,4.803,0.0,100.5,Normal,ALLOW,ddos
1787352647.7822993,1,2,00:00:00:00:00:02,0,80549.0,4349646.0,4.692,0.0,100.5,Normal,ALLOW,ddos
1787352647.7896695,1,1,00:00:00:00:00:01,0,69476.0,3751704.0,5.431,0.0,100.5,Normal,ALLOW,ddos
1787352647.7961154,1,1,00:00:00:00:00:01,0,80549.0,4349646.0,4.427,0.0,100.5,Normal,ALLOW,ddos
1787352647.8025718,1,3,00:00:00:00:00:04,0,71362.0,3853548.0,4.752,0.0,100.5,Normal,ALLOW,ddos
1787352648.361931,2,1,00:00:00:00:00:03,0,127031.01,6859674.33,4.626,0.0,0.0,Normal,ALLOW,ddos
1787352648.3695595,2,2,00:00:00:00:00:04,0,73958.7,3993770.05,5.662,0.0,0.0,Normal,ALLOW,ddos
1787352648.3762581,2,3,00:00:00:00:00:01,0,77818.74,4202212.15,4.656,0.0,0.0,Normal,ALLOW,ddos
1787352648.78581,1,3,00:00:00:00:00:03,0,67673.47,3654367.41,4.658,0.0,99.4,Normal,ALLOW,ddos
1787352648.7923656,1,2,00:00:00:00:00:02,0,77499.88,4184993.67,4.752,0.0,99.4,Normal,ALLOW,ddos
1787352648.7983336,1,1,00:00:00:00:00:01,0,67672.48,3654313.92,4.322,0.0,99.4,Normal,ALLOW,ddos
1787352648.8042758,1,1,00:00:00:00:00:01,0,77499.88,4184993.67,4.305,0.0,99.4,Normal,ALLOW,ddos
1787352648.8107605,1,3,00:00:00:00:00:04,0,70338.09,3798256.99,4.462,0.0,99.4,Normal,ALLOW,ddos
1787352649.3606188,2,1,00:00:00:00:00:03,0,125019.0,6751026.0,4.784,0.0,100.8,Normal,ALLOW,ddos
1787352649.366772,2,2,00:00:00:00:00:04,0,71639.0,3868506.0,4.489,0.0,100.8,Normal,ALLOW,ddos
1787352649.373076,2,3,00:00:00:00:00:01,0,75559.0,4080186.0,4.64,0.0,100.8,Normal,ALLOW,ddos
1787352649.750853,1,3,00:00:00:00:00:03,0,68968.0,3724272.0,4.588,0.0,100.0,Normal,ALLOW,ddos
1787352649.7573812,1,2,00:00:00:00:00:02,0,78119.0,4218426.0,4.899,0.0,100.0,Normal,ALLOW,ddos
1787352649.763691,1,1,00:00:00:00:00:01,0,68969.0,3724326.0,4.509,0.0,100.0,Normal,ALLOW,ddos
1787352649.7699494,1,1,00:00:00:00:00:01,0,78119.0,4218426.0,4.641,0.0,100.0,Normal,ALLOW,ddos
1787352649.7764626,1,3,00:00:00:00:00:04,0,73429.0,3965166.0,4.534,0.0,100.0,Normal,ALLOW,ddos
1787352650.3620162,2,1,00:00:00:00:00:03,0,125630.53,6784048.82,4.6,0.0,99.8,Normal,ALLOW,ddos
1787352650.3681612,2,2,00:00:00:00:00:04,0,72387.64,3908932.82,4.566,0.0,99.8,Normal,ALLOW,ddos
1787352650.374756,2,3,00:00:00:00:00:01,0,76276.5,4118931.07,4.795,0.0,99.8,Normal,ALLOW,ddos
1787352650.7595565,1,3,00:00:00:00:00:03,0,67532.04,3646730.39,4.705,0.0,98.3,Normal,ALLOW,ddos
1787352650.7661483,1,2,00:00:00:00:00:02,0,77115.41,4164232.32,4.474,0.0,98.3,Normal,ALLOW,ddos
1787352650.7722816,1,1,00:00:00:00:00:01,0,67532.04,3646730.39,4.527,0.0,98.3,Normal,ALLOW,ddos
1787352650.7786279,1,1,00:00:00:00:00:01,0,77115.41,4164232.32,4.557,0.0,98.3,Normal,ALLOW,ddos
1787352650.784613,1,3,00:00:00:00:00:04,0,69930.12,3776226.42,4.47,0.0,98.3,Normal,ALLOW,ddos
1787352651.365696,2,1,00:00:00:00:00:03,0,123169.29,6651141.45,4.726,0.0,0.0,Normal,ALLOW,ddos
1787352651.372115,2,2,00:00:00:00:00:04,0,70695.46,3817554.7,4.763,0.0,0.0,Normal,ALLOW,ddos
1787352651.378533,2,3,00:00:00:00:00:01,0,74519.85,4024071.8,4.56,0.0,0.0,Normal,ALLOW,ddos
1787352651.768513,1,3,00:00:00:00:00:03,0,66563.72,3594441.01,4.725,0.0,99.4,Normal,ALLOW,ddos
1787352651.775236,1,2,00:00:00:00:00:02,0,77401.61,4179687.06,4.914,0.0,99.4,Normal,ALLOW,ddos
1787352651.7816472,1,1,00:00:00:00:00:01,0,66563.72,3594441.01,4.27,0.0,99.4,Normal,ALLOW,ddos
1787352651.7879775,1,1,00:00:00:00:00:01,0,77401.61,4179687.06,4.744,0.0,99.4,Normal,ALLOW,ddos
1787352651.7941782,1,3,00:00:00:00:00:04,0,74244.65,4009210.95,4.243,0.0,99.4,Normal,ALLOW,ddos
1787352652.3656025,2,1,00:00:00:00:00:03,0,113875.0,6149250.0,4.658,0.0,100.5,Normal,ALLOW,ddos
1787352652.372022,2,2,00:00:00:00:00:04,0,68545.0,3701430.0,4.822,0.0,100.5,Normal,ALLOW,ddos
1787352652.3785264,2,3,00:00:00:00:00:01,0,72335.0,3906090.0,4.666,0.0,100.5,Normal,ALLOW,ddos
1787352652.799752,1,3,00:00:00:00:00:03,0,65623.92,3543691.68,4.623,0.0,96.8,Normal,ALLOW,ddos
1787352652.8061101,1,2,00:00:00:00:00:02,0,76762.28,4145163.15,4.61,0.0,96.8,Normal,ALLOW,ddos
1787352652.8125014,1,1,00:00:00:00:00:01,0,65623.92,3543691.68,4.511,0.0,96.8,Normal,ALLOW,ddos
1787352652.8193486,1,1,00:00:00:00:00:01,0,76762.28,4145163.15,4.67,0.0,96.8,Normal,ALLOW,ddos
1787352652.8260083,1,3,00:00:00:00:00:04,0,70653.49,3815288.48,4.733,0.0,96.8,Normal,ALLOW,ddos
1787352653.3846722,2,1,00:00:00:00:00:03,0,117834.52,6363063.99,7.515,0.0,0.0,Normal,ALLOW,ddos
1787352653.3918078,2,2,00:00:00:00:00:04,0,65821.31,3554350.75,4.924,0.0,0.0,Normal,ALLOW,ddos
1787352653.398449,2,3,00:00:00:00:00:01,0,69421.5,3748760.87,4.835,0.0,0.0,Normal,ALLOW,ddos
1787352653.7741125,1,3,00:00:00:00:00:03,0,67362.0,3637548.0,4.997,0.0,99.4,Normal,ALLOW,ddos
1787352653.7805326,1,2,00:00:00:00:00:02,0,77792.0,4200768.0,4.582,0.0,99.4,Normal,ALLOW,ddos
1787352653.7867177,1,1,00:00:00:00:00:01,0,67362.0,3637548.0,4.561,0.0,99.4,Normal,ALLOW,ddos
1787352653.793116,1,1,00:00:00:00:00:01,0,77792.0,4200768.0,4.422,0.0,99.4,Normal,ALLOW,ddos
1787352653.7989607,1,3,00:00:00:00:00:04,0,67900.0,3666600.0,4.233,0.0,99.4,Normal,ALLOW,ddos
1787352654.3730576,2,1,00:00:00:00:00:03,0,116828.0,6308712.0,5.039,0.0,100.2,Normal,ALLOW,ddos
1787352654.379532,2,2,00:00:00:00:00:04,0,68956.0,3723624.0,4.511,0.0,100.2,Normal,ALLOW,ddos
1787352654.3857422,2,3,00:00:00:00:00:01,0,72619.0,3921426.0,4.535,0.0,100.2,Normal,ALLOW,ddos
1787352654.8133025,1,3,00:00:00:00:00:03,0,64724.98,3495148.95,4.516,0.0,100.1,Normal,ALLOW,ddos
1787352654.819717,1,2,00:00:00:00:00:02,0,73923.44,3991865.74,4.755,0.0,100.1,Normal,ALLOW,ddos
1787352654.8263664,1,1,00:00:00:00:00:01,0,64724.98,3495148.95,4.543,0.0,100.1,Normal,ALLOW,ddos
1787352654.8322625,1,1,00:00:00:00:00:01,0,73923.44,3991865.74,4.364,0.0,100.1,Normal,ALLOW,ddos
1787352654.838746,1,3,00:00:00:00:00:04,0,68457.86,3696724.22,4.886,0.0,100.1,Normal,ALLOW,ddos
1787352655.3693986,2,1,00:00:00:00:00:03,0,116663.0,6299802.0,4.93,0.0,0.0,Normal,ALLOW,ddos
1787352655.375947,2,2,00:00:00:00:00:04,0,64117.0,3462318.0,4.708,0.0,0.0,Normal,ALLOW,ddos
1787352655.3820791,2,3,00:00:00:00:00:01,0,67860.0,3664440.0,4.393,0.0,0.0,Normal,ALLOW,ddos
1787352655.8337212,1,3,00:00:00:00:00:03,0,67789.98,3660658.86,4.637,0.0,101.2,Normal,ALLOW,ddos
1787352655.840449,1,2,00:00:00:00:00:02,0,77444.31,4181992.89,5.058,0.0,101.2,Normal,ALLOW,ddos
1787352655.8468878,1,1,00:00:00:00:00:01,0,67789.0,3660605.96,4.538,0.0,101.2,Normal,ALLOW,ddos
1787352655.8531158,1,1,00:00:00:00:00:01,0,77444.31,4181992.89,4.578,0.0,101.2,Normal,ALLOW,ddos
1787352655.8594995,1,3,00:00:00:00:00:04,0,68652.06,3707211.27,4.541,0.0,101.2,Normal,ALLOW,ddos
1787352656.3539188,1,3,00:00:00:00:00:03,0,68008.0,3672432.0,4.792,0.0,100.0,Normal,ALLOW,ddos
1787352656.3603063,1,2,00:00:00:00:00:02,0,74875.0,4043250.0,4.583,0.0,100.0,Normal,ALLOW,ddos
1787352656.3663933,1,1,00:00:00:00:00:01,0,68008.0,3672432.0,4.417,0.0,100.0,Normal,ALLOW,ddos
1787352656.3727248,1,1,00:00:00:00:00:01,0,74875.0,4043250.0,4.646,0.0,100.0,Normal,ALLOW,ddos
1787352656.378983,1,3,00:00:00:00:00:04,0,71867.0,3880818.0,4.359,0.0,100.0,Normal,ALLOW,ddos
1787352656.4025762,2,1,00:00:00:00:00:03,0,116294.29,6279891.89,4.676,0.0,726.5,Normal,ALLOW,ddos
1787352656.4093235,2,2,00:00:00:00:00:04,0,61876.54,3341333.06,4.725,0.0,726.5,Normal,ALLOW,ddos
1787352656.4154754,2,3,00:00:00:00:00:01,0,65561.42,3540316.49,4.397,0.0,726.5,Normal,ALLOW,ddos
1787352656.8829443,1,3,00:00:00:00:00:03,0,66180.0,3573720.0,4.714,0.0,100.1,Normal,ALLOW,ddos
1787352656.889804,1,2,00:00:00:00:00:02,0,78466.0,4237164.0,4.777,0.0,100.1,Normal,ALLOW,ddos
1787352656.8963027,1,1,00:00:00:00:00:01,0,66181.0,3573774.0,4.644,0.0,100.1,Normal,ALLOW,ddos
1787352656.9025555,1,1,00:00:00:00:00:01,0,78466.0,4237164.0,4.526,0.0,100.1,Normal,ALLOW,ddos
1787352656.9090729,1,3,00:00:00:00:00:04,0,72079.0,3892266.0,4.473,0.0,100.1,Normal,ALLOW,ddos
1787352657.375677,2,1,00:00:00:00:00:03,0,118986.0,6425244.0,4.771,0.0,0.0,Normal,ALLOW,ddos
1787352657.3818042,2,2,00:00:00:00:00:04,0,64043.0,3458322.0,4.451,0.0,0.0,Normal,ALLOW,ddos
1787352657.3879457,2,3,00:00:00:00:00:01,0,67714.0,3656556.0,4.506,0.0,0.0,Normal,ALLOW,ddos
1787352657.5912066,1,3,00:00:00:00:00:03,0,66901.0,3612654.0,5.148,0.0,97.9,Normal,ALLOW,ddos
1787352657.597588,1,2,00:00:00:00:00:02,0,77492.0,4184568.0,4.588,0.0,97.9,Normal,ALLOW,ddos
1787352657.6037743,1,1,00:00:00:00:00:01,0,66901.0,3612654.0,4.533,0.0,97.9,Normal,ALLOW,ddos
1787352657.6104739,1,1,00:00:00:00:00:01,0,77492.0,4184568.0,4.583,0.0,97.9,Normal,ALLOW,ddos
1787352657.6166613,1,3,00:00:00:00:00:04,0,71930.0,3884220.0,4.515,0.0,97.9,Normal,ALLOW,ddos
1787352658.371867,2,1,00:00:00:00:00:03,0,124680.0,6732720.0,5.235,0.0,99.9,Normal,ALLOW,ddos
1787352658.3791203,2,2,00:00:00:00:00:04,0,66377.0,3584358.0,4.728,0.0,99.9,Normal,ALLOW,ddos
1787352658.386355,2,3,00:00:00:00:00:01,0,70217.0,3791718.0,5.076,0.0,99.9,Normal,ALLOW,ddos
1787352658.6297185,1,3,00:00:00:00:00:03,0,66513.01,3591702.62,4.594,0.0,97.8,Normal,ALLOW,ddos
1787352658.6361766,1,2,00:00:00:00:00:02,0,73878.96,3989463.83,4.432,0.0,97.8,Normal,ALLOW,ddos
1787352658.6427033,1,1,00:00:00:00:00:01,0,66513.01,3591702.62,4.566,0.0,97.8,Normal,ALLOW,ddos
1787352658.6488605,1,1,00:00:00:00:00:01,0,73878.96,3989463.83,4.439,0.0,97.8,Normal,ALLOW,ddos
1787352658.6551642,1,3,00:00:00:00:00:04,0,66204.97,3575068.59,4.491,0.0,97.8,Normal,ALLOW,ddos
1787352659.3738074,2,1,00:00:00:00:00:03,0,119833.44,6471005.52,5.154,0.0,100.8,Normal,ALLOW,ddos
1787352659.3802328,2,2,00:00:00:00:00:04,0,66107.43,3569801.03,4.566,0.0,100.8,Normal,ALLOW,ddos
1787352659.3864434,2,3,00:00:00:00:00:01,0,69644.97,3760828.62,4.605,0.0,100.8,Normal,ALLOW,ddos
1787352659.6926348,1,3,00:00:00:00:00:03,0,65162.35,3518766.89,7.6,0.0,101.6,Normal,ALLOW,ddos
1787352659.7005353,1,2,00:00:00:00:00:02,0,73778.98,3984065.12,5.426,0.0,101.6,Normal,ALLOW,ddos
1787352659.7073045,1,1,00:00:00:00:00:01,0,65162.35,3518766.89,4.891,0.0,101.6,Normal,ALLOW,ddos
1787352659.713651,1,1,00:00:00:00:00:01,0,73778.98,3984065.12,4.57,0.0,101.6,Normal,ALLOW,ddos
1787352659.7200587,1,3,00:00:00:00:00:04,0,65284.96,3525387.82,4.635,0.0,101.6,Normal,ALLOW,ddos
1787352660.3764546,2,1,00:00:00:00:00:03,0,115626.95,6243855.28,4.601,0.0,99.0,Normal,ALLOW,ddos
1787352660.3825731,2,2,00:00:00:00:00:04,0,65842.13,3555474.87,4.541,0.0,99.0,Normal,ALLOW,ddos
1787352660.3890119,2,3,00:00:00:00:00:01,0,69581.32,3757391.39,4.817,0.0,99.0,Normal,ALLOW,ddos
1787352660.7644324,1,3,00:00:00:00:00:03,0,64614.69,3489193.41,4.547,0.0,100.6,Normal,ALLOW,ddos
1787352660.7707047,1,2,00:00:00:00:00:02,0,73240.1,3954965.13,4.69,0.0,100.6,Normal,ALLOW,ddos
1787352660.7774398,1,1,00:00:00:00:00:01,0,64614.69,3489193.41,4.579,0.0,100.6,Normal,ALLOW,ddos
1787352660.7835786,1,1,00:00:00:00:00:01,0,73240.1,3954965.13,4.545,0.0,100.6,Normal,ALLOW,ddos
1787352660.7908058,1,3,00:00:00:00:00:04,0,65333.86,3528028.65,4.828,0.0,100.6,Normal,ALLOW,ddos
1787352661.3795426,2,1,00:00:00:00:00:03,0,117137.94,6325448.89,4.734,0.0,0.0,Normal,ALLOW,ddos
1787352661.3858838,2,2,00:00:00:00:00:04,0,64851.99,3502007.67,4.735,0.0,0.0,Normal,ALLOW,ddos
1787352661.3927543,2,3,00:00:00:00:00:01,0,68375.39,3692271.01,4.959,0.0,0.0,Normal,ALLOW,ddos
1787352661.80629,1,3,00:00:00:00:00:03,0,65967.25,3562231.74,4.887,0.0,100.9,Normal,ALLOW,ddos
1787352661.8126335,1,2,00:00:00:00:00:02,0,74876.12,4043310.34,4.53,0.0,100.9,Normal,ALLOW,ddos
1787352661.8186405,1,1,00:00:00:00:00:01,0,65967.25,3562231.74,4.474,0.0,100.9,Normal,ALLOW,ddos
1787352661.825119,1,1,00:00:00:00:00:01,0,74875.16,4043258.5,4.696,0.0,100.9,Normal,ALLOW,ddos
1787352661.831846,1,3,00:00:00:00:00:04,0,70528.74,3808551.87,4.962,0.0,100.9,Normal,ALLOW,ddos
1787352662.4007215,2,1,00:00:00:00:00:03,0,113622.36,6135607.64,7.895,0.0,100.0,Normal,ALLOW,ddos
1787352662.4110353,2,2,00:00:00:00:00:04,0,60244.7,3253213.67,7.919,0.0,100.0,Normal,ALLOW,ddos
1787352662.4206142,2,3,00:00:00:00:00:01,0,63808.59,3445663.74,7.095,0.0,100.0,Normal,ALLOW,ddos
1787352662.7409818,1,3,00:00:00:00:00:03,0,66784.0,3606336.0,5.441,0.0,99.4,Normal,ALLOW,ddos
1787352662.7473264,1,2,00:00:00:00:00:02,0,78203.0,4222962.0,4.552,0.0,99.4,Normal,ALLOW,ddos
1787352662.7535856,1,1,00:00:00:00:00:01,0,66784.0,3606336.0,4.664,0.0,99.4,Normal,ALLOW,ddos
1787352662.760212,1,1,00:00:00:00:00:01,0,78204.0,4223016.0,4.588,0.0,99.4,Normal,ALLOW,ddos
1787352662.7664351,1,3,00:00:00:00:00:04,0,69587.0,3757698.0,4.59,0.0,99.4,Normal,ALLOW,ddos
1787352663.386685,2,1,00:00:00:00:00:03,0,117666.0,6353964.0,5.067,0.0,100.6,Normal,ALLOW,ddos
1787352663.3933198,2,2,00:00:00:00:00:04,0,67661.0,3653694.0,4.676,0.0,100.6,Normal,ALLOW,ddos
1787352663.3993483,2,3,00:00:00:00:00:01,0,71278.0,3849012.0,4.454,0.0,100.6,Normal,ALLOW,ddos
1787352663.7804112,1,3,00:00:00:00:00:03,0,67936.78,3668586.31,4.774,0.0,99.2,Normal,ALLOW,ddos
1787352663.7880611,1,2,00:00:00:00:00:02,0,74863.36,4042621.34,5.93,0.0,99.2,Normal,ALLOW,ddos
1787352663.794621,1,1,00:00:00:00:00:01,0,67936.78,3668586.31,4.574,0.0,99.2,Normal,ALLOW,ddos
1787352663.800703,1,1,00:00:00:00:00:01,0,74863.36,4042621.34,4.439,0.0,99.2,Normal,ALLOW,ddos
1787352663.8072996,1,3,00:00:00:00:00:04,0,69677.32,3762575.4,4.832,0.0,99.2,Normal,ALLOW,ddos
1787352664.3868525,2,1,00:00:00:00:00:03,0,116740.96,6304011.94,4.775,0.0,100.6,Normal,ALLOW,ddos
1787352664.3937507,2,2,00:00:00:00:00:04,0,66216.38,3575684.45,4.628,0.0,100.6,Normal,ALLOW,ddos
1787352664.399993,2,3,00:00:00:00:00:01,0,69709.55,3764315.82,4.57,0.0,100.6,Normal,ALLOW,ddos
1787352664.7824085,1,3,00:00:00:00:00:03,0,70084.88,3784583.32,4.707,0.0,101.5,Normal,ALLOW,ddos
1787352664.7888281,1,2,00:00:00:00:00:02,0,78290.07,4227663.59,4.775,0.0,101.5,Normal,ALLOW,ddos
1787352664.795632,1,1,00:00:00:00:00:01,0,70083.88,3784529.44,4.935,0.0,101.5,Normal,ALLOW,ddos
1787352664.8015602,1,1,00:00:00:00:00:01,0,78290.07,4227663.59,4.39,0.0,101.5,Normal,ALLOW,ddos
1787352664.8080082,1,3,00:00:00:00:00:04,0,72423.8,3910885.18,4.714,0.0,101.5,Normal,ALLOW,ddos
1787352665.3890696,2,1,00:00:00:00:00:03,0,117862.58,6364579.15,5.24,0.0,0.0,Normal,ALLOW,ddos
1787352665.3954563,2,2,00:00:00:00:00:04,0,66496.46,3590808.73,4.534,0.0,0.0,Normal,ALLOW,ddos
1787352665.401478,2,3,00:00:00:00:00:01,0,70223.41,3792064.29,4.477,0.0,0.0,Normal,ALLOW,ddos
1787352665.8142953,1,3,00:00:00:00:00:03,0,68735.84,3711735.43,4.704,0.0,98.7,Normal,ALLOW,ddos
1787352665.820548,1,2,00:00:00:00:00:02,0,74027.69,3997495.05,4.612,0.0,98.7,Normal,ALLOW,ddos
1787352665.8271286,1,1,00:00:00:00:00:01,0,68735.84,3711735.43,4.572,0.0,98.7,Normal,ALLOW,ddos
1787352665.8331072,1,1,00:00:00:00:00:01,0,74027.69,3997495.05,4.391,0.0,98.7,Normal,ALLOW,ddos
1787352665.840082,1,3,00:00:00:00:00:04,0,71523.73,3862281.19,5.186,0.0,98.7,Normal,ALLOW,ddos
1787352666.386798,2,1,00:00:00:00:00:03,0,110527.0,5968458.0,4.668,0.0,101.3,Normal,ALLOW,ddos
1787352666.3934283,2,2,00:00:00:00:00:04,0,64098.0,3461292.0,4.524,0.0,101.3,Normal,ALLOW,ddos
1787352666.3994148,2,3,00:00:00:00:00:01,0,67761.0,3659094.0,4.345,0.0,101.3,Normal,ALLOW,ddos
1787352666.8728082,1,3,00:00:00:00:00:03,0,66958.64,3615766.63,5.043,0.0,98.9,Normal,ALLOW,ddos
1787352666.8816006,1,2,00:00:00:00:00:02,0,73604.79,3974658.75,6.319,0.0,98.9,Normal,ALLOW,ddos
1787352666.8917415,1,1,00:00:00:00:00:01,0,66959.59,3615817.67,7.817,0.0,98.9,Normal,ALLOW,ddos
1787352666.8990085,1,1,00:00:00:00:00:01,0,73604.79,3974658.75,4.988,0.0,98.9,Normal,ALLOW,ddos
1787352666.905574,1,3,00:00:00:00:00:04,0,67680.72,3654758.89,4.88,0.0,98.9,Normal,ALLOW,ddos
1787352667.3905137,2,1,00:00:00:00:00:03,0,119592.98,6458021.15,5.298,0.0,100.5,Normal,ALLOW,ddos
1787352667.3968737,2,2,00:00:00:00:00:04,0,64520.38,3484100.34,4.604,0.0,100.5,Normal,ALLOW,ddos
1787352667.4029932,2,3,00:00:00:00:00:01,0,68197.0,3682638.07,4.517,0.0,100.5,Normal,ALLOW,ddos
1787352667.9483027,1,3,00:00:00:00:00:03,0,65239.0,3522905.82,4.576,0.0,98.6,Normal,ALLOW,ddos
1787352667.9553661,1,2,00:00:00:00:00:02,0,73589.94,3973856.63,5.458,0.0,98.6,Normal,ALLOW,ddos
1787352667.964027,1,1,00:00:00:00:00:01,0,65239.0,3522905.82,6.733,0.0,98.6,Normal,ALLOW,ddos
1787352667.9724977,1,1,00:00:00:00:00:01,0,73589.94,3973856.63,6.265,0.0,98.6,Normal,ALLOW,ddos
1787352667.9802122,1,3,00:00:00:00:00:04,0,65598.61,3542324.75,5.708,0.0,98.6,Normal,ALLOW,ddos
1787352668.41121,2,1,00:00:00:00:00:03,0,117426.35,6341023.01,4.65,0.0,0.0,Normal,ALLOW,ddos
1787352668.4173024,2,2,00:00:00:00:00:04,0,62841.19,3393424.26,4.563,0.0,0.0,Normal,ALLOW,ddos
1787352668.423577,2,3,00:00:00:00:00:01,0,66166.71,3573002.41,4.617,0.0,0.0,Normal,ALLOW,ddos
1787352669.0387123,1,3,00:00:00:00:00:03,0,62120.33,3354497.92,4.743,0.0,102.0,Normal,ALLOW,ddos
1787352669.0456882,1,2,00:00:00:00:00:02,0,70654.84,3815361.17,4.439,0.0,102.0,Normal,ALLOW,ddos
1787352669.051711,1,1,00:00:00:00:00:01,0,62120.33,3354497.92,4.358,0.0,102.0,Normal,ALLOW,ddos
1787352669.058412,1,1,00:00:00:00:00:01,0,70654.84,3815361.17,4.795,0.0,102.0,Normal,ALLOW,ddos
1787352669.0646532,1,3,00:00:00:00:00:04,0,66280.71,3579158.23,4.45,0.0,102.0,Normal,ALLOW,ddos
1787352669.3943212,2,1,00:00:00:00:00:03,0,117806.0,6361524.0,4.615,0.0,101.2,Normal,ALLOW,ddos
1787352669.4005663,2,2,00:00:00:00:00:04,0,65740.0,3549960.0,4.537,0.0,101.2,Normal,ALLOW,ddos
1787352669.4072673,2,3,00:00:00:00:00:01,0,69463.0,3751002.0,4.809,0.0,101.2,Normal,ALLOW,ddos
1787352669.7376375,1,3,00:00:00:00:00:03,0,71189.0,3844206.0,4.766,0.0,99.4,Normal,ALLOW,ddos
1787352669.7442532,1,2,00:00:00:00:00:02,0,79345.0,4284630.0,4.62,0.0,99.4,Normal,ALLOW,ddos
1787352669.7503445,1,1,00:00:00:00:00:01,0,71189.0,3844206.0,4.472,0.0,99.4,Normal,ALLOW,ddos
1787352669.7566864,1,1,00:00:00:00:00:01,0,79345.0,4284630.0,4.661,0.0,99.4,Normal,ALLOW,ddos
1787352669.7628722,1,3,00:00:00:00:00:04,0,73752.0,3982608.0,4.385,0.0,99.4,Normal,ALLOW,ddos
1787352669.7702544,1,3,00:00:00:00:00:03,0,74793.0,4038822.0,4.629,0.0,89.3,Normal,ALLOW,ddos
1787352669.776815,1,2,00:00:00:00:00:02,0,82382.0,4448628.0,4.557,0.0,89.3,Normal,ALLOW,ddos
1787352669.7829149,1,1,00:00:00:00:00:01,0,74793.0,4038822.0,4.466,0.0,89.3,Normal,ALLOW,ddos
1787352669.7893262,1,1,00:00:00:00:00:01,0,82382.0,4448628.0,4.746,0.0,89.3,Normal,ALLOW,ddos
1787352669.7956655,1,3,00:00:00:00:00:04,0,75739.0,4089906.0,4.505,0.0,89.3,Normal,ALLOW,ddos
1787352669.801729,1,1,00:00:00:00:00:01,0,75739.0,4089906.0,4.494,0.0,89.3,Normal,ALLOW,ddos
1787352669.8093278,1,3,00:00:00:00:00:03,0,75174.0,4059396.0,4.551,0.0,103.0,Normal,ALLOW,ddos
1787352669.8154285,1,2,00:00:00:00:00:02,0,83245.0,4495230.0,4.447,0.0,103.0,Normal,ALLOW,ddos
1787352669.8216677,1,1,00:00:00:00:00:01,0,75174.0,4059396.0,4.613,0.0,103.0,Normal,ALLOW,ddos
1787352669.8282516,1,1,00:00:00:00:00:01,0,83245.0,4495230.0,4.594,0.0,103.0,Normal,ALLOW,ddos
1787352669.834339,1,3,00:00:00:00:00:04,0,75039.0,4052106.0,4.492,0.0,103.0,Normal,ALLOW,ddos
1787352669.8407907,1,1,00:00:00:00:00:01,0,75039.0,4052106.0,4.732,0.0,103.0,Normal,ALLOW,ddos
1787352670.394241,2,1,00:00:00:00:00:03,0,89071.68,4809870.78,4.547,0.0,100.9,Normal,ALLOW,ddos
1787352670.4003687,2,2,00:00:00:00:00:04,0,65656.66,3545459.45,4.471,0.0,100.9,Normal,ALLOW,ddos
1787352670.4067895,2,3,00:00:00:00:00:01,0,67095.47,3623155.58,4.665,0.0,100.9,Normal,ALLOW,ddos
1787352671.3973181,2,1,00:00:00:00:00:03,0,65769.26,3551539.8,4.602,0.0,0.0,Normal,ALLOW,ddos
1787352671.4036007,2,2,00:00:00:00:00:04,0,63556.36,3432043.21,4.571,0.0,0.0,Normal,ALLOW,ddos
1787352671.4104123,2,3,00:00:00:00:00:01,0,63556.36,3432043.21,4.665,0.0,0.0,Normal,ALLOW,ddos
1787352672.40231,2,1,00:00:00:00:00:03,0,66365.69,3583747.05,4.564,0.0,0.0,Normal,ALLOW,ddos
1787352672.4088805,2,2,00:00:00:00:00:04,0,61105.34,3299688.54,4.717,0.0,0.0,Normal,ALLOW,ddos
1787352672.415178,2,3,00:00:00:00:00:01,0,61104.35,3299634.81,4.556,0.0,0.0,Normal,ALLOW,ddos
1787352672.6518764,1,2,00:00:00:00:00:02,0,28198.62,1522725.69,5.09,0.0,100.6,Normal,ALLOW,ddos
1787352672.6590056,1,1,00:00:00:00:00:01,0,2767.19,149428.04,5.275,0.0,100.6,Normal,ALLOW,ddos
1787352672.6652443,1,1,00:00:00:00:00:01,0,28198.62,1522725.69,4.455,0.0,100.6,Normal,ALLOW,ddos
1787352672.6717663,1,3,00:00:00:00:00:04,0,25722.09,1388992.91,4.793,0.0,100.6,Normal,ALLOW,ddos
1787352672.678365,1,1,00:00:00:00:00:01,0,25722.09,1388992.91,4.552,0.0,100.6,Normal,ALLOW,ddos
1787352673.4035742,2,1,00:00:00:00:00:03,0,70008.0,3780432.0,5.707,0.0,0.0,Normal,ALLOW,ddos
1787352673.4103038,2,2,00:00:00:00:00:04,0,65603.0,3542562.0,4.557,0.0,0.0,Normal,ALLOW,ddos
1787352673.416473,2,3,00:00:00:00:00:01,0,65604.0,3542616.0,4.436,0.0,0.0,Normal,ALLOW,ddos
1787352673.6992292,1,2,00:00:00:00:00:02,0,72420.14,3910687.34,4.66,0.0,101.2,Normal,ALLOW,ddos
1787352673.7057362,1,1,00:00:00:00:00:01,0,72420.14,3910687.34,4.888,0.0,101.2,Normal,ALLOW,ddos
1787352673.7120988,1,3,00:00:00:00:00:04,0,68960.65,3723875.17,4.471,0.0,101.2,Normal,ALLOW,ddos
1787352673.7180357,1,1,00:00:00:00:00:01,0,68960.65,3723875.17,4.409,0.0,101.2,Normal,ALLOW,ddos
1787352674.4031963,2,1,00:00:00:00:00:03,0,69190.89,3736308.15,4.611,0.0,99.5,Normal,ALLOW,ddos
1787352674.4098077,2,2,00:00:00:00:00:04,0,64725.67,3495186.35,4.691,0.0,99.5,Normal,ALLOW,ddos
1787352674.4157324,2,3,00:00:00:00:00:01,0,64725.67,3495186.35,4.348,0.0,99.5,Normal,ALLOW,ddos
1787352674.7258875,1,2,00:00:00:00:00:02,0,72749.59,3928477.63,5.11,0.0,96.1,Normal,ALLOW,ddos
1787352674.7319553,1,1,00:00:00:00:00:01,0,72749.59,3928477.63,4.445,0.0,96.1,Normal,ALLOW,ddos
1787352674.738232,1,3,00:00:00:00:00:04,0,67250.04,3631502.12,4.639,0.0,96.1,Normal,ALLOW,ddos
1787352674.744664,1,1,00:00:00:00:00:01,0,67250.04,3631502.12,4.468,0.0,96.1,Normal,ALLOW,ddos
1787352675.4054139,2,1,00:00:00:00:00:03,0,68497.73,3698877.62,5.206,0.0,100.1,Normal,ALLOW,ddos
1787352675.4118822,2,2,00:00:00:00:00:04,0,63045.23,3404442.28,4.576,0.0,100.1,Normal,ALLOW,ddos
1787352675.4178596,2,3,00:00:00:00:00:01,0,63044.23,3404388.38,4.436,0.0,100.1,Normal,ALLOW,ddos
1787352675.7955406,1,2,00:00:00:00:00:02,0,68248.64,3685426.58,4.546,0.0,102.7,Normal,ALLOW,ddos
1787352675.8017426,1,1,00:00:00:00:00:01,0,68248.64,3685426.58,4.429,0.0,102.7,Normal,ALLOW,ddos
1787352675.808368,1,3,00:00:00:00:00:04,0,65156.15,3518432.34,4.671,0.0,102.7,Normal,ALLOW,ddos
1787352675.8147278,1,1,00:00:00:00:00:01,0,65156.15,3518432.34,4.358,0.0,102.7,Normal,ALLOW,ddos
1787352676.409253,2,1,00:00:00:00:00:03,0,66721.88,3602981.77,4.87,0.0,0.0,Normal,ALLOW,ddos
1787352676.4155478,2,2,00:00:00:00:00:04,0,65823.92,3554491.88,4.6,0.0,0.0,Normal,ALLOW,ddos
1787352676.4222927,2,3,00:00:00:00:00:01,0,65824.92,3554545.64,5.039,0.0,0.0,Normal,ALLOW,ddos
1787352676.8509643,1,2,00:00:00:00:00:02,0,70699.18,3817755.58,4.715,0.0,101.9,Normal,ALLOW,ddos
1787352676.8578658,1,1,00:00:00:00:00:01,0,70699.18,3817755.58,4.555,0.0,101.9,Normal,ALLOW,ddos
1787352676.8642483,1,3,00:00:00:00:00:04,0,68756.81,3712867.97,4.622,0.0,101.9,Normal,ALLOW,ddos
1787352676.8707325,1,1,00:00:00:00:00:01,0,68757.76,3712919.13,4.79,0.0,101.9,Normal,ALLOW,ddos
1787352677.41579,2,1,00:00:00:00:00:03,0,68941.21,3722825.48,4.747,0.0,99.2,Normal,ALLOW,ddos
1787352677.422623,2,2,00:00:00:00:00:04,0,63305.25,3418483.34,4.996,0.0,99.2,Normal,ALLOW,ddos
1787352677.429153,2,3,00:00:00:00:00:01,0,63304.25,3418429.69,4.429,0.0,99.2,Normal,ALLOW,ddos
1787352677.940743,1,2,00:00:00:00:00:02,0,69900.09,3774604.92,5.58,0.0,99.5,Normal,ALLOW,ddos
1787352677.9472299,1,1,00:00:00:00:00:01,0,69900.09,3774604.92,4.6,0.0,99.5,Normal,ALLOW,ddos
1787352677.953405,1,3,00:00:00:00:00:04,0,61867.13,3340824.95,4.385,0.0,99.5,Normal,ALLOW,ddos
1787352677.9599807,1,1,00:00:00:00:00:01,0,61866.21,3340775.35,4.608,0.0,99.5,Normal,ALLOW,ddos
1787352678.4135683,2,1,00:00:00:00:00:03,0,68905.0,3720870.0,7.571,0.0,100.0,Normal,ALLOW,ddos
1787352678.4235413,2,2,00:00:00:00:00:04,0,62003.0,3348162.0,7.517,0.0,100.0,Normal,ALLOW,ddos
1787352678.4336755,2,3,00:00:00:00:00:01,0,62003.0,3348162.0,7.587,0.0,100.0,Normal,ALLOW,ddos
1787352679.055049,1,2,00:00:00:00:00:02,0,68684.3,3708952.06,4.933,0.0,99.5,Normal,ALLOW,ddos
1787352679.0615356,1,1,00:00:00:00:00:01,0,68683.4,3708903.64,4.589,0.0,99.5,Normal,ALLOW,ddos
1787352679.0680616,1,3,00:00:00:00:00:04,0,62200.67,3358836.21,4.951,0.0,99.5,Normal,ALLOW,ddos
1787352679.0747914,1,1,00:00:00:00:00:01,0,62200.67,3358836.21,4.929,0.0,99.5,Normal,ALLOW,ddos
1787352679.415747,2,1,00:00:00:00:00:03,0,69023.67,3727278.43,4.371,0.0,686.0,Normal,ALLOW,ddos
1787352679.421539,2,2,00:00:00:00:00:04,0,65670.91,3546229.08,4.276,0.0,686.0,Normal,ALLOW,ddos
1787352679.4276116,2,3,00:00:00:00:00:01,0,65670.91,3546229.08,4.273,0.0,686.0,Normal,ALLOW,ddos
1787352680.096492,1,2,00:00:00:00:00:02,0,72058.83,3891176.84,4.868,0.0,100.0,Normal,ALLOW,ddos
1787352680.1025903,1,1,00:00:00:00:00:01,0,72059.79,3891228.69,4.532,0.0,100.0,Normal,ALLOW,ddos
1787352680.1093252,1,3,00:00:00:00:00:04,0,66764.59,3605288.11,4.767,0.0,100.0,Normal,ALLOW,ddos
1787352680.1155403,1,1,00:00:00:00:00:01,0,66764.59,3605288.11,4.578,0.0,100.0,Normal,ALLOW,ddos
1787352680.4247813,2,1,00:00:00:00:00:03,0,69938.81,3776695.52,7.602,0.0,0.0,Normal,ALLOW,ddos
1787352680.4352624,2,2,00:00:00:00:00:04,0,64532.56,3484758.33,7.808,0.0,0.0,Normal,ALLOW,ddos
1787352680.4456475,2,3,00:00:00:00:00:01,0,64533.56,3484812.08,7.889,0.0,0.0,Normal,ALLOW,ddos
1787352681.1809936,1,2,00:00:00:00:00:02,0,69329.75,3743806.72,4.758,0.0,101.4,Normal,ALLOW,ddos
1787352681.1871822,1,1,00:00:00:00:00:01,0,69329.75,3743806.72,4.559,0.0,101.4,Normal,ALLOW,ddos
1787352681.1941993,1,3,00:00:00:00:00:04,0,64097.96,3461290.02,5.065,0.0,101.4,Normal,ALLOW,ddos
1787352681.2002616,1,1,00:00:00:00:00:01,0,64097.96,3461290.02,4.468,0.0,101.4,Normal,ALLOW,ddos
1787352681.418164,2,1,00:00:00:00:00:03,0,70528.0,3808512.0,4.682,0.0,0.0,Normal,ALLOW,ddos
1787352681.4247282,2,2,00:00:00:00:00:04,0,67347.0,3636738.0,4.809,0.0,0.0,Normal,ALLOW,ddos
1787352681.4310863,2,3,00:00:00:00:00:01,0,67346.0,3636684.0,4.577,0.0,0.0,Normal,ALLOW,ddos
1787352682.2627897,1,2,00:00:00:00:00:02,0,71112.24,3840060.9,4.388,0.0,99.5,Normal,ALLOW,ddos
1787352682.2688751,1,1,00:00:00:00:00:01,0,71112.24,3840060.9,4.338,0.0,99.5,Normal,ALLOW,ddos
1787352682.2752993,1,3,00:00:00:00:00:04,0,68429.84,3695211.33,4.532,0.0,99.5,Normal,ALLOW,ddos
1787352682.2815087,1,1,00:00:00:00:00:01,0,68429.84,3695211.33,4.436,0.0,99.5,Normal,ALLOW,ddos
1787352682.4202135,2,1,00:00:00:00:00:03,0,68065.31,3675526.83,4.857,0.0,95.4,Normal,ALLOW,ddos
1787352682.4271224,2,2,00:00:00:00:00:04,0,66042.04,3566270.0,4.755,0.0,95.4,Normal,ALLOW,ddos
1787352682.433229,2,3,00:00:00:00:00:01,0,66043.04,3566323.93,4.396,0.0,95.4,Normal,ALLOW,ddos
1787352683.3451483,1,2,00:00:00:00:00:02,0,67659.11,3653591.99,4.556,0.0,100.7,Normal,ALLOW,ddos
1787352683.3513875,1,1,00:00:00:00:00:01,0,67659.11,3653591.99,4.564,0.0,100.7,Normal,ALLOW,ddos
1787352683.3582711,1,3,00:00:00:00:00:04,0,65311.19,3526804.27,5.185,0.0,100.7,Normal,ALLOW,ddos
1787352683.3645856,1,1,00:00:00:00:00:01,0,65311.19,3526804.27,4.583,0.0,100.7,Normal,ALLOW,ddos
1787352683.420442,2,1,00:00:00:00:00:03,0,69397.98,3747491.18,4.669,0.0,93.0,Normal,ALLOW,ddos
1787352683.4271455,2,2,00:00:00:00:00:04,0,61537.59,3323029.95,4.703,0.0,93.0,Normal,ALLOW,ddos
1787352683.433241,2,3,00:00:00:00:00:01,0,61537.59,3323029.95,4.475,0.0,93.0,Normal,ALLOW,ddos
1787352684.4189637,1,2,00:00:00:00:00:02,0,69274.82,3740840.36,4.585,0.0,100.2,Normal,ALLOW,ddos
1787352684.4254935,1,1,00:00:00:00:00:01,0,69274.82,3740840.36,4.548,0.0,100.2,Normal,ALLOW,ddos
1787352684.431666,1,3,00:00:00:00:00:04,0,68014.15,3672763.84,4.385,0.0,100.2,Normal,ALLOW,ddos
1787352684.4379725,1,1,00:00:00:00:00:01,0,68014.15,3672763.84,4.57,0.0,100.2,Normal,ALLOW,ddos
1787352684.4555464,2,1,00:00:00:00:00:03,0,67808.54,3661660.94,5.19,0.0,736.6,Normal,ALLOW,ddos
1787352684.4621356,2,2,00:00:00:00:00:04,0,61078.69,3298249.38,4.722,0.0,736.6,Normal,ALLOW,ddos
1787352684.4683316,2,3,00:00:00:00:00:01,0,61077.73,3298197.21,4.629,0.0,736.6,Normal,ALLOW,ddos
1787352685.428326,2,1,00:00:00:00:00:03,0,72731.0,3927474.0,4.502,0.0,0.0,Normal,ALLOW,ddos
1787352685.4345608,2,2,00:00:00:00:00:04,0,63141.0,3409614.0,4.473,0.0,0.0,Normal,ALLOW,ddos
1787352685.441312,2,3,00:00:00:00:00:01,0,63142.0,3409668.0,4.765,0.0,0.0,Normal,ALLOW,ddos
1787352685.4949725,1,2,00:00:00:00:00:02,0,67810.71,3661778.14,5.097,0.0,124.8,Normal,ALLOW,ddos
1787352685.5019743,1,1,00:00:00:00:00:01,0,67809.78,3661727.86,5.285,0.0,124.8,Normal,ALLOW,ddos
1787352685.5087254,1,3,00:00:00:00:00:04,0,67103.08,3623566.53,4.691,0.0,124.8,Normal,ALLOW,ddos
1787352685.5147064,1,1,00:00:00:00:00:01,0,67103.08,3623566.53,4.28,0.0,124.8,Normal,ALLOW,ddos
1787352686.4422045,2,1,00:00:00:00:00:03,0,69259.51,3740013.45,4.774,0.0,99.1,Normal,ALLOW,ddos
1787352686.448387,2,2,00:00:00:00:00:04,0,64750.38,3496520.35,4.5,0.0,99.1,Normal,ALLOW,ddos
1787352686.4575577,2,3,00:00:00:00:00:01,0,64750.38,3496520.35,7.228,0.0,99.1,Normal,ALLOW,ddos
1787352686.6399188,1,2,00:00:00:00:00:02,0,67071.95,3621885.08,5.107,0.0,92.0,Normal,ALLOW,ddos
1787352686.6463363,1,1,00:00:00:00:00:01,0,67072.82,3621932.19,4.546,0.0,92.0,Normal,ALLOW,ddos
1787352686.6523867,1,3,00:00:00:00:00:04,0,61186.16,3304052.72,4.448,0.0,92.0,Normal,ALLOW,ddos
1787352686.659114,1,1,00:00:00:00:00:01,0,61187.03,3304099.83,4.698,0.0,92.0,Normal,ALLOW,ddos
1787352687.4286096,2,1,00:00:00:00:00:03,0,71731.0,3873474.0,4.574,0.0,669.9,Normal,ALLOW,ddos
1787352687.434852,2,2,00:00:00:00:00:04,0,65790.0,3552660.0,4.534,0.0,669.9,Normal,ALLOW,ddos
1787352687.4412127,2,3,00:00:00:00:00:01,0,65790.0,3552660.0,4.483,0.0,669.9,Normal,ALLOW,ddos
1787352687.6511493,1,2,00:00:00:00:00:02,0,75559.09,4080190.6,7.325,0.0,96.2,Normal,ALLOW,ddos
1787352687.6584864,1,1,00:00:00:00:00:01,0,75559.09,4080190.6,4.634,0.0,96.2,Normal,ALLOW,ddos
1787352687.6647482,1,3,00:00:00:00:00:04,0,72057.21,3891089.52,4.479,0.0,96.2,Normal,ALLOW,ddos
1787352687.6712635,1,1,00:00:00:00:00:01,0,72056.22,3891035.95,4.767,0.0,96.2,Normal,ALLOW,ddos
1787352688.4432852,2,1,00:00:00:00:00:03,0,67200.54,3628829.03,4.83,0.0,100.6,Normal,ALLOW,ddos
1787352688.4497213,2,2,00:00:00:00:00:04,0,59834.82,3231080.5,4.636,0.0,100.6,Normal,ALLOW,ddos
1787352688.456197,2,3,00:00:00:00:00:01,0,59834.82,3231080.5,4.713,0.0,100.6,Normal,ALLOW,ddos
1787352688.745908,1,2,00:00:00:00:00:02,0,67437.7,3641635.71,4.735,0.0,99.4,Normal,ALLOW,ddos
1787352688.7523422,1,1,00:00:00:00:00:01,0,67437.7,3641635.71,4.724,0.0,99.4,Normal,ALLOW,ddos
1787352688.7591536,1,3,00:00:00:00:00:04,0,65713.34,3548520.12,4.841,0.0,99.4,Normal,ALLOW,ddos
1787352688.7654836,1,1,00:00:00:00:00:01,0,65713.34,3548520.12,4.549,0.0,99.4,Normal,ALLOW,ddos
1787352689.4367037,2,1,00:00:00:00:00:03,0,65727.0,3549258.0,4.976,0.0,99.9,Normal,ALLOW,ddos
1787352689.4431481,2,2,00:00:00:00:00:04,0,65325.0,3527550.0,4.573,0.0,99.9,Normal,ALLOW,ddos
1787352689.4527798,2,3,00:00:00:00:00:01,0,65325.0,3527550.0,7.56,0.0,99.9,Normal,ALLOW,ddos
1787352689.8359706,1,2,00:00:00:00:00:02,0,71058.78,3837174.0,7.714,0.0,99.7,Normal,ALLOW,ddos
1787352689.8449333,1,1,00:00:00:00:00:01,0,71058.78,3837174.0,6.443,0.0,99.7,Normal,ALLOW,ddos
1787352689.851043,1,3,00:00:00:00:00:04,0,66004.4,3564237.35,4.439,0.0,99.7,Normal,ALLOW,ddos
1787352689.8574212,1,1,00:00:00:00:00:01,0,66005.32,3564287.07,4.618,0.0,99.7,Normal,ALLOW,ddos
1787352691.3431945,1,2,00:00:00:00:00:02,0,50948.84,2751237.62,4.663,0.0,100.7,Normal,ALLOW,ddos
1787352691.3494205,1,1,00:00:00:00:00:01,0,50948.84,2751237.62,4.564,0.0,100.7,Normal,ALLOW,ddos
1787352691.3561132,1,3,00:00:00:00:00:04,0,47507.47,2565403.55,4.799,0.0,100.7,Normal,ALLOW,ddos
1787352691.3626678,1,1,00:00:00:00:00:01,0,47506.81,2565367.81,4.488,0.0,100.7,Normal,ALLOW,ddos
1787352691.9109204,2,2,00:00:00:00:00:04,0,25374.51,1370223.39,4.538,0.0,99.9,Normal,ALLOW,ddos
1787352691.917237,2,3,00:00:00:00:00:01,0,25374.1,1370201.57,4.494,0.0,99.9,Normal,ALLOW,ddos
1787352691.925782,2,2,00:00:00:00:00:04,0,66407.0,3585978.0,4.889,0.0,135.7,Normal,ALLOW,ddos
1787352691.9322667,2,3,00:00:00:00:00:01,0,66407.0,3585978.0,4.609,0.0,135.7,Normal,ALLOW,ddos
1787352691.9384537,2,1,00:00:00:00:00:03,0,69421.0,3748734.0,4.424,0.0,135.7,Normal,ALLOW,ddos
1787352692.4408405,2,2,00:00:00:00:00:04,0,65403.0,3531762.0,4.654,0.0,101.0,Normal,ALLOW,ddos
1787352692.4473288,2,3,00:00:00:00:00:01,0,65404.0,3531816.0,4.499,0.0,101.0,Normal,ALLOW,ddos
1787352692.4548419,2,1,00:00:00:00:00:03,0,66702.0,3601908.0,5.65,0.0,101.0,Normal,ALLOW,ddos
1787352692.7205071,1,2,00:00:00:00:00:02,0,55875.35,3017268.76,5.053,0.0,97.1,Normal,ALLOW,ddos
1787352692.7272797,1,1,00:00:00:00:00:01,0,55875.35,3017268.76,4.754,0.0,97.1,Normal,ALLOW,ddos
1787352692.7335606,1,3,00:00:00:00:00:04,0,52641.35,2842633.07,4.663,0.0,97.1,Normal,ALLOW,ddos
1787352692.740352,1,1,00:00:00:00:00:01,0,52641.35,2842633.07,5.114,0.0,97.1,Normal,ALLOW,ddos
1787352693.4453921,2,2,00:00:00:00:00:04,0,61906.74,3342963.79,4.598,0.0,0.0,Normal,ALLOW,ddos
1787352693.45275,2,3,00:00:00:00:00:01,0,61906.74,3342963.79,5.715,0.0,0.0,Normal,ALLOW,ddos
1787352693.4595916,2,1,00:00:00:00:00:03,0,69048.71,3728630.48,4.761,0.0,0.0,Normal,ALLOW,ddos
1787352693.800726,1,2,00:00:00:00:00:02,0,69108.97,3731884.14,4.907,0.0,98.7,Normal,ALLOW,ddos
1787352693.8078618,1,1,00:00:00:00:00:01,0,69108.97,3731884.14,5.357,0.0,98.7,Normal,ALLOW,ddos
1787352693.814402,1,3,00:00:00:00:00:04,0,65698.36,3547711.42,4.686,0.0,98.7,Normal,ALLOW,ddos
1787352693.8220878,1,1,00:00:00:00:00:01,0,65698.36,3547711.42,5.994,0.0,98.7,Normal,ALLOW,ddos
1787352694.4458866,2,2,00:00:00:00:00:04,0,63137.05,3409400.49,4.66,0.0,0.0,Normal,ALLOW,ddos
1787352694.4520483,2,3,00:00:00:00:00:01,0,63137.05,3409400.49,4.514,0.0,0.0,Normal,ALLOW,ddos
1787352694.4597442,2,1,00:00:00:00:00:03,0,71368.31,3853888.98,5.63,0.0,0.0,Normal,ALLOW,ddos
1787352694.8455205,1,2,00:00:00:00:00:02,0,76134.68,4111272.54,5.15,0.0,97.9,Normal,ALLOW,ddos
1787352694.85174,1,1,00:00:00:00:00:01,0,76133.72,4111220.82,4.633,0.0,97.9,Normal,ALLOW,ddos
1787352694.8617442,1,3,00:00:00:00:00:04,0,70337.4,3798219.41,7.797,0.0,97.9,Normal,ALLOW,ddos
1787352694.8718066,1,1,00:00:00:00:00:01,0,70338.35,3798271.13,7.581,0.0,97.9,Normal,ALLOW,ddos
1787352695.4467447,2,2,00:00:00:00:00:04,0,66341.39,3582435.29,4.397,0.0,101.3,Normal,ALLOW,ddos
1787352695.4528239,2,3,00:00:00:00:00:01,0,66341.39,3582435.29,4.523,0.0,101.3,Normal,ALLOW,ddos
1787352695.459394,2,1,00:00:00:00:00:03,0,67107.83,3623822.97,4.712,0.0,101.3,Normal,ALLOW,ddos
1787352695.929589,1,2,00:00:00:00:00:02,0,73057.79,3945120.42,4.67,0.0,99.5,Normal,ALLOW,ddos
1787352695.935791,1,1,00:00:00:00:00:01,0,73057.79,3945120.42,4.622,0.0,99.5,Normal,ALLOW,ddos
1787352695.9425259,1,3,00:00:00:00:00:04,0,68517.49,3699944.29,4.701,0.0,99.5,Normal,ALLOW,ddos
1787352695.9489717,1,1,00:00:00:00:00:01,0,68516.56,3699894.51,4.683,0.0,99.5,Normal,ALLOW,ddos
1787352696.4487538,2,2,00:00:00:00:00:04,0,65936.04,3560546.18,4.545,0.0,100.1,Normal,ALLOW,ddos
1787352696.4548912,2,3,00:00:00:00:00:01,0,65935.04,3560492.28,4.558,0.0,100.1,Normal,ALLOW,ddos
1787352696.4612024,2,1,00:00:00:00:00:03,0,68762.03,3713149.49,4.46,0.0,100.1,Normal,ALLOW,ddos
1787352696.991401,1,2,00:00:00:00:00:02,0,73437.82,3965642.33,5.544,0.0,97.9,Normal,ALLOW,ddos
1787352696.9985821,1,1,00:00:00:00:00:01,0,73438.76,3965693.24,5.27,0.0,97.9,Normal,ALLOW,ddos
1787352697.0056064,1,3,00:00:00:00:00:04,0,67537.98,3647051.01,5.147,0.0,97.9,Normal,ALLOW,ddos
1787352697.0126832,1,1,00:00:00:00:00:01,0,67537.98,3647051.01,5.069,0.0,97.9,Normal,ALLOW,ddos
1787352697.4551659,2,2,00:00:00:00:00:04,0,64914.22,3505367.87,5.262,0.0,718.0,Normal,ALLOW,ddos
1787352697.461768,2,3,00:00:00:00:00:01,0,64915.21,3505421.57,4.769,0.0,718.0,Normal,ALLOW,ddos
1787352697.4679842,2,1,00:00:00:00:00:03,0,66882.04,3611630.19,4.59,0.0,718.0,Normal,ALLOW,ddos
1787352698.1116807,1,2,00:00:00:00:00:02,0,67984.29,3671151.92,7.874,0.0,99.6,Normal,ALLOW,ddos
1787352698.1204534,1,1,00:00:00:00:00:01,0,67984.29,3671151.92,6.297,0.0,99.6,Normal,ALLOW,ddos
1787352698.1271749,1,3,00:00:00:00:00:04,0,64898.78,3504534.05,4.383,0.0,99.6,Normal,ALLOW,ddos
1787352698.133481,1,1,00:00:00:00:00:01,0,64898.78,3504534.05,4.657,0.0,99.6,Normal,ALLOW,ddos
1787352698.460383,2,2,00:00:00:00:00:04,0,64487.74,3482338.06,5.013,0.0,0.0,Normal,ALLOW,ddos
1787352698.4666877,2,3,00:00:00:00:00:01,0,64486.75,3482284.37,4.59,0.0,0.0,Normal,ALLOW,ddos
1787352698.473078,2,1,00:00:00:00:00:03,0,68932.74,3722367.86,4.622,0.0,0.0,Normal,ALLOW,ddos
1787352699.2322695,1,2,00:00:00:00:00:02,0,65920.16,3559688.77,4.581,0.0,101.0,Normal,ALLOW,ddos
1787352699.239015,1,1,00:00:00:00:00:01,0,65919.27,3559640.77,4.93,0.0,101.0,Normal,ALLOW,ddos
1787352699.2456963,1,3,00:00:00:00:00:04,0,63097.08,3407242.45,4.611,0.0,101.0,Normal,ALLOW,ddos
1787352699.251926,1,1,00:00:00:00:00:01,0,63097.08,3407242.45,4.515,0.0,101.0,Normal,ALLOW,ddos
1787352699.4535992,2,2,00:00:00:00:00:04,0,63764.0,3443256.0,4.699,0.0,94.9,Normal,ALLOW,ddos
1787352699.4601824,2,3,00:00:00:00:00:01,0,63764.0,3443256.0,4.503,0.0,94.9,Normal,ALLOW,ddos
1787352699.4662197,2,1,00:00:00:00:00:03,0,64992.0,3509568.0,4.399,0.0,94.9,Normal,ALLOW,ddos
1787352700.2691822,1,1,00:00:00:00:00:01,0,1478.65,79847.19,6.217,0.0,100.8,Normal,ALLOW,ddos
1787352700.2760198,1,3,00:00:00:00:00:04,0,66200.32,3574817.54,4.766,0.0,100.8,Normal,ALLOW,ddos
1787352700.282427,1,1,00:00:00:00:00:01,0,66200.32,3574817.54,4.634,0.0,100.8,Normal,ALLOW,ddos
1787352700.4614635,2,2,00:00:00:00:00:04,0,62524.8,3376339.03,4.755,0.0,0.0,Normal,ALLOW,ddos
1787352700.4676642,2,3,00:00:00:00:00:01,0,62525.79,3376392.6,4.509,0.0,0.0,Normal,ALLOW,ddos
1787352700.4747262,2,1,00:00:00:00:00:03,0,66784.51,3606363.78,5.155,0.0,0.0,Normal,ALLOW,ddos
1787352701.3485484,1,3,00:00:00:00:00:04,0,61850.91,3339949.2,4.64,0.0,100.3,Normal,ALLOW,ddos
1787352701.3547804,1,1,00:00:00:00:00:01,0,61850.91,3339949.2,4.629,0.0,100.3,Normal,ALLOW,ddos
1787352701.4658515,2,2,00:00:00:00:00:04,0,66224.61,3576129.01,7.778,0.0,105.6,Normal,ALLOW,ddos
1787352701.472801,2,3,00:00:00:00:00:01,0,66224.61,3576129.01,4.938,0.0,105.6,Normal,ALLOW,ddos
1787352701.4792824,2,1,00:00:00:00:00:03,0,68361.21,3691505.42,4.571,0.0,105.6,Normal,ALLOW,ddos
1787352702.3698382,1,3,00:00:00:00:00:04,0,67523.05,3646244.72,4.686,0.0,99.7,Normal,ALLOW,ddos
1787352702.3803113,1,1,00:00:00:00:00:01,0,67523.05,3646244.72,7.77,0.0,99.7,Normal,ALLOW,ddos
1787352702.4637663,2,2,00:00:00:00:00:04,0,65805.2,3553480.6,4.569,0.0,95.8,Normal,ALLOW,ddos
1787352702.4696856,2,3,00:00:00:00:00:01,0,65805.2,3553480.6,4.397,0.0,95.8,Normal,ALLOW,ddos
1787352702.4762206,2,1,00:00:00:00:00:03,0,69613.13,3759109.11,4.637,0.0,95.8,Normal,ALLOW,ddos
1787352703.2952595,1,3,00:00:00:00:00:04,0,64117.0,3462318.0,4.577,0.0,101.1,Normal,ALLOW,ddos
1787352703.3013685,1,1,00:00:00:00:00:01,0,64117.0,3462318.0,4.519,0.0,101.1,Normal,ALLOW,ddos
1787352703.4654386,2,2,00:00:00:00:00:04,0,64573.69,3486979.01,4.609,0.0,99.9,Normal,ALLOW,ddos
1787352703.4726524,2,3,00:00:00:00:00:01,0,64573.69,3486979.01,5.572,0.0,99.9,Normal,ALLOW,ddos
1787352703.4790268,2,1,00:00:00:00:00:03,0,69419.46,3748650.71,4.517,0.0,99.9,Normal,ALLOW,ddos
1787352704.3296516,1,3,00:00:00:00:00:04,0,61805.74,3337510.02,4.593,0.0,99.7,Normal,ALLOW,ddos
1787352704.3375292,1,1,00:00:00:00:00:01,0,61805.74,3337510.02,5.693,0.0,99.7,Normal,ALLOW,ddos
1787352704.4666047,2,2,00:00:00:00:00:04,0,65450.83,3534345.01,4.747,0.0,0.0,Normal,ALLOW,ddos
1787352704.4740076,2,3,00:00:00:00:00:01,0,65450.83,3534345.01,5.204,0.0,0.0,Normal,ALLOW,ddos
1787352704.48048,2,1,00:00:00:00:00:03,0,70902.49,3828734.5,4.65,0.0,0.0,Normal,ALLOW,ddos
1787352705.22504,1,3,00:00:00:00:00:04,0,64043.0,3458322.0,5.021,0.0,101.7,Normal,ALLOW,ddos
1787352705.231319,1,1,00:00:00:00:00:01,0,64043.0,3458322.0,4.483,0.0,101.7,Normal,ALLOW,ddos
1787352705.4674966,2,2,00:00:00:00:00:04,0,64973.32,3508559.06,4.651,0.0,94.6,Normal,ALLOW,ddos
1787352705.4742413,2,3,00:00:00:00:00:01,0,64973.32,3508559.06,4.992,0.0,94.6,Normal,ALLOW,ddos
1787352705.4806027,2,1,00:00:00:00:00:03,0,67915.75,3667450.24,4.541,0.0,94.6,Normal,ALLOW,ddos
1787352706.2992308,1,3,00:00:00:00:00:04,0,61773.02,3335743.06,4.833,0.0,99.9,Normal,ALLOW,ddos
1787352706.30625,1,1,00:00:00:00:00:01,0,61773.95,3335793.32,5.244,0.0,99.9,Normal,ALLOW,ddos
1787352706.4701207,2,2,00:00:00:00:00:04,0,64855.9,3502218.47,4.761,0.0,105.3,Normal,ALLOW,ddos
1787352706.4766858,2,3,00:00:00:00:00:01,0,64855.9,3502218.47,4.556,0.0,105.3,Normal,ALLOW,ddos
1787352706.4827363,2,1,00:00:00:00:00:03,0,67514.34,3645774.09,4.416,0.0,105.3,Normal,ALLOW,ddos
1787352707.342276,1,3,00:00:00:00:00:04,0,63487.1,3428303.24,4.659,0.0,99.8,Normal,ALLOW,ddos
1787352707.3484585,1,1,00:00:00:00:00:01,0,63486.14,3428251.48,4.465,0.0,99.8,Normal,ALLOW,ddos
1787352707.4794688,2,2,00:00:00:00:00:04,0,63036.63,3403978.25,4.643,0.0,0.0,Normal,ALLOW,ddos
1787352707.4857216,2,3,00:00:00:00:00:01,0,63036.63,3403978.25,4.512,0.0,0.0,Normal,ALLOW,ddos
1787352707.4924643,2,1,00:00:00:00:00:03,0,66939.6,3614738.65,4.637,0.0,0.0,Normal,ALLOW,ddos
1787352708.3600655,1,3,00:00:00:00:00:04,0,64940.5,3506787.11,4.611,0.0,100.1,Normal,ALLOW,ddos
1787352708.366328,1,1,00:00:00:00:00:01,0,64940.5,3506787.11,4.586,0.0,100.1,Normal,ALLOW,ddos
1787352708.4741209,2,2,00:00:00:00:00:04,0,64726.0,3495204.0,5.035,0.0,96.4,Normal,ALLOW,ddos
1787352708.48052,2,3,00:00:00:00:00:01,0,64725.0,3495150.0,4.556,0.0,96.4,Normal,ALLOW,ddos
1787352708.4870307,2,1,00:00:00:00:00:03,0,69017.0,3726918.0,4.748,0.0,96.4,Normal,ALLOW,ddos
1787352709.2891536,1,3,00:00:00:00:00:04,0,65084.0,3514536.0,4.758,0.0,100.7,Normal,ALLOW,ddos
1787352709.295549,1,1,00:00:00:00:00:01,0,65084.0,3514536.0,4.499,0.0,100.7,Normal,ALLOW,ddos
1787352709.4743283,2,2,00:00:00:00:00:04,0,64393.83,3477266.99,4.994,0.0,97.3,Normal,ALLOW,ddos
1787352709.480564,2,3,00:00:00:00:00:01,0,64394.83,3477320.96,4.378,0.0,97.3,Normal,ALLOW,ddos
1787352709.4866176,2,1,00:00:00:00:00:03,0,70209.39,3791306.86,4.382,0.0,97.3,Normal,ALLOW,ddos
1787352710.1916237,1,3,00:00:00:00:00:04,0,61227.0,3306258.0,7.955,0.0,101.1,Normal,ALLOW,ddos
1787352710.202131,1,1,00:00:00:00:00:01,0,61227.0,3306258.0,7.839,0.0,101.1,Normal,ALLOW,ddos
1787352710.4789042,2,2,00:00:00:00:00:04,0,66427.5,3587084.9,4.83,0.0,99.5,Normal,ALLOW,ddos
1787352710.4850318,2,3,00:00:00:00:00:01,0,66427.5,3587084.9,4.536,0.0,99.5,Normal,ALLOW,ddos
1787352710.491733,2,1,00:00:00:00:00:03,0,66796.79,3607026.59,4.827,0.0,99.5,Normal,ALLOW,ddos
1787352711.2466867,1,3,00:00:00:00:00:04,0,63861.19,3448504.5,4.802,0.0,100.4,Normal,ALLOW,ddos
1787352711.2529583,1,1,00:00:00:00:00:01,0,63861.19,3448504.5,4.62,0.0,100.4,Normal,ALLOW,ddos
1787352711.4822242,2,2,00:00:00:00:00:04,0,63926.11,3452009.94,4.674,0.0,0.0,Normal,ALLOW,ddos
1787352711.4887943,2,3,00:00:00:00:00:01,0,63926.11,3452009.94,4.912,0.0,0.0,Normal,ALLOW,ddos
1787352711.495291,2,1,00:00:00:00:00:03,0,71571.39,3864854.91,4.596,0.0,0.0,Normal,ALLOW,ddos
1787352712.5941277,1,3,00:00:00:00:00:04,0,48864.28,2638671.25,4.652,0.0,100.6,Normal,ALLOW,ddos
1787352712.600456,1,1,00:00:00:00:00:01,0,48864.28,2638671.25,4.512,0.0,100.6,Normal,ALLOW,ddos
1787352714.6926544,1,3,00:00:00:00:00:04,0,31957.21,1725689.54,4.629,0.0,97.8,Normal,ALLOW,ddos
1787352714.6986907,1,1,00:00:00:00:00:01,0,31957.21,1725689.54,4.425,0.0,97.8,Normal,ALLOW,ddos
1787352715.827807,2,3,00:00:00:00:00:01,0,13341.87,720460.92,7.806,0.0,99.0,Normal,ALLOW,ddos
1787352715.8361113,2,1,00:00:00:00:00:03,0,15899.45,858570.51,5.969,0.0,99.0,Normal,ALLOW,ddos
1787352715.845018,2,3,00:00:00:00:00:01,0,68065.0,3675510.0,4.824,0.0,99.1,Normal,ALLOW,ddos
1787352715.852339,2,1,00:00:00:00:00:03,0,68411.0,3694194.0,5.496,0.0,99.1,Normal,ALLOW,ddos
1787352715.8589964,2,2,00:00:00:00:00:04,0,66257.0,3577878.0,4.629,0.0,99.1,Normal,ALLOW,ddos
1787352715.866511,2,3,00:00:00:00:00:01,0,65765.0,3551310.0,4.38,0.0,87.9,Normal,ALLOW,ddos
1787352715.8737538,2,1,00:00:00:00:00:03,0,68425.0,3694950.0,5.3,0.0,87.9,Normal,ALLOW,ddos
1787352715.880709,2,2,00:00:00:00:00:04,0,63858.0,3448332.0,5.076,0.0,87.9,Normal,ALLOW,ddos
1787352715.8911881,2,3,00:00:00:00:00:01,0,68089.0,3676806.0,5.485,0.0,85.9,Normal,ALLOW,ddos
1787352715.8980765,2,1,00:00:00:00:00:03,0,66254.0,3577716.0,4.954,0.0,85.9,Normal,ALLOW,ddos
1787352715.9053047,2,2,00:00:00:00:00:04,0,66186.0,3574044.0,5.424,0.0,85.9,Normal,ALLOW,ddos
1787352716.2588265,1,3,00:00:00:00:00:04,0,40931.56,2210304.15,4.859,0.0,100.6,Normal,ALLOW,ddos
1787352716.2652116,1,1,00:00:00:00:00:01,0,40931.56,2210304.15,4.595,0.0,100.6,Normal,ALLOW,ddos
1787352716.4913602,2,3,00:00:00:00:00:01,0,67072.0,3621888.0,4.564,0.0,0.0,Normal,ALLOW,ddos
1787352716.4973996,2,1,00:00:00:00:00:03,0,66287.0,3579498.0,4.424,0.0,0.0,Normal,ALLOW,ddos
1787352716.5035021,2,2,00:00:00:00:00:04,0,66344.0,3582576.0,4.557,0.0,0.0,Normal,ALLOW,ddos
1787352717.3547451,1,3,00:00:00:00:00:04,0,59011.47,3186619.34,4.522,0.0,99.6,Normal,ALLOW,ddos
1787352717.3645885,1,1,00:00:00:00:00:01,0,59011.47,3186619.34,7.447,0.0,99.6,Normal,ALLOW,ddos
1787352717.4945266,2,3,00:00:00:00:00:01,0,66453.31,3588478.76,4.566,0.0,0.0,Normal,ALLOW,ddos
1787352717.5009325,2,1,00:00:00:00:00:03,0,70272.2,3794698.94,4.801,0.0,0.0,Normal,ALLOW,ddos
1787352717.5076325,2,2,00:00:00:00:00:04,0,66452.31,3588424.93,4.545,0.0,0.0,Normal,ALLOW,ddos
1787352718.2195787,1,3,00:00:00:00:00:04,0,63832.0,3446928.0,4.886,0.0,100.8,Normal,ALLOW,ddos
1787352718.2260964,1,1,00:00:00:00:00:01,0,63832.0,3446928.0,4.651,0.0,100.8,Normal,ALLOW,ddos
1787352718.4991398,2,3,00:00:00:00:00:01,0,65533.06,3538785.22,4.501,0.0,100.1,Normal,ALLOW,ddos
1787352718.5062096,2,1,00:00:00:00:00:03,0,69331.49,3743900.25,5.488,0.0,100.1,Normal,ALLOW,ddos
1787352718.512774,2,2,00:00:00:00:00:04,0,65533.06,3538785.22,4.405,0.0,100.1,Normal,ALLOW,ddos
1787352719.2817848,1,3,00:00:00:00:00:04,0,62198.15,3358700.27,4.589,0.0,99.8,Normal,ALLOW,ddos
1787352719.2881327,1,1,00:00:00:00:00:01,0,62198.15,3358700.27,4.76,0.0,99.8,Normal,ALLOW,ddos
1787352719.5005307,2,3,00:00:00:00:00:01,0,68149.66,3680081.42,4.66,0.0,0.0,Normal,ALLOW,ddos
1787352719.5068924,2,1,00:00:00:00:00:03,0,70913.9,3829350.4,4.764,0.0,0.0,Normal,ALLOW,ddos
1787352719.5133107,2,2,00:00:00:00:00:04,0,68150.65,3680135.33,4.588,0.0,0.0,Normal,ALLOW,ddos
1787352720.504344,1,3,00:00:00:00:00:04,0,53705.45,2900094.55,4.934,0.0,283.1,Normal,ALLOW,ddos
1787352720.5108306,1,1,00:00:00:00:00:01,0,53705.45,2900094.55,4.504,0.0,283.1,Normal,ALLOW,ddos
1787352720.8225791,2,3,00:00:00:00:00:01,0,51101.82,2759498.04,4.525,0.0,100.5,Normal,ALLOW,ddos
1787352720.8288772,2,1,00:00:00:00:00:03,0,53447.05,2886140.49,4.45,0.0,100.5,Normal,ALLOW,ddos
1787352720.8348358,2,2,00:00:00:00:00:04,0,51100.3,2759416.34,4.429,0.0,100.5,Normal,ALLOW,ddos
1787352721.5010056,2,3,00:00:00:00:00:01,0,69018.0,3726972.0,4.609,0.0,98.8,Normal,ALLOW,ddos
1787352721.507195,2,1,00:00:00:00:00:03,0,73253.0,3955662.0,4.593,0.0,98.8,Normal,ALLOW,ddos
1787352721.5134914,2,2,00:00:00:00:00:04,0,69019.0,3727026.0,4.582,0.0,98.8,Normal,ALLOW,ddos
1787352721.5197284,2,3,00:00:00:00:00:01,0,74289.0,4011606.0,4.677,0.0,98.8,Normal,ALLOW,ddos
1787352721.6701105,1,3,00:00:00:00:00:04,0,54898.36,2964511.51,7.179,0.0,100.8,Normal,ALLOW,ddos
1787352721.6765754,1,1,00:00:00:00:00:01,0,54898.36,2964511.51,4.283,0.0,100.8,Normal,ALLOW,ddos
1787352721.682392,1,3,00:00:00:00:00:03,0,56809.81,3067729.62,4.23,0.0,100.8,Normal,ALLOW,ddos
1787352722.500848,2,3,00:00:00:00:00:01,0,68508.64,3699466.5,4.463,0.0,100.6,Normal,ALLOW,ddos
1787352722.509887,2,1,00:00:00:00:00:03,0,70865.49,3826736.4,7.289,0.0,100.6,Normal,ALLOW,ddos
1787352722.5200474,2,2,00:00:00:00:00:04,0,68508.64,3699466.5,7.598,0.0,100.6,Normal,ALLOW,ddos
1787352722.5304596,2,3,00:00:00:00:00:01,0,72202.4,3898929.8,7.727,0.0,100.6,Normal,ALLOW,ddos
1787352722.6622112,1,3,00:00:00:00:00:04,0,61415.0,3316410.0,4.526,0.0,96.9,Normal,ALLOW,ddos
1787352722.6682131,1,1,00:00:00:00:00:01,0,61415.0,3316410.0,4.43,0.0,96.9,Normal,ALLOW,ddos
1787352722.6744783,1,3,00:00:00:00:00:03,0,66702.0,3601908.0,4.58,0.0,96.9,Normal,ALLOW,ddos
1787352723.508277,2,3,00:00:00:00:00:01,0,67993.51,3671649.77,4.926,0.0,602.3,Normal,ALLOW,ddos
1787352723.51446,2,1,00:00:00:00:00:03,0,71922.71,3883826.23,4.465,0.0,602.3,Normal,ALLOW,ddos
1787352723.5207028,2,2,00:00:00:00:00:04,0,67993.51,3671649.77,4.611,0.0,602.3,Normal,ALLOW,ddos
1787352723.5271733,2,3,00:00:00:00:00:01,0,73166.59,3950995.78,4.496,0.0,602.3,Normal,ALLOW,ddos
1787352723.6429074,1,3,00:00:00:00:00:04,0,65603.0,3542562.0,7.386,0.0,91.2,Normal,ALLOW,ddos
1787352723.6527553,1,1,00:00:00:00:00:01,0,65604.0,3542616.0,7.397,0.0,91.2,Normal,ALLOW,ddos
1787352723.6591191,1,3,00:00:00:00:00:03,0,70008.0,3780432.0,4.497,0.0,91.2,Normal,ALLOW,ddos
1787352724.5196843,2,3,00:00:00:00:00:01,0,29100.71,1571438.46,7.728,0.0,100.5,Normal,ALLOW,ddos
1787352724.5300002,2,1,00:00:00:00:00:03,0,68250.23,3685512.25,7.589,0.0,100.5,Normal,ALLOW,ddos
1787352724.5401537,2,2,00:00:00:00:00:04,0,89013.18,4806711.92,7.764,0.0,100.5,Normal,ALLOW,ddos
1787352724.5506587,2,3,00:00:00:00:00:01,0,69632.57,3760158.79,7.736,0.0,100.5,Normal,ALLOW,ddos
1787352724.7115266,1,3,00:00:00:00:00:04,0,60601.12,3272460.56,7.622,0.0,100.1,Normal,ALLOW,ddos
1787352724.7214599,1,1,00:00:00:00:00:01,0,60601.12,3272460.56,7.499,0.0,100.1,Normal,ALLOW,ddos
1787352724.7315228,1,3,00:00:00:00:00:03,0,64781.8,3498217.22,7.496,0.0,100.1,Normal,ALLOW,ddos
1787352725.5120993,2,1,00:00:00:00:00:03,0,68349.0,3690846.0,4.866,0.0,0.0,Normal,ALLOW,ddos
1787352725.5193744,2,2,00:00:00:00:00:04,0,118530.0,6400620.0,5.512,0.0,0.0,Normal,ALLOW,ddos
1787352725.5270224,2,3,00:00:00:00:00:01,0,69629.0,3759966.0,4.76,0.0,0.0,Normal,ALLOW,ddos
1787352725.6811688,1,3,00:00:00:00:00:04,0,63155.0,3410370.0,4.681,0.0,100.5,Normal,ALLOW,ddos
1787352725.6876326,1,1,00:00:00:00:00:01,0,63154.0,3410316.0,4.734,0.0,100.5,Normal,ALLOW,ddos
1787352725.6940942,1,3,00:00:00:00:00:03,0,68616.0,3705264.0,4.513,0.0,100.5,Normal,ALLOW,ddos
1787352726.5157166,2,1,00:00:00:00:00:03,0,67904.0,3666816.0,7.592,0.0,101.1,Normal,ALLOW,ddos
1787352726.5255969,2,2,00:00:00:00:00:04,0,119548.0,6455592.0,7.597,0.0,101.1,Normal,ALLOW,ddos
1787352726.5334725,2,3,00:00:00:00:00:01,0,69339.0,3744306.0,5.405,0.0,101.1,Normal,ALLOW,ddos
1787352726.7448754,1,3,00:00:00:00:00:04,0,62146.86,3355930.45,4.584,0.0,98.2,Normal,ALLOW,ddos
1787352726.7509162,1,1,00:00:00:00:00:01,0,62147.8,3355981.2,4.491,0.0,98.2,Normal,ALLOW,ddos
1787352726.7574184,1,3,00:00:00:00:00:03,0,62994.66,3401711.59,4.827,0.0,98.2,Normal,ALLOW,ddos
1787352727.5154316,2,1,00:00:00:00:00:03,0,66585.41,3595611.93,4.813,0.0,0.0,Normal,ALLOW,ddos
1787352727.5224693,2,2,00:00:00:00:00:04,0,118034.14,6373843.79,5.326,0.0,0.0,Normal,ALLOW,ddos
1787352727.5287976,2,3,00:00:00:00:00:01,0,67914.84,3667401.56,4.507,0.0,0.0,Normal,ALLOW,ddos
1787352727.615075,1,3,00:00:00:00:00:04,0,63710.0,3440340.0,4.755,0.0,100.7,Normal,ALLOW,ddos
1787352727.6214392,1,1,00:00:00:00:00:01,0,63709.0,3440286.0,4.746,0.0,100.7,Normal,ALLOW,ddos
1787352727.6278176,1,3,00:00:00:00:00:03,0,69382.0,3746628.0,4.361,0.0,100.7,Normal,ALLOW,ddos
1787352728.515094,2,1,00:00:00:00:00:03,0,67464.0,3643056.0,4.473,0.0,98.9,Normal,ALLOW,ddos
1787352728.5214279,2,2,00:00:00:00:00:04,0,119570.0,6456780.0,4.779,0.0,98.9,Normal,ALLOW,ddos
1787352728.5276463,2,3,00:00:00:00:00:01,0,68724.0,3711096.0,4.378,0.0,98.9,Normal,ALLOW,ddos
1787352728.6265836,1,3,00:00:00:00:00:04,0,61314.11,3310961.77,4.643,0.0,110.0,Normal,ALLOW,ddos
1787352728.6326842,1,1,00:00:00:00:00:01,0,61314.11,3310961.77,4.486,0.0,110.0,Normal,ALLOW,ddos
1787352728.639043,1,3,00:00:00:00:00:03,0,68140.41,3679582.14,4.769,0.0,110.0,Normal,ALLOW,ddos
1787352729.5156574,2,1,00:00:00:00:00:03,0,66272.77,3578729.48,4.511,0.0,0.0,Normal,ALLOW,ddos
1787352729.5226345,2,2,00:00:00:00:00:04,0,116893.42,6312244.41,4.851,0.0,0.0,Normal,ALLOW,ddos
1787352729.528995,2,3,00:00:00:00:00:01,0,67620.4,3651501.66,4.493,0.0,0.0,Normal,ALLOW,ddos
1787352729.607564,1,3,00:00:00:00:00:04,0,66126.0,3570804.0,5.049,0.0,99.1,Normal,ALLOW,ddos
1787352729.613669,1,1,00:00:00:00:00:01,0,66126.0,3570804.0,4.396,0.0,99.1,Normal,ALLOW,ddos
1787352729.6198795,1,3,00:00:00:00:00:03,0,69502.0,3753108.0,4.532,0.0,99.1,Normal,ALLOW,ddos
1787352730.5264735,2,1,00:00:00:00:00:03,0,66708.88,3602279.52,4.788,0.0,0.0,Normal,ALLOW,ddos
1787352730.532853,2,2,00:00:00:00:00:04,0,117395.91,6339379.0,4.531,0.0,0.0,Normal,ALLOW,ddos
1787352730.53955,2,3,00:00:00:00:00:01,0,67937.45,3668622.11,4.884,0.0,0.0,Normal,ALLOW,ddos
1787352730.5759208,1,3,00:00:00:00:00:04,0,64840.0,3501360.0,4.761,0.0,101.7,Normal,ALLOW,ddos
1787352730.5823307,1,1,00:00:00:00:00:01,0,64841.0,3501414.0,4.578,0.0,101.7,Normal,ALLOW,ddos
1787352730.589158,1,3,00:00:00:00:00:03,0,70272.0,3794688.0,4.959,0.0,101.7,Normal,ALLOW,ddos
1787352731.4013193,1,3,00:00:00:00:00:04,0,67347.0,3636738.0,4.848,0.0,100.5,Normal,ALLOW,ddos
1787352731.4078805,1,1,00:00:00:00:00:01,0,67346.0,3636684.0,4.636,0.0,100.5,Normal,ALLOW,ddos
1787352731.4139097,1,3,00:00:00:00:00:03,0,70528.0,3808512.0,4.329,0.0,100.5,Normal,ALLOW,ddos
1787352731.517811,2,1,00:00:00:00:00:03,0,64879.0,3503466.0,4.482,0.0,0.0,Normal,ALLOW,ddos
1787352731.5240517,2,2,00:00:00:00:00:04,0,119753.0,6466662.0,4.473,0.0,0.0,Normal,ALLOW,ddos
1787352731.529985,2,3,00:00:00:00:00:01,0,66269.0,3578526.0,4.344,0.0,0.0,Normal,ALLOW,ddos
1787352732.4744306,1,3,00:00:00:00:00:04,0,61638.44,3328475.56,4.961,0.0,101.5,Normal,ALLOW,ddos
1787352732.4807289,1,1,00:00:00:00:00:01,0,61639.37,3328525.89,4.495,0.0,101.5,Normal,ALLOW,ddos
1787352732.4878504,1,3,00:00:00:00:00:03,0,63526.8,3430447.27,4.928,0.0,101.5,Normal,ALLOW,ddos
1787352732.5317776,2,1,00:00:00:00:00:03,0,65777.15,3551965.87,4.572,0.0,86.4,Normal,ALLOW,ddos
1787352732.5384314,2,2,00:00:00:00:00:04,0,116697.25,6301651.47,5.059,0.0,86.4,Normal,ALLOW,ddos
1787352732.5446684,2,3,00:00:00:00:00:01,0,66975.1,3616655.58,4.38,0.0,86.4,Normal,ALLOW,ddos
1787352733.4574475,1,3,00:00:00:00:00:04,0,61558.0,3324132.0,5.055,0.0,99.5,Normal,ALLOW,ddos
1787352733.4637785,1,1,00:00:00:00:00:01,0,61557.0,3324078.0,4.518,0.0,99.5,Normal,ALLOW,ddos
1787352733.4703467,1,3,00:00:00:00:00:03,0,69420.0,3748680.0,4.814,0.0,99.5,Normal,ALLOW,ddos
1787352733.5326605,2,1,00:00:00:00:00:03,0,67437.28,3641613.31,4.59,0.0,0.0,Normal,ALLOW,ddos
1787352733.53961,2,2,00:00:00:00:00:04,0,121941.81,6584857.92,4.924,0.0,0.0,Normal,ALLOW,ddos
1787352733.5460482,2,3,00:00:00:00:00:01,0,68700.7,3709837.6,4.487,0.0,0.0,Normal,ALLOW,ddos
1787352734.4619856,1,3,00:00:00:00:00:04,0,62936.29,3398559.46,4.967,0.0,100.2,Normal,ALLOW,ddos
1787352734.46805,1,1,00:00:00:00:00:01,0,62936.29,3398559.46,4.482,0.0,100.2,Normal,ALLOW,ddos
1787352734.4748793,1,3,00:00:00:00:00:03,0,69870.81,3773023.5,5.032,0.0,100.2,Normal,ALLOW,ddos
1787352734.5362806,2,1,00:00:00:00:00:03,0,66884.7,3611773.55,4.803,0.0,93.8,Normal,ALLOW,ddos
1787352734.5430853,2,2,00:00:00:00:00:04,0,118177.09,6381562.65,4.735,0.0,93.8,Normal,ALLOW,ddos
1787352734.549175,2,3,00:00:00:00:00:01,0,68294.47,3687901.56,4.44,0.0,93.8,Normal,ALLOW,ddos
1787352735.313348,1,3,00:00:00:00:00:04,0,63141.0,3409614.0,5.973,0.0,100.7,Normal,ALLOW,ddos
1787352735.3197806,1,1,00:00:00:00:00:01,0,63142.0,3409668.0,4.422,0.0,100.7,Normal,ALLOW,ddos
1787352735.3260012,1,3,00:00:00:00:00:03,0,72732.0,3927528.0,4.382,0.0,100.7,Normal,ALLOW,ddos
1787352735.5379448,2,1,00:00:00:00:00:03,0,68535.52,3700917.98,5.161,0.0,97.6,Normal,ALLOW,ddos
1787352735.544193,2,2,00:00:00:00:00:04,0,120169.86,6489172.24,4.467,0.0,97.6,Normal,ALLOW,ddos
1787352735.550066,2,3,00:00:00:00:00:01,0,69813.87,3769948.86,4.366,0.0,97.6,Normal,ALLOW,ddos
1787352736.383154,1,3,00:00:00:00:00:04,0,61201.78,3304896.08,4.558,0.0,100.5,Normal,ALLOW,ddos
1787352736.3895698,1,1,00:00:00:00:00:01,0,61201.78,3304896.08,4.611,0.0,100.5,Normal,ALLOW,ddos
1787352736.396032,1,3,00:00:00:00:00:03,0,65462.86,3534994.31,4.435,0.0,100.5,Normal,ALLOW,ddos
1787352736.5443068,2,1,00:00:00:00:00:03,0,65264.48,3524281.93,7.857,0.0,95.6,Normal,ALLOW,ddos
1787352736.5545185,2,2,00:00:00:00:00:04,0,109500.51,5913027.73,7.737,0.0,95.6,Normal,ALLOW,ddos
1787352736.561197,2,3,00:00:00:00:00:01,0,66581.94,3595424.6,4.648,0.0,95.6,Normal,ALLOW,ddos
1787352737.3373628,1,3,00:00:00:00:00:04,0,65790.0,3552660.0,4.529,0.0,100.2,Normal,ALLOW,ddos
1787352737.3435795,1,1,00:00:00:00:00:01,0,65790.0,3552660.0,4.426,0.0,100.2,Normal,ALLOW,ddos
1787352737.3495243,1,3,00:00:00:00:00:03,0,71732.0,3873528.0,4.413,0.0,100.2,Normal,ALLOW,ddos
1787352737.5433583,2,1,00:00:00:00:00:03,0,68335.48,3690115.89,4.752,0.0,97.8,Normal,ALLOW,ddos
1787352737.5500283,2,2,00:00:00:00:00:04,0,117483.01,6344082.63,4.825,0.0,97.8,Normal,ALLOW,ddos
1787352737.5567453,2,3,00:00:00:00:00:01,0,69667.84,3762063.21,4.954,0.0,97.8,Normal,ALLOW,ddos
1787352738.2479334,1,3,00:00:00:00:00:04,0,60617.0,3273318.0,7.931,0.0,100.1,Normal,ALLOW,ddos
1787352738.2552075,1,1,00:00:00:00:00:01,0,60617.0,3273318.0,5.57,0.0,100.1,Normal,ALLOW,ddos
1787352738.26165,1,3,00:00:00:00:00:03,0,68079.0,3676266.0,4.57,0.0,100.1,Normal,ALLOW,ddos
1787352738.5536427,2,1,00:00:00:00:00:03,0,66022.98,3565240.98,7.958,0.0,101.5,Normal,ALLOW,ddos
1787352738.56421,2,2,00:00:00:00:00:04,0,117006.3,6318340.0,7.846,0.0,101.5,Normal,ALLOW,ddos
1787352738.572178,2,3,00:00:00:00:00:01,0,67227.62,3630291.7,5.623,0.0,101.5,Normal,ALLOW,ddos
1787352739.309707,1,3,00:00:00:00:00:04,0,61306.72,3310562.83,4.861,0.0,100.1,Normal,ALLOW,ddos
1787352739.3161502,1,1,00:00:00:00:00:01,0,61305.78,3310512.16,4.741,0.0,100.1,Normal,ALLOW,ddos
1787352739.3228123,1,3,00:00:00:00:00:03,0,61683.99,3330935.53,4.91,0.0,100.1,Normal,ALLOW,ddos
1787352739.5625668,2,1,00:00:00:00:00:03,0,65672.78,3546330.07,8.049,0.0,100.6,Normal,ALLOW,ddos
1787352739.571302,2,2,00:00:00:00:00:04,0,115254.52,6223743.96,6.272,0.0,100.6,Normal,ALLOW,ddos
1787352739.578063,2,3,00:00:00:00:00:01,0,66973.47,3616567.15,4.757,0.0,100.6,Normal,ALLOW,ddos
1787352740.0550125,1,3,00:00:00:00:00:04,0,62785.0,3390390.0,4.951,0.0,98.1,Normal,ALLOW,ddos
1787352740.0617123,1,1,00:00:00:00:00:01,0,62785.0,3390390.0,4.547,0.0,98.1,Normal,ALLOW,ddos
1787352740.067879,1,3,00:00:00:00:00:03,0,65043.0,3512322.0,4.372,0.0,98.1,Normal,ALLOW,ddos
1787352740.5545886,2,1,00:00:00:00:00:03,0,66758.0,3604932.0,6.014,0.0,0.0,Normal,ALLOW,ddos
1787352740.5651734,2,2,00:00:00:00:00:04,0,119014.0,6426756.0,7.907,0.0,0.0,Normal,ALLOW,ddos
1787352740.5736868,2,3,00:00:00:00:00:01,0,67822.0,3662388.0,6.146,0.0,0.0,Normal,ALLOW,ddos
1787352740.6183114,1,3,00:00:00:00:00:04,0,66407.0,3585978.0,4.653,0.0,108.1,Normal,ALLOW,ddos
1787352740.6253183,1,1,00:00:00:00:00:01,0,66407.0,3585978.0,4.596,0.0,108.1,Normal,ALLOW,ddos
1787352740.6316128,1,3,00:00:00:00:00:03,0,71753.0,3874662.0,4.514,0.0,108.1,Normal,ALLOW,ddos
1787352741.4086914,1,3,00:00:00:00:00:04,0,65403.0,3531762.0,4.861,0.0,100.0,Normal,ALLOW,ddos
1787352741.4151309,1,1,00:00:00:00:00:01,0,65403.0,3531762.0,4.69,0.0,100.0,Normal,ALLOW,ddos
1787352741.4213412,1,3,00:00:00:00:00:03,0,67668.0,3654072.0,4.598,0.0,100.0,Normal,ALLOW,ddos
1787352741.5465837,2,1,00:00:00:00:00:03,0,66196.0,3574584.0,4.683,0.0,0.0,Normal,ALLOW,ddos
1787352741.5528,2,2,00:00:00:00:00:04,0,116949.0,6315246.0,4.656,0.0,0.0,Normal,ALLOW,ddos
1787352741.5590076,2,3,00:00:00:00:00:01,0,67428.0,3641112.0,4.584,0.0,0.0,Normal,ALLOW,ddos
1787352742.234972,1,3,00:00:00:00:00:04,0,62245.0,3361230.0,4.658,0.0,100.3,Normal,ALLOW,ddos
1787352742.241383,1,1,00:00:00:00:00:01,0,62245.0,3361230.0,4.646,0.0,100.3,Normal,ALLOW,ddos
1787352742.247645,1,3,00:00:00:00:00:03,0,69425.0,3748950.0,4.547,0.0,100.3,Normal,ALLOW,ddos
1787352742.5469754,2,1,00:00:00:00:00:03,0,69200.0,3736800.0,4.618,0.0,99.4,Normal,ALLOW,ddos
1787352742.553445,2,2,00:00:00:00:00:04,0,124454.0,6720516.0,4.754,0.0,99.4,Normal,ALLOW,ddos
1787352742.5597482,2,3,00:00:00:00:00:01,0,70569.0,3810726.0,4.507,0.0,99.4,Normal,ALLOW,ddos
1787352743.224328,1,3,00:00:00:00:00:04,0,63158.0,3410532.0,4.721,0.0,99.0,Normal,ALLOW,ddos
1787352743.2303967,1,1,00:00:00:00:00:01,0,63159.0,3410586.0,4.522,0.0,99.0,Normal,ALLOW,ddos
1787352743.2364583,1,3,00:00:00:00:00:03,0,71393.0,3855222.0,4.552,0.0,99.0,Normal,ALLOW,ddos
1787352743.5487292,2,1,00:00:00:00:00:03,0,70138.9,3787500.76,4.537,0.0,0.0,Normal,ALLOW,ddos
1787352743.5546978,2,2,00:00:00:00:00:04,0,125031.56,6751704.39,4.469,0.0,0.0,Normal,ALLOW,ddos
1787352743.5605776,2,3,00:00:00:00:00:01,0,71525.56,3862380.23,4.41,0.0,0.0,Normal,ALLOW,ddos
1787352744.143039,1,3,00:00:00:00:00:04,0,66390.0,3585060.0,4.548,0.0,99.4,Normal,ALLOW,ddos
1787352744.1490846,1,1,00:00:00:00:00:01,0,66390.0,3585060.0,4.539,0.0,99.4,Normal,ALLOW,ddos
1787352744.15509,1,3,00:00:00:00:00:03,0,67156.0,3626424.0,4.491,0.0,99.4,Normal,ALLOW,ddos
1787352744.5506248,2,1,00:00:00:00:00:03,0,69954.09,3777521.11,4.657,0.0,100.5,Normal,ALLOW,ddos
1787352744.556891,2,2,00:00:00:00:00:04,0,122300.05,6604202.73,4.682,0.0,100.5,Normal,ALLOW,ddos
1787352744.562952,2,3,00:00:00:00:00:01,0,71426.43,3857027.43,4.47,0.0,100.5,Normal,ALLOW,ddos
1787352744.9673095,1,3,00:00:00:00:00:04,0,66053.0,3566862.0,4.548,0.0,100.9,Normal,ALLOW,ddos
1787352744.973369,1,1,00:00:00:00:00:01,0,66052.0,3566808.0,4.496,0.0,100.9,Normal,ALLOW,ddos
1787352744.979373,1,3,00:00:00:00:00:03,0,68885.0,3719790.0,4.467,0.0,100.9,Normal,ALLOW,ddos
1787352745.552313,2,1,00:00:00:00:00:03,0,70638.2,3814463.03,4.938,0.0,99.2,Normal,ALLOW,ddos
1787352745.5586443,2,2,00:00:00:00:00:04,0,123995.02,6695731.34,4.727,0.0,99.2,Normal,ALLOW,ddos
1787352745.5647817,2,3,00:00:00:00:00:01,0,71988.13,3887358.75,4.552,0.0,99.2,Normal,ALLOW,ddos
1787352745.9531949,1,3,00:00:00:00:00:04,0,64882.0,3503628.0,4.708,0.0,99.9,Normal,ALLOW,ddos
1787352745.95942,1,1,00:00:00:00:00:01,0,64882.0,3503628.0,4.673,0.0,99.9,Normal,ALLOW,ddos
1787352745.9654844,1,3,00:00:00:00:00:03,0,66855.0,3610170.0,4.533,0.0,99.9,Normal,ALLOW,ddos
1787352746.5545597,2,1,00:00:00:00:00:03,0,67341.09,3636418.9,4.666,0.0,99.8,Normal,ALLOW,ddos
1787352746.5607457,2,2,00:00:00:00:00:04,0,122590.61,6619893.08,4.558,0.0,99.8,Normal,ALLOW,ddos
1787352746.5666218,2,3,00:00:00:00:00:01,0,68690.81,3709303.5,4.378,0.0,99.8,Normal,ALLOW,ddos
1787352746.8816528,1,3,00:00:00:00:00:04,0,65266.0,3524364.0,4.545,0.0,97.6,Normal,ALLOW,ddos
1787352746.8875422,1,1,00:00:00:00:00:01,0,65266.0,3524364.0,4.383,0.0,97.6,Normal,ALLOW,ddos
1787352746.893791,1,3,00:00:00:00:00:03,0,69742.0,3766068.0,4.258,0.0,97.6,Normal,ALLOW,ddos
1787352747.5571065,2,1,00:00:00:00:00:03,0,68969.49,3724352.34,4.711,0.0,713.8,Normal,ALLOW,ddos
1787352747.563306,2,2,00:00:00:00:00:04,0,120312.5,6496874.9,4.62,0.0,713.8,Normal,ALLOW,ddos
1787352747.5694814,2,3,00:00:00:00:00:01,0,70478.99,3805865.45,4.636,0.0,713.8,Normal,ALLOW,ddos
1787352747.687881,1,3,00:00:00:00:00:04,0,63764.0,3443256.0,4.675,0.0,92.0,Normal,ALLOW,ddos
1787352747.693921,1,1,00:00:00:00:00:01,0,63764.0,3443256.0,4.497,0.0,92.0,Normal,ALLOW,ddos
1787352747.6998985,1,3,00:00:00:00:00:03,0,64993.0,3509622.0,4.458,0.0,92.0,Normal,ALLOW,ddos
1787352748.5570636,2,1,00:00:00:00:00:03,0,71278.0,3849012.0,4.636,0.0,100.1,Normal,ALLOW,ddos
1787352748.563207,2,2,00:00:00:00:00:04,0,128201.0,6922854.0,4.551,0.0,100.1,Normal,ALLOW,ddos
1787352748.5692244,2,3,00:00:00:00:00:01,0,73239.0,3954906.0,4.456,0.0,100.1,Normal,ALLOW,ddos
1787352748.6255414,1,3,00:00:00:00:00:04,0,63028.0,3403512.0,4.551,0.0,102.6,Normal,ALLOW,ddos
1787352748.6315866,1,1,00:00:00:00:00:01,0,63028.0,3403512.0,4.536,0.0,102.6,Normal,ALLOW,ddos
1787352748.6377406,1,3,00:00:00:00:00:03,0,67322.0,3635388.0,4.573,0.0,102.6,Normal,ALLOW,ddos
1787352748.6438699,1,2,00:00:00:00:00:02,0,72585.0,3919590.0,4.487,0.0,102.6,Normal,ALLOW,ddos
1787352749.55834,2,1,00:00:00:00:00:03,0,70702.8,3817951.14,4.217,0.0,707.3,Normal,ALLOW,ddos
1787352749.5643597,2,2,00:00:00:00:00:04,0,128772.33,6953705.78,4.359,0.0,707.3,Normal,ALLOW,ddos
1787352749.570491,2,3,00:00:00:00:00:01,0,72703.41,3925983.99,4.437,0.0,707.3,Normal,ALLOW,ddos
1787352749.583608,1,3,00:00:00:00:00:04,0,66268.0,3578472.0,4.62,0.0,83.0,Normal,ALLOW,ddos
1787352749.5897958,1,1,00:00:00:00:00:01,0,66269.0,3578526.0,4.433,0.0,83.0,Normal,ALLOW,ddos
1787352749.595832,1,2,00:00:00:00:00:02,0,71723.0,3873042.0,4.371,0.0,83.0,Normal,ALLOW,ddos
1787352749.6018417,1,3,00:00:00:00:00:03,0,68406.0,3693924.0,4.351,0.0,83.0,Normal,ALLOW,ddos
1787352750.503439,1,3,00:00:00:00:00:04,0,65910.0,3559140.0,4.546,0.0,100.0,Normal,ALLOW,ddos
1787352750.5094306,1,1,00:00:00:00:00:01,0,65910.0,3559140.0,4.472,0.0,100.0,Normal,ALLOW,ddos
1787352750.5152977,1,3,00:00:00:00:00:03,0,69724.0,3765096.0,4.355,0.0,100.0,Normal,ALLOW,ddos
1787352750.52116,1,2,00:00:00:00:00:02,0,74024.0,3997296.0,4.335,0.0,100.0,Normal,ALLOW,ddos
1787352750.5641763,2,1,00:00:00:00:00:03,0,70143.31,3787738.94,4.551,0.0,0.0,Normal,ALLOW,ddos
1787352750.570126,2,2,00:00:00:00:00:04,0,128214.8,6923599.22,4.46,0.0,0.0,Normal,ALLOW,ddos
1787352750.5759213,2,3,00:00:00:00:00:01,0,72062.95,3891399.31,4.32,0.0,0.0,Normal,ALLOW,ddos
1787352751.4646459,1,3,00:00:00:00:00:04,0,64670.0,3492180.0,4.616,0.0,101.1,Normal,ALLOW,ddos
1787352751.4707234,1,1,00:00:00:00:00:01,0,64670.0,3492180.0,4.517,0.0,101.1,Normal,ALLOW,ddos
1787352751.4767818,1,3,00:00:00:00:00:03,0,69522.0,3754188.0,4.43,0.0,101.1,Normal,ALLOW,ddos
1787352751.4831972,1,2,00:00:00:00:00:02,0,73643.0,3976722.0,4.404,0.0,101.1,Normal,ALLOW,ddos
1787352751.5645757,2,1,00:00:00:00:00:03,0,68677.34,3708576.61,4.52,0.0,0.0,Normal,ALLOW,ddos
1787352751.5707977,2,2,00:00:00:00:00:04,0,124849.27,6741860.81,4.64,0.0,0.0,Normal,ALLOW,ddos
1787352751.5771086,2,3,00:00:00:00:00:01,0,70650.15,3815108.0,4.55,0.0,0.0,Normal,ALLOW,ddos
1787352752.3300414,1,3,00:00:00:00:00:04,0,65563.0,3540402.0,4.524,0.0,100.7,Normal,ALLOW,ddos
1787352752.3362923,1,1,00:00:00:00:00:01,0,65562.0,3540348.0,4.664,0.0,100.7,Normal,ALLOW,ddos
1787352752.3423707,1,3,00:00:00:00:00:03,0,71025.0,3835350.0,4.396,0.0,100.7,Normal,ALLOW,ddos
1787352752.3482904,1,2,00:00:00:00:00:02,0,68608.0,3704832.0,4.367,0.0,100.7,Normal,ALLOW,ddos
1787352752.5650377,2,1,00:00:00:00:00:03,0,71805.0,3877470.0,4.559,0.0,97.9,Normal,ALLOW,ddos
1787352752.5711746,2,2,00:00:00:00:00:04,0,129109.0,6971886.0,4.535,0.0,97.9,Normal,ALLOW,ddos
1787352752.6070383,2,3,00:00:00:00:00:01,0,73891.0,3990114.0,4.146,0.0,97.9,Normal,ALLOW,ddos
1787352753.299694,1,3,00:00:00:00:00:04,0,65008.0,3510432.0,4.518,0.0,100.7,Normal,ALLOW,ddos
1787352753.305635,1,1,00:00:00:00:00:01,0,65008.0,3510432.0,4.368,0.0,100.7,Normal,ALLOW,ddos
1787352753.311579,1,2,00:00:00:00:00:02,0,70890.0,3828060.0,4.286,0.0,100.7,Normal,ALLOW,ddos
1787352753.3173711,1,3,00:00:00:00:00:03,0,67952.0,3669408.0,4.285,0.0,100.7,Normal,ALLOW,ddos
1787352753.568635,2,1,00:00:00:00:00:03,0,72861.74,3934533.77,4.669,0.0,744.3,Normal,ALLOW,ddos
1787352753.5747771,2,2,00:00:00:00:00:04,0,127842.5,6903494.89,4.543,0.0,744.3,Normal,ALLOW,ddos
1787352753.5808804,2,3,00:00:00:00:00:01,0,74704.62,4034049.62,4.46,0.0,744.3,Normal,ALLOW,ddos
1787352754.093606,1,3,00:00:00:00:00:04,0,65016.0,3510864.0,4.894,0.0,101.1,Normal,ALLOW,ddos
1787352754.09944,1,1,00:00:00:00:00:01,0,65016.0,3510864.0,4.36,0.0,101.1,Normal,ALLOW,ddos
1787352754.1053798,1,3,00:00:00:00:00:03,0,67681.0,3654774.0,4.446,0.0,101.1,Normal,ALLOW,ddos
1787352754.1112418,1,2,00:00:00:00:00:02,0,71529.0,3862566.0,4.404,0.0,101.1,Normal,ALLOW,ddos
1787352754.5697882,2,1,00:00:00:00:00:03,0,72144.0,3895776.1,4.637,0.0,0.0,Normal,ALLOW,ddos
1787352754.5757577,2,2,00:00:00:00:00:04,0,131780.47,7116145.56,4.467,0.0,0.0,Normal,ALLOW,ddos
1787352754.5816095,2,3,00:00:00:00:00:01,0,74128.39,4002932.99,4.372,0.0,0.0,Normal,ALLOW,ddos
1787352755.053382,1,3,00:00:00:00:00:04,0,63667.0,3438018.0,4.544,0.0,101.4,Normal,ALLOW,ddos
1787352755.0593176,1,1,00:00:00:00:00:01,0,63668.0,3438072.0,4.428,0.0,101.4,Normal,ALLOW,ddos
1787352755.0651925,1,2,00:00:00:00:00:02,0,72740.0,3927960.0,4.383,0.0,101.4,Normal,ALLOW,ddos
1787352755.0715847,1,3,00:00:00:00:00:03,0,67608.0,3650832.0,4.858,0.0,101.4,Normal,ALLOW,ddos
1787352755.5708165,2,1,00:00:00:00:00:03,0,70319.06,3797229.44,4.532,0.0,0.0,Normal,ALLOW,ddos
1787352755.5767787,2,2,00:00:00:00:00:04,0,129470.35,6991398.69,4.469,0.0,0.0,Normal,ALLOW,ddos
1787352755.5827065,2,3,00:00:00:00:00:01,0,72298.9,3904140.47,4.303,0.0,0.0,Normal,ALLOW,ddos
1787352755.9885392,1,3,00:00:00:00:00:04,0,64726.0,3495204.0,4.465,0.0,100.7,Normal,ALLOW,ddos
1787352755.994689,1,1,00:00:00:00:00:01,0,64725.0,3495150.0,4.582,0.0,100.7,Normal,ALLOW,ddos
1787352756.000643,1,2,00:00:00:00:00:02,0,67290.0,3633660.0,4.392,0.0,100.7,Normal,ALLOW,ddos
1787352756.00713,1,3,00:00:00:00:00:03,0,69018.0,3726972.0,4.329,0.0,100.7,Normal,ALLOW,ddos
1787352756.5751379,2,1,00:00:00:00:00:03,0,70916.69,3829501.0,4.475,0.0,0.0,Normal,ALLOW,ddos
1787352756.581284,2,2,00:00:00:00:00:04,0,130294.54,7035904.96,4.565,0.0,0.0,Normal,ALLOW,ddos
1787352756.587183,2,3,00:00:00:00:00:01,0,73010.58,3942571.42,4.382,0.0,0.0,Normal,ALLOW,ddos
1787352756.9471478,1,3,00:00:00:00:00:04,0,64432.0,3479328.0,4.409,0.0,99.6,Normal,ALLOW,ddos
1787352756.9529145,1,1,00:00:00:00:00:01,0,64432.0,3479328.0,4.284,0.0,99.6,Normal,ALLOW,ddos
1787352756.9587936,1,2,00:00:00:00:00:02,0,68727.0,3711258.0,4.266,0.0,99.6,Normal,ALLOW,ddos
1787352756.9645472,1,3,00:00:00:00:00:03,0,70251.0,3793554.0,4.306,0.0,99.6,Normal,ALLOW,ddos
1787352757.578287,2,1,00:00:00:00:00:03,0,70423.21,3802853.34,4.403,0.0,0.0,Normal,ALLOW,ddos
1787352757.5840466,2,2,00:00:00:00:00:04,0,130975.13,7072656.77,4.27,0.0,0.0,Normal,ALLOW,ddos
1787352757.620697,2,3,00:00:00:00:00:01,0,72273.83,3902786.73,4.676,0.0,0.0,Normal,ALLOW,ddos
1787352757.7411501,1,3,00:00:00:00:00:04,0,66735.0,3603690.0,4.498,0.0,80.0,Normal,ALLOW,ddos
1787352757.747464,1,1,00:00:00:00:00:01,0,66735.0,3603690.0,4.407,0.0,80.0,Normal,ALLOW,ddos
1787352757.7535055,1,2,00:00:00:00:00:02,0,70465.0,3805110.0,4.475,0.0,80.0,Normal,ALLOW,ddos
1787352757.7594812,1,3,00:00:00:00:00:03,0,67106.0,3623724.0,4.361,0.0,80.0,Normal,ALLOW,ddos
1787352758.5762174,2,1,00:00:00:00:00:03,0,71730.0,3873420.0,4.741,0.0,100.6,Normal,ALLOW,ddos
1787352758.5822558,2,2,00:00:00:00:00:04,0,131907.0,7122978.0,4.501,0.0,100.6,Normal,ALLOW,ddos
1787352758.5880258,2,3,00:00:00:00:00:01,0,73720.0,3980880.0,4.283,0.0,100.6,Normal,ALLOW,ddos
1787352758.6668358,1,3,00:00:00:00:00:04,0,63820.0,3446280.0,4.419,0.0,84.0,Normal,ALLOW,ddos
1787352758.672648,1,1,00:00:00:00:00:01,0,63820.0,3446280.0,4.304,0.0,84.0,Normal,ALLOW,ddos
1787352758.6783772,1,2,00:00:00:00:00:02,0,72972.0,3940488.0,4.243,0.0,84.0,Normal,ALLOW,ddos
1787352758.6842625,1,3,00:00:00:00:00:03,0,71484.0,3860136.0,4.4,0.0,84.0,Normal,ALLOW,ddos
1787352759.3546772,1,3,00:00:00:00:00:04,0,58289.0,3147606.0,5.123,0.0,100.4,Normal,ALLOW,ddos
1787352759.3608932,1,1,00:00:00:00:00:01,0,58289.0,3147606.0,4.567,0.0,100.4,Normal,ALLOW,ddos
1787352759.3667262,1,2,00:00:00:00:00:02,0,72263.0,3902202.0,4.311,0.0,100.4,Normal,ALLOW,ddos
1787352759.3725696,1,3,00:00:00:00:00:03,0,69404.0,3747816.0,4.33,0.0,100.4,Normal,ALLOW,ddos
1787352759.577185,2,1,00:00:00:00:00:03,0,71477.32,3859775.32,4.52,0.0,98.6,Normal,ALLOW,ddos
1787352759.5832062,2,2,00:00:00:00:00:04,0,128169.16,6921134.52,4.502,0.0,98.6,Normal,ALLOW,ddos
1787352759.5891328,2,3,00:00:00:00:00:01,0,73516.9,3969912.84,4.414,0.0,98.6,Normal,ALLOW,ddos
1787352759.8562229,1,3,00:00:00:00:00:04,0,68064.0,3675456.0,5.38,0.0,104.5,Normal,ALLOW,ddos
1787352759.8622417,1,1,00:00:00:00:00:01,0,68064.0,3675456.0,4.452,0.0,104.5,Normal,ALLOW,ddos
1787352759.8682125,1,3,00:00:00:00:00:03,0,68410.0,3694140.0,4.444,0.0,104.5,Normal,ALLOW,ddos
1787352759.8741765,1,2,00:00:00:00:00:02,0,72391.0,3909114.0,4.444,0.0,104.5,Normal,ALLOW,ddos
1787352760.3256905,1,3,00:00:00:00:00:04,0,65766.0,3551364.0,4.531,0.0,97.7,Normal,ALLOW,ddos
1787352760.3316042,1,1,00:00:00:00:00:01,0,65766.0,3551364.0,4.419,0.0,97.7,Normal,ALLOW,ddos
1787352760.3375573,1,2,00:00:00:00:00:02,0,73607.0,3974778.0,4.433,0.0,97.7,Normal,ALLOW,ddos
1787352760.3434615,1,3,00:00:00:00:00:03,0,68426.0,3695004.0,4.382,0.0,97.7,Normal,ALLOW,ddos
1787352760.5789073,2,1,00:00:00:00:00:03,0,70716.74,3818703.82,4.512,0.0,102.7,Normal,ALLOW,ddos
1787352760.5850406,2,2,00:00:00:00:00:04,0,128704.58,6950047.42,4.603,0.0,102.7,Normal,ALLOW,ddos
1787352760.5909321,2,3,00:00:00:00:00:01,0,72696.45,3925608.55,4.371,0.0,102.7,Normal,ALLOW,ddos
1787352760.8185134,1,3,00:00:00:00:00:04,0,68088.0,3676752.0,4.579,0.0,100.1,Normal,ALLOW,ddos
1787352760.824584,1,1,00:00:00:00:00:01,0,68088.0,3676752.0,4.417,0.0,100.1,Normal,ALLOW,ddos
1787352760.830483,1,3,00:00:00:00:00:03,0,66253.0,3577662.0,4.357,0.0,100.1,Normal,ALLOW,ddos
1787352760.836611,1,2,00:00:00:00:00:02,0,71636.0,3868344.0,4.523,0.0,100.1,Normal,ALLOW,ddos
1787352761.4349434,1,3,00:00:00:00:00:04,0,67073.0,3621942.0,4.454,0.0,98.9,Normal,ALLOW,ddos
1787352761.440858,1,1,00:00:00:00:00:01,0,67073.0,3621942.0,4.326,0.0,98.9,Normal,ALLOW,ddos
1787352761.4468043,1,3,00:00:00:00:00:03,0,66288.0,3579552.0,4.3,0.0,98.9,Normal,ALLOW,ddos
1787352761.4526753,1,2,00:00:00:00:00:02,0,72947.0,3939138.0,4.258,0.0,98.9,Normal,ALLOW,ddos
1787352761.5809004,2,1,00:00:00:00:00:03,0,72275.07,3902853.7,4.501,0.0,102.8,Normal,ALLOW,ddos
1787352761.5876546,2,2,00:00:00:00:00:04,0,131297.18,7090047.71,4.938,0.0,102.8,Normal,ALLOW,ddos
1787352761.593891,2,3,00:00:00:00:00:01,0,74318.74,4013212.18,4.106,0.0,102.8,Normal,ALLOW,ddos
1787352762.2287683,1,3,00:00:00:00:00:04,0,66663.0,3599802.0,4.68,0.0,100.4,Normal,ALLOW,ddos
1787352762.2344878,1,1,00:00:00:00:00:01,0,66663.0,3599802.0,4.276,0.0,100.4,Normal,ALLOW,ddos
1787352762.240274,1,2,00:00:00:00:00:02,0,72755.0,3928770.0,4.277,0.0,100.4,Normal,ALLOW,ddos
1787352762.2458832,1,3,00:00:00:00:00:03,0,70495.0,3806730.0,4.19,0.0,100.4,Normal,ALLOW,ddos
1787352762.5823202,2,1,00:00:00:00:00:03,0,71561.39,3864314.95,4.666,0.0,99.0,Normal,ALLOW,ddos
1787352762.5884414,2,2,00:00:00:00:00:04,0,131014.75,7074796.69,4.538,0.0,99.0,Normal,ALLOW,ddos
1787352762.5945823,2,3,00:00:00:00:00:01,0,73555.09,3971974.66,4.519,0.0,99.0,Normal,ALLOW,ddos
1787352763.2144952,1,3,00:00:00:00:00:04,0,65819.0,3554226.0,4.52,0.0,99.4,Normal,ALLOW,ddos
1787352763.2204647,1,1,00:00:00:00:00:01,0,65819.0,3554226.0,4.462,0.0,99.4,Normal,ALLOW,ddos
1787352763.2264946,1,3,00:00:00:00:00:03,0,69633.0,3760182.0,4.465,0.0,99.4,Normal,ALLOW,ddos
1787352763.2322102,1,2,00:00:00:00:00:02,0,71634.0,3868236.0,4.256,0.0,99.4,Normal,ALLOW,ddos
1787352763.5826411,2,1,00:00:00:00:00:03,0,70611.57,3813024.54,4.457,0.0,100.5,Normal,ALLOW,ddos
1787352763.588565,2,2,00:00:00:00:00:04,0,121428.5,6557139.2,4.426,0.0,100.5,Normal,ALLOW,ddos
1787352763.5944083,2,3,00:00:00:00:00:01,0,72476.68,3913740.85,4.275,0.0,100.5,Normal,ALLOW,ddos
1787352764.1871827,1,3,00:00:00:00:00:04,0,68268.0,3686472.0,4.357,0.0,99.1,Normal,ALLOW,ddos
1787352764.1934612,1,1,00:00:00:00:00:01,0,68268.0,3686472.0,4.334,0.0,99.1,Normal,ALLOW,ddos
1787352764.1992497,1,3,00:00:00:00:00:03,0,71037.0,3835998.0,4.273,0.0,99.1,Normal,ALLOW,ddos
1787352764.2050488,1,2,00:00:00:00:00:02,0,77287.0,4173498.0,4.296,0.0,99.1,Normal,ALLOW,ddos
1787352764.5840921,2,1,00:00:00:00:00:03,0,70919.87,3829672.95,4.413,0.0,103.3,Normal,ALLOW,ddos
1787352764.590019,2,2,00:00:00:00:00:04,0,129777.13,7007965.05,4.356,0.0,103.3,Normal,ALLOW,ddos
1787352764.5956843,2,3,00:00:00:00:00:01,0,72234.86,3900682.68,4.152,0.0,103.3,Normal,ALLOW,ddos
1787352764.6789246,1,3,00:00:00:00:00:04,0,67547.0,3647538.0,4.525,0.0,92.5,Normal,ALLOW,ddos
1787352764.684843,1,1,00:00:00:00:00:01,0,67546.0,3647484.0,4.344,0.0,92.5,Normal,ALLOW,ddos
1787352764.6906023,1,3,00:00:00:00:00:03,0,70649.0,3815046.0,4.246,0.0,92.5,Normal,ALLOW,ddos
1787352764.6965008,1,2,00:00:00:00:00:02,0,75298.0,4066092.0,4.341,0.0,92.5,Normal,ALLOW,ddos
1787352765.5226123,1,3,00:00:00:00:00:04,0,69019.0,3727026.0,4.606,0.0,99.6,Normal,ALLOW,ddos
1787352765.528782,1,1,00:00:00:00:00:01,0,69020.0,3727080.0,4.468,0.0,99.6,Normal,ALLOW,ddos
1787352765.5347748,1,3,00:00:00:00:00:03,0,73252.0,3955608.0,4.372,0.0,99.6,Normal,ALLOW,ddos
1787352765.5407007,1,1,00:00:00:00:00:01,0,73252.0,3955608.0,4.432,0.0,99.6,Normal,ALLOW,ddos
1787352765.546506,1,2,00:00:00:00:00:02,0,79725.0,4305150.0,4.325,0.0,99.6,Normal,ALLOW,ddos
1787352765.5891874,2,1,00:00:00:00:00:03,0,71525.12,3862356.29,4.414,0.0,0.0,Normal,ALLOW,ddos
1787352765.5949345,2,2,00:00:00:00:00:04,0,128898.56,6960522.29,4.301,0.0,0.0,Normal,ALLOW,ddos
1787352765.6006405,2,3,00:00:00:00:00:01,0,71525.12,3862356.29,4.246,0.0,0.0,Normal,ALLOW,ddos
1787352766.4898157,1,3,00:00:00:00:00:04,0,68512.0,3699648.0,4.544,0.0,98.9,Normal,ALLOW,ddos
1787352766.4958334,1,1,00:00:00:00:00:01,0,68512.0,3699648.0,4.51,0.0,98.9,Normal,ALLOW,ddos
1787352766.5017753,1,3,00:00:00:00:00:03,0,70870.0,3826980.0,4.383,0.0,98.9,Normal,ALLOW,ddos
1787352766.5076995,1,1,00:00:00:00:00:01,0,70871.0,3827034.0,4.395,0.0,98.9,Normal,ALLOW,ddos
1787352766.5135388,1,2,00:00:00:00:00:02,0,75126.0,4056804.0,4.333,0.0,98.9,Normal,ALLOW,ddos
1787352766.591786,2,1,00:00:00:00:00:03,0,68955.88,3723617.34,4.755,0.0,0.0,Normal,ALLOW,ddos
1787352766.5979629,2,2,00:00:00:00:00:04,0,127438.77,6881693.52,4.592,0.0,0.0,Normal,ALLOW,ddos
1787352766.60429,2,3,00:00:00:00:00:01,0,68954.88,3723563.46,4.626,0.0,0.0,Normal,ALLOW,ddos
1787352767.470554,1,3,00:00:00:00:00:04,0,68492.0,3698568.0,4.664,0.0,100.2,Normal,ALLOW,ddos
1787352767.4766188,1,1,00:00:00:00:00:01,0,68492.0,3698568.0,4.503,0.0,100.2,Normal,ALLOW,ddos
1787352767.4825869,1,3,00:00:00:00:00:03,0,72450.0,3912300.0,4.419,0.0,100.2,Normal,ALLOW,ddos
1787352767.4885957,1,2,00:00:00:00:00:02,0,76310.0,4120740.0,4.463,0.0,100.2,Normal,ALLOW,ddos
1787352767.4946628,1,1,00:00:00:00:00:01,0,72450.0,3912300.0,4.485,0.0,100.2,Normal,ALLOW,ddos
1787352767.5907502,2,1,00:00:00:00:00:03,0,68883.0,3719682.0,4.512,0.0,0.0,Normal,ALLOW,ddos
1787352767.596741,2,2,00:00:00:00:00:04,0,123849.0,6687846.0,4.471,0.0,0.0,Normal,ALLOW,ddos
1787352767.6026657,2,3,00:00:00:00:00:01,0,68883.0,3719682.0,4.415,0.0,0.0,Normal,ALLOW,ddos
1787352768.449188,1,1,00:00:00:00:00:01,0,29305.0,1582470.0,4.533,0.0,100.3,Normal,ALLOW,ddos
1787352768.4552548,1,3,00:00:00:00:00:03,0,68727.0,3711258.0,4.514,0.0,100.3,Normal,ALLOW,ddos
1787352768.4612603,1,1,00:00:00:00:00:01,0,68727.0,3711258.0,4.42,0.0,100.3,Normal,ALLOW,ddos
1787352768.467831,1,2,00:00:00:00:00:02,0,74379.0,4016466.0,5.077,0.0,100.3,Normal,ALLOW,ddos
1787352768.5935113,2,1,00:00:00:00:00:03,0,69948.44,3777215.59,4.665,0.0,0.0,Normal,ALLOW,ddos
1787352768.5997264,2,2,00:00:00:00:00:04,0,87879.64,4745500.39,4.623,0.0,0.0,Normal,ALLOW,ddos
1787352768.6059842,2,3,00:00:00:00:00:01,0,69948.44,3777215.59,4.634,0.0,0.0,Normal,ALLOW,ddos
1787352769.2801392,1,3,00:00:00:00:00:03,0,68349.0,3690846.0,6.018,0.0,99.4,Normal,ALLOW,ddos
1787352769.2857463,1,1,00:00:00:00:00:01,0,68349.0,3690846.0,4.085,0.0,99.4,Normal,ALLOW,ddos
1787352769.2916195,1,2,00:00:00:00:00:02,0,71967.0,3886218.0,4.383,0.0,99.4,Normal,ALLOW,ddos
1787352769.5933704,2,1,00:00:00:00:00:03,0,70292.0,3795768.0,4.385,0.0,101.3,Normal,ALLOW,ddos
1787352769.5991855,2,2,00:00:00:00:00:04,0,73708.0,3980232.0,4.347,0.0,101.3,Normal,ALLOW,ddos
1787352769.6049724,2,3,00:00:00:00:00:01,0,70293.0,3795822.0,4.323,0.0,101.3,Normal,ALLOW,ddos
1787352770.2304542,1,3,00:00:00:00:00:03,0,67611.0,3650994.0,4.441,0.0,100.3,Normal,ALLOW,ddos
1787352770.236246,1,2,00:00:00:00:00:02,0,71817.0,3878118.0,4.313,0.0,100.3,Normal,ALLOW,ddos
1787352770.2420197,1,1,00:00:00:00:00:01,0,67610.0,3650940.0,4.269,0.0,100.3,Normal,ALLOW,ddos
1787352770.5951173,2,1,00:00:00:00:00:03,0,71401.86,3855700.24,4.513,0.0,0.0,Normal,ALLOW,ddos
1787352770.600967,2,2,00:00:00:00:00:04,0,75684.67,4086972.21,4.397,0.0,0.0,Normal,ALLOW,ddos
1787352770.606781,2,3,00:00:00:00:00:01,0,71401.86,3855700.24,4.323,0.0,0.0,Normal,ALLOW,ddos
1787352771.1882005,1,3,00:00:00:00:00:03,0,67157.0,3626478.0,4.539,0.0,99.6,Normal,ALLOW,ddos
1787352771.1946437,1,2,00:00:00:00:00:02,0,75709.0,4088286.0,4.393,0.0,99.6,Normal,ALLOW,ddos
1787352771.2006474,1,1,00:00:00:00:00:01,0,67158.0,3626532.0,4.477,0.0,99.6,Normal,ALLOW,ddos
1787352771.597567,2,1,00:00:00:00:00:03,0,69550.93,3755750.31,4.563,0.0,0.0,Normal,ALLOW,ddos
1787352771.6035445,2,2,00:00:00:00:00:04,0,74206.22,4007135.76,4.428,0.0,0.0,Normal,ALLOW,ddos
1787352771.6095262,2,3,00:00:00:00:00:01,0,69550.93,3755750.31,4.389,0.0,0.0,Normal,ALLOW,ddos
1787352772.1506836,1,3,00:00:00:00:00:03,0,67464.0,3643056.0,4.601,0.0,97.7,Normal,ALLOW,ddos
1787352772.1568766,1,1,00:00:00:00:00:01,0,67464.0,3643056.0,4.545,0.0,97.7,Normal,ALLOW,ddos
1787352772.1628697,1,2,00:00:00:00:00:02,0,73549.0,3971646.0,4.356,0.0,97.7,Normal,ALLOW,ddos
1787352772.5979078,2,1,00:00:00:00:00:03,0,70069.0,3783726.0,4.543,0.0,100.6,Normal,ALLOW,ddos
1787352772.6038446,2,2,00:00:00:00:00:04,0,75958.0,4101732.0,4.444,0.0,100.6,Normal,ALLOW,ddos
1787352772.6417997,2,3,00:00:00:00:00:01,0,70069.0,3783726.0,6.074,0.0,100.6,Normal,ALLOW,ddos
1787352773.0531356,1,3,00:00:00:00:00:03,0,66340.0,3582360.0,4.608,0.0,101.6,Normal,ALLOW,ddos
1787352773.0592132,1,2,00:00:00:00:00:02,0,74355.0,4015170.0,4.535,0.0,101.6,Normal,ALLOW,ddos
1787352773.06513,1,1,00:00:00:00:00:01,0,66340.0,3582360.0,4.411,0.0,101.6,Normal,ALLOW,ddos
1787352773.5999722,2,1,00:00:00:00:00:03,0,70547.18,3809547.65,4.423,0.0,98.7,Normal,ALLOW,ddos
1787352773.6060147,2,2,00:00:00:00:00:04,0,75128.51,4056939.77,4.558,0.0,98.7,Normal,ALLOW,ddos
1787352773.6119537,2,3,00:00:00:00:00:01,0,70546.18,3809493.77,4.371,0.0,98.7,Normal,ALLOW,ddos
1787352773.8407142,1,3,00:00:00:00:00:03,0,67383.0,3638682.0,4.544,0.0,99.5,Normal,ALLOW,ddos
1787352773.8465648,1,1,00:00:00:00:00:01,0,67383.0,3638682.0,4.233,0.0,99.5,Normal,ALLOW,ddos
1787352773.85266,1,2,00:00:00:00:00:02,0,67113.0,3624102.0,4.081,0.0,99.5,Normal,ALLOW,ddos
1787352774.6012993,2,1,00:00:00:00:00:03,0,68137.86,3679444.43,4.831,0.0,101.3,Normal,ALLOW,ddos
1787352774.607365,2,2,00:00:00:00:00:04,0,74046.86,3998530.65,4.454,0.0,101.3,Normal,ALLOW,ddos
1787352774.613328,2,3,00:00:00:00:00:01,0,68138.86,3679498.38,4.398,0.0,101.3,Normal,ALLOW,ddos
1787352774.8074458,1,3,00:00:00:00:00:03,0,64880.0,3503520.0,4.476,0.0,96.5,Normal,ALLOW,ddos
1787352774.8133473,1,2,00:00:00:00:00:02,0,72337.0,3906198.0,4.376,0.0,96.5,Normal,ALLOW,ddos
1787352774.8192894,1,1,00:00:00:00:00:01,0,64880.0,3503520.0,4.379,0.0,96.5,Normal,ALLOW,ddos
1787352775.6027832,2,1,00:00:00:00:00:03,0,72965.72,3940148.75,4.545,0.0,727.7,Normal,ALLOW,ddos
1787352775.6088803,2,2,00:00:00:00:00:04,0,74398.51,4017519.61,4.449,0.0,727.7,Normal,ALLOW,ddos
1787352775.6147602,2,3,00:00:00:00:00:01,0,72964.72,3940094.87,4.355,0.0,727.7,Normal,ALLOW,ddos
1787352775.7637465,1,3,00:00:00:00:00:03,0,66658.0,3599532.0,4.465,0.0,99.6,Normal,ALLOW,ddos
1787352775.7696748,1,2,00:00:00:00:00:02,0,76607.0,4136778.0,4.422,0.0,99.6,Normal,ALLOW,ddos
1787352775.776085,1,1,00:00:00:00:00:01,0,66657.0,3599478.0,4.849,0.0,99.6,Normal,ALLOW,ddos
1787352776.6043413,2,1,00:00:00:00:00:03,0,71521.15,3862142.25,4.441,0.0,99.9,Normal,ALLOW,ddos
1787352776.6102092,2,2,00:00:00:00:00:04,0,75937.47,4100623.35,4.354,0.0,99.9,Normal,ALLOW,ddos
1787352776.6159167,2,3,00:00:00:00:00:01,0,71522.15,3862196.2,4.261,0.0,99.9,Normal,ALLOW,ddos
1787352776.645227,1,3,00:00:00:00:00:03,0,67522.0,3646188.0,4.473,0.0,91.8,Normal,ALLOW,ddos
1787352776.6511688,1,2,00:00:00:00:00:02,0,75123.0,4056642.0,4.456,0.0,91.8,Normal,ALLOW,ddos
1787352776.6571271,1,1,00:00:00:00:00:01,0,67523.0,3646242.0,4.437,0.0,91.8,Normal,ALLOW,ddos
1787352777.5772772,1,3,00:00:00:00:00:03,0,67086.0,3622644.0,4.472,0.0,100.9,Normal,ALLOW,ddos
1787352777.5831904,1,1,00:00:00:00:00:01,0,67085.0,3622590.0,4.391,0.0,100.9,Normal,ALLOW,ddos
1787352777.5890589,1,2,00:00:00:00:00:02,0,73129.0,3948966.0,4.383,0.0,100.9,Normal,ALLOW,ddos
1787352777.6267366,2,1,00:00:00:00:00:03,0,68360.68,3691476.6,4.489,0.0,0.0,Normal,ALLOW,ddos
1787352777.6326509,2,2,00:00:00:00:00:04,0,71642.81,3868711.83,4.405,0.0,0.0,Normal,ALLOW,ddos
1787352777.6390436,2,3,00:00:00:00:00:01,0,68360.68,3691476.6,4.81,0.0,0.0,Normal,ALLOW,ddos
1787352778.5357473,1,3,00:00:00:00:00:03,0,68623.0,3705642.0,4.517,0.0,100.1,Normal,ALLOW,ddos
1787352778.5416865,1,2,00:00:00:00:00:02,0,71155.0,3842370.0,4.404,0.0,100.1,Normal,ALLOW,ddos
1787352778.5479074,1,1,00:00:00:00:00:01,0,68624.0,3705696.0,4.284,0.0,100.1,Normal,ALLOW,ddos
1787352778.6063495,2,1,00:00:00:00:00:03,0,70848.0,3825792.0,4.458,0.0,99.2,Normal,ALLOW,ddos
1787352778.6123605,2,2,00:00:00:00:00:04,0,73357.0,3961278.0,4.522,0.0,99.2,Normal,ALLOW,ddos
1787352778.6182597,2,3,00:00:00:00:00:01,0,70847.0,3825738.0,4.354,0.0,99.2,Normal,ALLOW,ddos
1787352779.333052,1,3,00:00:00:00:00:03,0,65440.0,3533760.0,4.57,0.0,100.4,Normal,ALLOW,ddos
1787352779.3391418,1,1,00:00:00:00:00:01,0,65439.0,3533706.0,4.523,0.0,100.4,Normal,ALLOW,ddos
1787352779.3450513,1,2,00:00:00:00:00:02,0,72689.0,3925206.0,4.398,0.0,100.4,Normal,ALLOW,ddos
1787352779.6086147,2,1,00:00:00:00:00:03,0,70190.55,3790289.52,4.543,0.0,98.0,Normal,ALLOW,ddos
1787352779.6145792,2,2,00:00:00:00:00:04,0,74513.16,4023710.53,4.463,0.0,98.0,Normal,ALLOW,ddos
1787352779.6205213,2,3,00:00:00:00:00:01,0,70190.55,3790289.52,4.463,0.0,98.0,Normal,ALLOW,ddos
1787352780.2964306,1,3,00:00:00:00:00:03,0,68471.0,3697434.0,4.519,0.0,100.3,Normal,ALLOW,ddos
1787352780.3022869,1,1,00:00:00:00:00:01,0,68472.0,3697488.0,4.374,0.0,100.3,Normal,ALLOW,ddos
1787352780.3081229,1,2,00:00:00:00:00:02,0,73323.0,3959442.0,4.345,0.0,100.3,Normal,ALLOW,ddos
1787352780.6113734,2,1,00:00:00:00:00:03,0,66771.56,3605664.17,4.532,0.0,0.0,Normal,ALLOW,ddos
1787352780.617259,2,2,00:00:00:00:00:04,0,77477.05,4183760.96,4.401,0.0,0.0,Normal,ALLOW,ddos
1787352780.623184,2,3,00:00:00:00:00:01,0,66772.56,3605717.99,4.411,0.0,0.0,Normal,ALLOW,ddos
1787352781.2654772,1,3,00:00:00:00:00:03,0,66481.0,3589974.0,4.617,0.0,97.9,Normal,ALLOW,ddos
1787352781.2715185,1,1,00:00:00:00:00:01,0,66481.0,3589974.0,4.476,0.0,97.9,Normal,ALLOW,ddos
1787352781.2780359,1,2,00:00:00:00:00:02,0,70257.0,3793878.0,4.399,0.0,97.9,Normal,ALLOW,ddos
1787352781.6103776,2,1,00:00:00:00:00:03,0,70072.0,3783888.0,4.546,0.0,104.3,Normal,ALLOW,ddos
1787352781.6163383,2,2,00:00:00:00:00:04,0,76770.0,4145580.0,4.431,0.0,104.3,Normal,ALLOW,ddos
1787352781.622293,2,3,00:00:00:00:00:01,0,70071.0,3783834.0,4.4,0.0,104.3,Normal,ALLOW,ddos
1787352782.1496234,1,3,00:00:00:00:00:03,0,66243.0,3577122.0,4.571,0.0,100.0,Normal,ALLOW,ddos
1787352782.1559365,1,2,00:00:00:00:00:02,0,71116.0,3840264.0,4.669,0.0,100.0,Normal,ALLOW,ddos
1787352782.1620464,1,1,00:00:00:00:00:01,0,66243.0,3577122.0,4.378,0.0,100.0,Normal,ALLOW,ddos
1787352782.6142457,2,1,00:00:00:00:00:03,0,72778.11,3930017.91,4.531,0.0,0.0,Normal,ALLOW,ddos
1787352782.6201732,2,2,00:00:00:00:00:04,0,79283.34,4281300.22,4.426,0.0,0.0,Normal,ALLOW,ddos
1787352782.6260192,2,3,00:00:00:00:00:01,0,72779.11,3930071.67,4.295,0.0,0.0,Normal,ALLOW,ddos
1787352782.935936,1,3,00:00:00:00:00:03,0,66759.0,3604986.0,4.555,0.0,102.7,Normal,ALLOW,ddos
1787352782.9421425,1,1,00:00:00:00:00:01,0,66759.0,3604986.0,4.268,0.0,102.7,Normal,ALLOW,ddos
1787352782.9479415,1,2,00:00:00:00:00:02,0,72734.0,3927636.0,4.292,0.0,102.7,Normal,ALLOW,ddos
1787352783.6139622,2,1,00:00:00:00:00:03,0,72975.0,3940650.0,4.414,0.0,0.0,Normal,ALLOW,ddos
1787352783.6198626,2,2,00:00:00:00:00:04,0,79317.0,4283118.0,4.415,0.0,0.0,Normal,ALLOW,ddos
1787352783.6257436,2,3,00:00:00:00:00:01,0,72974.0,3940596.0,4.334,0.0,0.0,Normal,ALLOW,ddos
1787352783.8676002,1,3,00:00:00:00:00:03,0,66195.0,3574530.0,4.38,0.0,98.7,Normal,ALLOW,ddos
1787352783.8732064,1,1,00:00:00:00:00:01,0,66195.0,3574530.0,4.179,0.0,98.7,Normal,ALLOW,ddos
1787352783.8788235,1,2,00:00:00:00:00:02,0,71743.0,3874122.0,4.128,0.0,98.7,Normal,ALLOW,ddos
1787352784.6150005,2,1,00:00:00:00:00:03,0,72089.45,3892830.48,4.449,0.0,0.0,Normal,ALLOW,ddos
1787352784.6208804,2,2,00:00:00:00:00:04,0,77055.04,4160972.32,4.367,0.0,0.0,Normal,ALLOW,ddos
1787352784.6267583,2,3,00:00:00:00:00:01,0,72090.45,3892884.42,4.366,0.0,0.0,Normal,ALLOW,ddos
1787352784.7885776,1,3,00:00:00:00:00:03,0,69201.0,3736854.0,4.59,0.0,98.4,Normal,ALLOW,ddos
1787352784.7945678,1,1,00:00:00:00:00:01,0,69200.0,3736800.0,4.459,0.0,98.4,Normal,ALLOW,ddos
1787352784.8004034,1,2,00:00:00:00:00:02,0,73527.0,3970458.0,4.369,0.0,98.4,Normal,ALLOW,ddos
1787352785.6178973,2,1,00:00:00:00:00:03,0,70962.49,3831974.5,4.405,0.0,100.0,Normal,ALLOW,ddos
1787352785.624066,2,2,00:00:00:00:00:04,0,75041.75,4052254.32,4.498,0.0,100.0,Normal,ALLOW,ddos
1787352785.6301355,2,3,00:00:00:00:00:01,0,70962.49,3831974.5,4.351,0.0,100.0,Normal,ALLOW,ddos
1787352785.7305954,1,3,00:00:00:00:00:03,0,70307.0,3796578.0,4.541,0.0,108.2,Normal,ALLOW,ddos
1787352785.736583,1,1,00:00:00:00:00:01,0,70308.0,3796632.0,4.484,0.0,108.2,Normal,ALLOW,ddos
1787352785.7424893,1,2,00:00:00:00:00:02,0,76005.0,4104270.0,4.419,0.0,108.2,Normal,ALLOW,ddos
1787352786.623382,2,1,00:00:00:00:00:03,0,72053.51,3890889.45,4.414,0.0,99.6,Normal,ALLOW,ddos
1787352786.6292043,2,2,00:00:00:00:00:04,0,77212.83,4169492.91,4.332,0.0,99.6,Normal,ALLOW,ddos
1787352786.6350977,2,3,00:00:00:00:00:01,0,72053.51,3890889.45,4.352,0.0,99.6,Normal,ALLOW,ddos
1787352786.7048817,1,3,00:00:00:00:00:03,0,70034.0,3781836.0,4.84,0.0,97.3,Normal,ALLOW,ddos
1787352786.7111628,1,2,00:00:00:00:00:02,0,75625.0,4083750.0,4.396,0.0,97.3,Normal,ALLOW,ddos
1787352786.7170157,1,1,00:00:00:00:00:01,0,70033.0,3781782.0,4.271,0.0,97.3,Normal,ALLOW,ddos
1787352787.61838,2,1,00:00:00:00:00:03,0,73087.0,3946698.0,4.474,0.0,100.6,Normal,ALLOW,ddos
1787352787.6242976,2,2,00:00:00:00:00:04,0,74776.0,4037904.0,4.372,0.0,100.6,Normal,ALLOW,ddos
1787352787.6302912,2,3,00:00:00:00:00:01,0,73087.0,3946698.0,4.433,0.0,100.6,Normal,ALLOW,ddos
1787352787.646622,1,3,00:00:00:00:00:03,0,70746.0,3820284.0,4.55,0.0,110.9,Normal,ALLOW,ddos
1787352787.6531851,1,2,00:00:00:00:00:02,0,75782.0,4092228.0,4.544,0.0,110.9,Normal,ALLOW,ddos
1787352787.6592798,1,1,00:00:00:00:00:01,0,70747.0,3820338.0,4.464,0.0,110.9,Normal,ALLOW,ddos
1787352788.5702417,1,3,00:00:00:00:00:03,0,67505.0,3645270.0,4.776,0.0,99.7,Normal,ALLOW,ddos
1787352788.576428,1,2,00:00:00:00:00:02,0,76202.0,4114908.0,4.563,0.0,99.7,Normal,ALLOW,ddos
1787352788.5823781,1,1,00:00:00:00:00:01,0,67505.0,3645270.0,4.444,0.0,99.7,Normal,ALLOW,ddos
1787352788.6239722,2,1,00:00:00:00:00:03,0,71337.68,3852234.46,4.524,0.0,111.1,Normal,ALLOW,ddos
1787352788.629957,2,2,00:00:00:00:00:04,0,75315.14,4067017.31,4.451,0.0,111.1,Normal,ALLOW,ddos
1787352788.6360025,2,3,00:00:00:00:00:01,0,71337.68,3852234.46,4.46,0.0,111.1,Normal,ALLOW,ddos
1787352789.5086796,1,3,00:00:00:00:00:03,0,69176.0,3735504.0,4.6,0.0,100.6,Normal,ALLOW,ddos
1787352789.5147667,1,2,00:00:00:00:00:02,0,75816.0,4094064.0,4.515,0.0,100.6,Normal,ALLOW,ddos
1787352789.5208435,1,1,00:00:00:00:00:01,0,69175.0,3735450.0,4.527,0.0,100.6,Normal,ALLOW,ddos
1787352789.6299994,2,1,00:00:00:00:00:03,0,74156.91,4004473.05,4.557,0.0,98.7,Normal,ALLOW,ddos
1787352789.63617,2,2,00:00:00:00:00:04,0,73396.5,3963411.17,4.636,0.0,98.7,Normal,ALLOW,ddos
1787352789.6420615,2,3,00:00:00:00:00:01,0,74155.91,4004419.37,4.344,0.0,98.7,Normal,ALLOW,ddos
1787352790.6276898,1,3,00:00:00:00:00:03,0,63680.88,3438767.43,4.599,0.0,100.2,Normal,ALLOW,ddos
1787352790.6337388,1,2,00:00:00:00:00:02,0,72344.33,3906593.8,4.49,0.0,100.2,Normal,ALLOW,ddos
1787352790.6402807,1,1,00:00:00:00:00:01,0,63680.88,3438767.43,4.946,0.0,100.2,Normal,ALLOW,ddos
1787352790.6496017,2,1,00:00:00:00:00:03,0,73100.81,3947443.97,4.742,0.0,91.1,Normal,ALLOW,ddos
1787352790.6558573,2,2,00:00:00:00:00:04,0,69970.32,3778397.17,4.688,0.0,91.1,Normal,ALLOW,ddos
1787352790.6621196,2,3,00:00:00:00:00:01,0,73101.8,3947496.93,4.654,0.0,91.1,Normal,ALLOW,ddos
1787352791.6304793,2,1,00:00:00:00:00:03,0,69909.0,3775086.0,4.476,0.0,0.0,Normal,ALLOW,ddos
1787352791.6365948,2,2,00:00:00:00:00:04,0,67285.0,3633390.0,4.531,0.0,0.0,Normal,ALLOW,ddos
1787352791.6429086,2,3,00:00:00:00:00:01,0,69909.0,3775086.0,4.472,0.0,0.0,Normal,ALLOW,ddos
1787352791.6525502,1,3,00:00:00:00:00:03,0,69118.53,3732400.5,4.55,0.0,137.7,Normal,ALLOW,ddos
1787352791.6585817,1,2,00:00:00:00:00:02,0,80513.75,4347742.49,4.471,0.0,137.7,Normal,ALLOW,ddos
1787352791.6645203,1,1,00:00:00:00:00:01,0,80513.75,4347742.49,4.382,0.0,137.7,Normal,ALLOW,ddos
1787352791.6704118,1,1,00:00:00:00:00:01,0,69118.53,3732400.5,4.399,0.0,137.7,Normal,ALLOW,ddos
1787352793.1994126,1,3,00:00:00:00:00:03,0,45602.15,2462516.28,4.601,0.0,100.8,Normal,ALLOW,ddos
1787352793.2055373,1,2,00:00:00:00:00:02,0,53275.8,2876893.08,4.528,0.0,100.8,Normal,ALLOW,ddos
1787352793.211452,1,1,00:00:00:00:00:01,0,45602.8,2462551.2,4.328,0.0,100.8,Normal,ALLOW,ddos
1787352793.2173235,1,1,00:00:00:00:00:01,0,53275.8,2876893.08,4.331,0.0,100.8,Normal,ALLOW,ddos
1787352794.2675858,2,2,00:00:00:00:00:04,0,28786.52,1554472.13,4.591,0.0,100.0,Normal,ALLOW,ddos
1787352794.2739856,2,3,00:00:00:00:00:01,0,26984.49,1457162.72,4.423,0.0,100.0,Normal,ALLOW,ddos
1787352794.2814083,2,2,00:00:00:00:00:04,0,76335.0,4122090.0,4.462,0.0,139.1,Normal,ALLOW,ddos
1787352794.2873592,2,3,00:00:00:00:00:01,0,74596.0,4028184.0,4.489,0.0,139.1,Normal,ALLOW,ddos
1787352794.2933087,2,1,00:00:00:00:00:03,0,72540.0,3917160.0,4.431,0.0,139.1,Normal,ALLOW,ddos
1787352794.6378264,2,2,00:00:00:00:00:04,0,73986.0,3995244.0,4.498,0.0,101.2,Normal,ALLOW,ddos
1787352794.643791,2,3,00:00:00:00:00:01,0,72783.0,3930282.0,4.425,0.0,101.2,Normal,ALLOW,ddos
1787352794.649641,2,1,00:00:00:00:00:03,0,71363.0,3853602.0,4.366,0.0,101.2,Normal,ALLOW,ddos
1787352794.7008226,1,3,00:00:00:00:00:03,0,45768.67,2471508.13,4.607,0.0,91.9,Normal,ALLOW,ddos
1787352794.706927,1,2,00:00:00:00:00:02,0,54449.66,2940281.5,4.567,0.0,91.9,Normal,ALLOW,ddos
1787352794.7128778,1,1,00:00:00:00:00:01,0,45768.0,2471472.16,4.437,0.0,91.9,Normal,ALLOW,ddos
1787352794.7187614,1,1,00:00:00:00:00:01,0,54449.66,2940281.5,4.411,0.0,91.9,Normal,ALLOW,ddos
1787352795.6404388,2,2,00:00:00:00:00:04,0,74675.02,4032451.24,4.751,0.0,100.1,Normal,ALLOW,ddos
1787352795.6463716,2,3,00:00:00:00:00:01,0,72417.95,3910569.25,4.402,0.0,100.1,Normal,ALLOW,ddos
1787352795.6523392,2,1,00:00:00:00:00:03,0,72418.95,3910623.13,4.474,0.0,100.1,Normal,ALLOW,ddos
1787352795.811336,1,3,00:00:00:00:00:03,0,64660.35,3491658.84,4.508,0.0,99.1,Normal,ALLOW,ddos
1787352795.8171284,1,2,00:00:00:00:00:02,0,74965.66,4048145.77,4.332,0.0,99.1,Normal,ALLOW,ddos
1787352795.8231575,1,1,00:00:00:00:00:01,0,74965.66,4048145.77,4.426,0.0,99.1,Normal,ALLOW,ddos
1787352795.8292553,1,1,00:00:00:00:00:01,0,64660.35,3491658.84,4.454,0.0,99.1,Normal,ALLOW,ddos
1787352796.6423097,2,2,00:00:00:00:00:04,0,73976.68,3994740.45,4.402,0.0,701.8,Normal,ALLOW,ddos
1787352796.6481106,2,3,00:00:00:00:00:01,0,71183.11,3843887.86,4.269,0.0,701.8,Normal,ALLOW,ddos
1787352796.6841908,2,1,00:00:00:00:00:03,0,71182.11,3843834.02,4.245,0.0,701.8,Normal,ALLOW,ddos
1787352796.842621,1,3,00:00:00:00:00:03,0,70944.55,3831005.96,4.862,0.0,80.3,Normal,ALLOW,ddos
1787352796.848969,1,2,00:00:00:00:00:02,0,81665.34,4409928.19,4.5,0.0,80.3,Normal,ALLOW,ddos
1787352796.855254,1,1,00:00:00:00:00:01,0,70944.55,3831005.96,4.547,0.0,80.3,Normal,ALLOW,ddos
1787352796.8619354,1,1,00:00:00:00:00:01,0,81665.34,4409928.19,4.561,0.0,80.3,Normal,ALLOW,ddos
1787352797.643105,2,2,00:00:00:00:00:04,0,77966.0,4210164.0,4.564,0.0,99.9,Normal,ALLOW,ddos
1787352797.6493127,2,3,00:00:00:00:00:01,0,71614.0,3867156.0,4.502,0.0,99.9,Normal,ALLOW,ddos
1787352797.6554768,2,1,00:00:00:00:00:03,0,71614.0,3867156.0,4.462,0.0,99.9,Normal,ALLOW,ddos
1787352797.8789253,1,3,00:00:00:00:00:03,0,69689.1,3763211.51,4.537,0.0,97.3,Normal,ALLOW,ddos
1787352797.8848517,1,2,00:00:00:00:00:02,0,81703.5,4411988.99,4.289,0.0,97.3,Normal,ALLOW,ddos
1787352797.8907604,1,1,00:00:00:00:00:01,0,69690.07,3763263.61,4.337,0.0,97.3,Normal,ALLOW,ddos
1787352797.896917,1,1,00:00:00:00:00:01,0,81702.54,4411936.89,4.718,0.0,97.3,Normal,ALLOW,ddos
1787352798.6463346,2,2,00:00:00:00:00:04,0,74790.32,4038677.17,4.705,0.0,100.4,Normal,ALLOW,ddos
1787352798.6524749,2,3,00:00:00:00:00:01,0,72065.79,3891552.9,4.594,0.0,100.4,Normal,ALLOW,ddos
1787352798.658444,2,1,00:00:00:00:00:03,0,72065.79,3891552.9,4.435,0.0,100.4,Normal,ALLOW,ddos
1787352798.8581583,1,3,00:00:00:00:00:03,0,70395.0,3801330.0,4.482,0.0,98.9,Normal,ALLOW,ddos
1787352798.8642972,1,2,00:00:00:00:00:02,0,82434.0,4451436.0,4.631,0.0,98.9,Normal,ALLOW,ddos
1787352798.8702767,1,1,00:00:00:00:00:01,0,82435.0,4451490.0,4.433,0.0,98.9,Normal,ALLOW,ddos
1787352798.8762934,1,1,00:00:00:00:00:01,0,70395.0,3801330.0,4.438,0.0,98.9,Normal,ALLOW,ddos
1787352799.6469426,2,2,00:00:00:00:00:04,0,73066.94,3945614.65,4.478,0.0,101.4,Normal,ALLOW,ddos
1787352799.6529465,2,3,00:00:00:00:00:01,0,71964.96,3886108.08,4.491,0.0,101.4,Normal,ALLOW,ddos
1787352799.658898,2,1,00:00:00:00:00:03,0,71965.96,3886162.03,4.418,0.0,101.4,Normal,ALLOW,ddos
1787352799.833811,1,3,00:00:00:00:00:03,0,71226.0,3846204.0,4.529,0.0,95.6,Normal,ALLOW,ddos
1787352799.8395784,1,2,00:00:00:00:00:02,0,85820.0,4634280.0,4.273,0.0,95.6,Normal,ALLOW,ddos
1787352799.8453095,1,1,00:00:00:00:00:01,0,71225.0,3846150.0,4.262,0.0,95.6,Normal,ALLOW,ddos
1787352799.8510199,1,1,00:00:00:00:00:01,0,85820.0,4634280.0,4.267,0.0,95.6,Normal,ALLOW,ddos
1787352800.6501598,2,2,00:00:00:00:00:04,0,69652.1,3761213.45,4.796,0.0,0.0,Normal,ALLOW,ddos
1787352800.6561506,2,3,00:00:00:00:00:01,0,72054.86,3890962.43,4.428,0.0,0.0,Normal,ALLOW,ddos
1787352800.6620505,2,1,00:00:00:00:00:03,0,72053.86,3890908.61,4.394,0.0,0.0,Normal,ALLOW,ddos
1787352800.8068345,1,3,00:00:00:00:00:03,0,70628.0,3813912.0,4.493,0.0,102.5,Normal,ALLOW,ddos
1787352800.812757,1,2,00:00:00:00:00:02,0,82428.0,4451112.0,4.422,0.0,102.5,Normal,ALLOW,ddos
1787352800.8186288,1,1,00:00:00:00:00:01,0,82428.0,4451112.0,4.379,0.0,102.5,Normal,ALLOW,ddos
1787352800.8244884,1,1,00:00:00:00:00:01,0,70629.0,3813966.0,4.379,0.0,102.5,Normal,ALLOW,ddos
1787352801.6521847,2,2,00:00:00:00:00:04,0,79773.93,4307792.41,4.532,0.0,0.0,Normal,ALLOW,ddos
1787352801.65803,2,3,00:00:00:00:00:01,0,74485.94,4022240.54,4.328,0.0,0.0,Normal,ALLOW,ddos
1787352801.6940677,2,1,00:00:00:00:00:03,0,74485.94,4022240.54,4.31,0.0,0.0,Normal,ALLOW,ddos
1787352801.9528189,1,3,00:00:00:00:00:03,0,62594.47,3380101.21,4.849,0.0,90.1,Normal,ALLOW,ddos
1787352801.9588404,1,2,00:00:00:00:00:02,0,73618.68,3975408.8,4.467,0.0,90.1,Normal,ALLOW,ddos
1787352801.9649005,1,1,00:00:00:00:00:01,0,73618.68,3975408.8,4.462,0.0,90.1,Normal,ALLOW,ddos
1787352801.970902,1,1,00:00:00:00:00:01,0,62594.47,3380101.21,4.425,0.0,90.1,Normal,ALLOW,ddos
1787352802.6531563,2,2,00:00:00:00:00:04,0,78078.54,4216241.0,4.552,0.0,99.9,Normal,ALLOW,ddos
1787352802.6593866,2,3,00:00:00:00:00:01,0,72800.46,3931224.9,4.621,0.0,99.9,Normal,ALLOW,ddos
1787352802.6653967,2,1,00:00:00:00:00:03,0,72800.46,3931224.9,4.439,0.0,99.9,Normal,ALLOW,ddos
1787352802.9065242,1,3,00:00:00:00:00:03,0,71563.0,3864402.0,4.602,0.0,98.6,Normal,ALLOW,ddos
1787352802.9127016,1,2,00:00:00:00:00:02,0,85621.0,4623534.0,4.436,0.0,98.6,Normal,ALLOW,ddos
1787352802.9186542,1,1,00:00:00:00:00:01,0,85621.0,4623534.0,4.369,0.0,98.6,Normal,ALLOW,ddos
1787352802.925339,1,1,00:00:00:00:00:01,0,71563.0,3864402.0,4.487,0.0,98.6,Normal,ALLOW,ddos
1787352803.655062,2,2,00:00:00:00:00:04,0,76231.73,4116513.29,4.383,0.0,0.0,Normal,ALLOW,ddos
1787352803.660889,2,3,00:00:00:00:00:01,0,75073.71,4053980.29,4.278,0.0,0.0,Normal,ALLOW,ddos
1787352803.6666863,2,1,00:00:00:00:00:03,0,75073.71,4053980.29,4.271,0.0,0.0,Normal,ALLOW,ddos
1787352803.9161947,1,3,00:00:00:00:00:03,0,70131.53,3787102.71,4.479,0.0,103.6,Normal,ALLOW,ddos
1787352803.9221509,1,2,00:00:00:00:00:02,0,83900.61,4530633.18,4.447,0.0,103.6,Normal,ALLOW,ddos
1787352803.9279935,1,1,00:00:00:00:00:01,0,83900.61,4530633.18,4.284,0.0,103.6,Normal,ALLOW,ddos
1787352803.93375,1,1,00:00:00:00:00:01,0,70131.53,3787102.71,4.244,0.0,103.6,Normal,ALLOW,ddos
1787352804.656629,2,2,00:00:00:00:00:04,0,78454.92,4236565.86,4.529,0.0,98.6,Normal,ALLOW,ddos
1787352804.662464,2,3,00:00:00:00:00:01,0,75786.65,4092478.93,4.343,0.0,98.6,Normal,ALLOW,ddos
1787352804.6683114,2,1,00:00:00:00:00:03,0,75786.65,4092478.93,4.288,0.0,98.6,Normal,ALLOW,ddos
1787352804.8677058,1,3,00:00:00:00:00:03,0,72427.0,3911058.0,4.485,0.0,99.1,Normal,ALLOW,ddos
1787352804.873678,1,2,00:00:00:00:00:02,0,83875.0,4529250.0,4.407,0.0,99.1,Normal,ALLOW,ddos
1787352804.879515,1,1,00:00:00:00:00:01,0,72427.0,3911058.0,4.316,0.0,99.1,Normal,ALLOW,ddos
1787352804.8853214,1,1,00:00:00:00:00:01,0,83875.0,4529250.0,4.315,0.0,99.1,Normal,ALLOW,ddos
1787352805.660127,2,2,00:00:00:00:00:04,0,75030.31,4051636.77,4.635,0.0,101.0,Normal,ALLOW,ddos
1787352805.6661613,2,3,00:00:00:00:00:01,0,72149.9,3896094.4,4.498,0.0,101.0,Normal,ALLOW,ddos
1787352805.6723197,2,1,00:00:00:00:00:03,0,72149.9,3896094.4,4.526,0.0,101.0,Normal,ALLOW,ddos
1787352805.8353064,1,3,00:00:00:00:00:03,0,71645.0,3868830.0,4.131,0.0,96.5,Normal,ALLOW,ddos
1787352805.8414702,1,2,00:00:00:00:00:02,0,83551.0,4511754.0,4.669,0.0,96.5,Normal,ALLOW,ddos
1787352805.8473802,1,1,00:00:00:00:00:01,0,83551.0,4511754.0,4.418,0.0,96.5,Normal,ALLOW,ddos
1787352805.8533423,1,1,00:00:00:00:00:01,0,71644.0,3868776.0,4.447,0.0,96.5,Normal,ALLOW,ddos
1787352806.6617122,2,2,00:00:00:00:00:04,0,75523.76,4078282.81,4.642,0.0,723.4,Normal,ALLOW,ddos
1787352806.6677313,2,3,00:00:00:00:00:01,0,73337.11,3960203.71,4.439,0.0,723.4,Normal,ALLOW,ddos
1787352806.7039394,2,1,00:00:00:00:00:03,0,73338.1,3960257.6,4.371,0.0,723.4,Normal,ALLOW,ddos
1787352806.8373349,1,3,00:00:00:00:00:03,0,70536.5,3808970.75,4.751,0.0,80.0,Normal,ALLOW,ddos
1787352806.843531,1,2,00:00:00:00:00:02,0,82229.51,4440393.45,4.607,0.0,80.0,Normal,ALLOW,ddos
1787352806.8495104,1,1,00:00:00:00:00:01,0,82229.51,4440393.45,4.467,0.0,80.0,Normal,ALLOW,ddos
1787352806.8554552,1,1,00:00:00:00:00:01,0,70537.49,3809024.67,4.453,0.0,80.0,Normal,ALLOW,ddos
1787352807.6615818,2,2,00:00:00:00:00:04,0,77751.0,4198554.0,4.54,0.0,100.7,Normal,ALLOW,ddos
1787352807.6674976,2,3,00:00:00:00:00:01,0,74263.0,4010202.0,4.369,0.0,100.7,Normal,ALLOW,ddos
1787352807.6735294,2,1,00:00:00:00:00:03,0,74263.0,4010202.0,4.315,0.0,100.7,Normal,ALLOW,ddos
1787352807.9369822,1,3,00:00:00:00:00:03,0,64559.83,3486230.94,4.468,0.0,101.5,Normal,ALLOW,ddos
1787352807.94283,1,2,00:00:00:00:00:02,0,76260.55,4118069.81,4.326,0.0,101.5,Normal,ALLOW,ddos
1787352807.9488893,1,1,00:00:00:00:00:01,0,64559.83,3486230.94,4.118,0.0,101.5,Normal,ALLOW,ddos
1787352807.954726,1,1,00:00:00:00:00:01,0,76260.55,4118069.81,4.233,0.0,101.5,Normal,ALLOW,ddos
1787352808.6737602,2,2,00:00:00:00:00:04,0,75527.38,4078478.43,7.35,0.0,98.3,Normal,ALLOW,ddos
1787352808.6828191,2,3,00:00:00:00:00:01,0,74857.92,4042327.88,6.913,0.0,98.3,Normal,ALLOW,ddos
1787352808.6889088,2,1,00:00:00:00:00:03,0,74857.92,4042327.88,4.493,0.0,98.3,Normal,ALLOW,ddos
1787352808.8859458,1,3,00:00:00:00:00:03,0,71921.0,3883734.0,4.544,0.0,100.3,Normal,ALLOW,ddos
1787352808.8919153,1,2,00:00:00:00:00:02,0,84436.0,4559544.0,4.372,0.0,100.3,Normal,ALLOW,ddos
1787352808.8978364,1,1,00:00:00:00:00:01,0,71921.0,3883734.0,4.269,0.0,100.3,Normal,ALLOW,ddos
1787352808.9036398,1,1,00:00:00:00:00:01,0,84436.0,4559544.0,4.311,0.0,100.3,Normal,ALLOW,ddos
1787352809.6642594,2,2,00:00:00:00:00:04,0,78404.0,4233816.0,4.481,0.0,100.2,Normal,ALLOW,ddos
1787352809.670335,2,3,00:00:00:00:00:01,0,72405.0,3909870.0,4.494,0.0,100.2,Normal,ALLOW,ddos
1787352809.676443,2,1,00:00:00:00:00:03,0,72404.0,3909816.0,4.389,0.0,100.2,Normal,ALLOW,ddos
1787352809.9404993,1,3,00:00:00:00:00:03,0,65548.31,3539608.99,4.606,0.0,101.4,Normal,ALLOW,ddos
1787352809.9467034,1,2,00:00:00:00:00:02,0,76577.52,4135185.99,4.566,0.0,101.4,Normal,ALLOW,ddos
1787352809.9527683,1,1,00:00:00:00:00:01,0,65548.31,3539608.99,4.454,0.0,101.4,Normal,ALLOW,ddos
1787352809.9588578,1,1,00:00:00:00:00:01,0,76577.52,4135185.99,4.335,0.0,101.4,Normal,ALLOW,ddos
1787352810.6671488,2,2,00:00:00:00:00:04,0,75695.89,4087578.1,4.466,0.0,0.0,Normal,ALLOW,ddos
1787352810.6731682,2,3,00:00:00:00:00:01,0,72962.14,3939955.56,4.463,0.0,0.0,Normal,ALLOW,ddos
1787352810.6791646,2,1,00:00:00:00:00:03,0,72962.14,3939955.56,4.409,0.0,0.0,Normal,ALLOW,ddos
1787352810.8723223,1,3,00:00:00:00:00:03,0,68883.0,3719682.0,4.491,0.0,102.7,Normal,ALLOW,ddos
1787352810.8783622,1,2,00:00:00:00:00:02,0,81771.0,4415634.0,4.505,0.0,102.7,Normal,ALLOW,ddos
1787352810.8842814,1,1,00:00:00:00:00:01,0,68883.0,3719682.0,4.434,0.0,102.7,Normal,ALLOW,ddos
1787352810.8900776,1,1,00:00:00:00:00:01,0,81770.0,4415580.0,4.32,0.0,102.7,Normal,ALLOW,ddos
1787352812.4153428,1,3,00:00:00:00:00:03,0,45438.35,2453670.9,4.424,0.0,99.2,Normal,ALLOW,ddos
1787352812.421129,1,2,00:00:00:00:00:02,0,54352.77,2935049.7,4.314,0.0,99.2,Normal,ALLOW,ddos
1787352812.426795,1,1,00:00:00:00:00:01,0,45437.7,2453635.91,4.198,0.0,99.2,Normal,ALLOW,ddos
1787352812.432442,1,1,00:00:00:00:00:01,0,54353.42,2935084.69,4.217,0.0,99.2,Normal,ALLOW,ddos
1787352812.6000783,2,2,00:00:00:00:00:04,0,39548.89,2135640.13,4.321,0.0,97.4,Normal,ALLOW,ddos
1787352812.6057708,2,3,00:00:00:00:00:01,0,37983.62,2051115.37,4.241,0.0,97.4,Normal,ALLOW,ddos
1787352812.6114187,2,1,00:00:00:00:00:03,0,37983.62,2051115.37,4.197,0.0,97.4,Normal,ALLOW,ddos
1787352812.6709743,2,2,00:00:00:00:00:04,0,78857.0,4258278.0,4.454,0.0,0.0,Normal,ALLOW,ddos
1787352812.6768577,2,3,00:00:00:00:00:01,0,75297.0,4066038.0,4.401,0.0,0.0,Normal,ALLOW,ddos
1787352812.6824415,2,1,00:00:00:00:00:03,0,75298.0,4066092.0,4.146,0.0,0.0,Normal,ALLOW,ddos
1787352812.6881528,2,3,00:00:00:00:00:01,0,81011.0,4374594.0,4.242,0.0,0.0,Normal,ALLOW,ddos
1787352813.4276426,1,3,00:00:00:00:00:03,0,69435.08,3749494.15,4.368,0.0,100.5,Normal,ALLOW,ddos
1787352813.4334402,1,2,00:00:00:00:00:02,0,80573.77,4350983.62,4.339,0.0,100.5,Normal,ALLOW,ddos
1787352813.4391284,1,1,00:00:00:00:00:01,0,69436.06,3749547.49,4.227,0.0,100.5,Normal,ALLOW,ddos
1787352813.4447052,1,1,00:00:00:00:00:01,0,80573.77,4350983.62,4.163,0.0,100.5,Normal,ALLOW,ddos
1787352813.450298,1,3,00:00:00:00:00:04,0,72810.47,3931765.3,4.189,0.0,100.5,Normal,ALLOW,ddos
1787352813.6714675,2,2,00:00:00:00:00:04,0,77936.1,4208549.51,4.308,0.0,0.0,Normal,ALLOW,ddos
1787352813.677237,2,3,00:00:00:00:00:01,0,74900.12,4044606.68,4.333,0.0,0.0,Normal,ALLOW,ddos
1787352813.682869,2,1,00:00:00:00:00:03,0,74899.12,4044552.72,4.201,0.0,0.0,Normal,ALLOW,ddos
1787352813.6885211,2,3,00:00:00:00:00:01,0,82180.28,4437734.9,4.195,0.0,0.0,Normal,ALLOW,ddos
1787352814.3463047,1,3,00:00:00:00:00:03,0,71556.0,3864024.0,4.367,0.0,100.8,Normal,ALLOW,ddos
1787352814.3520377,1,2,00:00:00:00:00:02,0,83685.0,4518990.0,4.248,0.0,100.8,Normal,ALLOW,ddos
1787352814.35803,1,1,00:00:00:00:00:01,0,71556.0,3864024.0,4.316,0.0,100.8,Normal,ALLOW,ddos
1787352814.3638053,1,1,00:00:00:00:00:01,0,83685.0,4518990.0,4.22,0.0,100.8,Normal,ALLOW,ddos
1787352814.369665,1,3,00:00:00:00:00:04,0,75848.0,4095792.0,4.347,0.0,100.8,Normal,ALLOW,ddos
1787352814.672409,2,2,00:00:00:00:00:04,0,77835.03,4203091.54,4.306,0.0,0.0,Normal,ALLOW,ddos
1787352814.6780584,2,3,00:00:00:00:00:01,0,75562.22,4080359.75,4.219,0.0,0.0,Normal,ALLOW,ddos
1787352814.6836188,2,1,00:00:00:00:00:03,0,75563.22,4080413.7,4.132,0.0,0.0,Normal,ALLOW,ddos
1787352814.6891584,2,3,00:00:00:00:00:01,0,82051.97,4430806.2,4.134,0.0,0.0,Normal,ALLOW,ddos
1787352815.4155693,1,3,00:00:00:00:00:03,0,65220.46,3521904.83,4.737,0.0,99.7,Normal,ALLOW,ddos
1787352815.421297,1,2,00:00:00:00:00:02,0,76874.09,4151200.73,4.252,0.0,99.7,Normal,ALLOW,ddos
1787352815.4269488,1,1,00:00:00:00:00:01,0,65219.52,3521854.31,4.221,0.0,99.7,Normal,ALLOW,ddos
1787352815.4325688,1,1,00:00:00:00:00:01,0,76874.09,4151200.73,4.209,0.0,99.7,Normal,ALLOW,ddos
1787352815.438183,1,3,00:00:00:00:00:04,0,69584.96,3757587.67,4.203,0.0,99.7,Normal,ALLOW,ddos
1787352815.67401,2,2,00:00:00:00:00:04,0,78383.73,4232721.48,4.563,0.0,100.5,Normal,ALLOW,ddos
1787352815.6799731,2,3,00:00:00:00:00:01,0,75154.3,4058332.02,4.442,0.0,100.5,Normal,ALLOW,ddos
1787352815.685883,2,1,00:00:00:00:00:03,0,75153.3,4058278.06,4.394,0.0,100.5,Normal,ALLOW,ddos
1787352815.691786,2,3,00:00:00:00:00:01,0,82589.39,4459827.07,4.45,0.0,100.5,Normal,ALLOW,ddos
1787352816.8844914,1,3,00:00:00:00:00:03,0,47689.63,2575240.05,4.416,0.0,96.1,Normal,ALLOW,ddos
1787352816.8903546,1,2,00:00:00:00:00:02,0,53288.32,2877569.54,4.31,0.0,96.1,Normal,ALLOW,ddos
1787352816.8962066,1,1,00:00:00:00:00:01,0,47689.63,2575240.05,4.266,0.0,96.1,Normal,ALLOW,ddos
1787352816.9018412,1,1,00:00:00:00:00:01,0,53288.32,2877569.54,4.208,0.0,96.1,Normal,ALLOW,ddos
1787352816.9074585,1,3,00:00:00:00:00:04,0,51697.74,2791677.97,4.141,0.0,96.1,Normal,ALLOW,ddos
1787352818.3102741,2,3,00:00:00:00:00:01,0,28557.21,1542089.19,4.535,0.0,100.1,Normal,ALLOW,ddos
1787352818.3160028,2,1,00:00:00:00:00:03,0,28557.59,1542109.67,4.261,0.0,100.1,Normal,ALLOW,ddos
1787352818.3216171,2,3,00:00:00:00:00:01,0,30504.26,1647230.23,4.194,0.0,100.1,Normal,ALLOW,ddos
1787352818.3286498,2,3,00:00:00:00:00:01,0,75986.0,4103244.0,4.192,0.0,52.0,Normal,ALLOW,ddos
1787352818.334232,2,1,00:00:00:00:00:03,0,75985.0,4103190.0,4.206,0.0,52.0,Normal,ALLOW,ddos
1787352818.3398106,2,3,00:00:00:00:00:01,0,83652.0,4517208.0,4.194,0.0,52.0,Normal,ALLOW,ddos
1787352818.3454218,2,2,00:00:00:00:00:04,0,79327.0,4283658.0,4.215,0.0,52.0,Normal,ALLOW,ddos
1787352818.526283,1,3,00:00:00:00:00:03,0,43059.89,2325233.88,4.425,0.0,101.6,Normal,ALLOW,ddos
1787352818.5320544,1,2,00:00:00:00:00:02,0,49254.37,2659736.01,4.293,0.0,101.6,Normal,ALLOW,ddos
1787352818.5376947,1,1,00:00:00:00:00:01,0,43060.5,2325266.77,4.189,0.0,101.6,Normal,ALLOW,ddos
1787352818.5433903,1,3,00:00:00:00:00:04,0,45856.85,2476269.65,4.284,0.0,101.6,Normal,ALLOW,ddos
1787352818.549159,1,1,00:00:00:00:00:01,0,49254.37,2659736.01,4.323,0.0,101.6,Normal,ALLOW,ddos
1787352818.681537,2,3,00:00:00:00:00:01,0,74908.0,4045032.0,4.452,0.0,103.1,Normal,ALLOW,ddos
1787352818.6873975,2,1,00:00:00:00:00:03,0,74909.0,4045086.0,4.399,0.0,103.1,Normal,ALLOW,ddos
1787352818.6930988,2,3,00:00:00:00:00:01,0,81738.0,4413852.0,4.259,0.0,103.1,Normal,ALLOW,ddos
1787352818.6987305,2,2,00:00:00:00:00:04,0,77577.0,4189158.0,4.227,0.0,103.1,Normal,ALLOW,ddos
1787352819.4581149,1,3,00:00:00:00:00:03,0,68208.0,3683232.0,4.558,0.0,99.8,Normal,ALLOW,ddos
1787352819.4640157,1,2,00:00:00:00:00:02,0,79753.0,4306662.0,4.411,0.0,99.8,Normal,ALLOW,ddos
1787352819.4698944,1,1,00:00:00:00:00:01,0,68207.0,3683178.0,4.38,0.0,99.8,Normal,ALLOW,ddos
1787352819.4758096,1,1,00:00:00:00:00:01,0,79753.0,4306662.0,4.41,0.0,99.8,Normal,ALLOW,ddos
1787352819.4816413,1,3,00:00:00:00:00:04,0,74122.0,4002588.0,4.337,0.0,99.8,Normal,ALLOW,ddos
1787352819.6943142,2,3,00:00:00:00:00:01,0,67829.07,3662769.77,4.397,0.0,101.5,Normal,ALLOW,ddos
1787352819.700238,2,1,00:00:00:00:00:03,0,77959.84,4209831.4,4.333,0.0,101.5,Normal,ALLOW,ddos
1787352819.7060611,2,3,00:00:00:00:00:01,0,81126.14,4380811.48,4.275,0.0,101.5,Normal,ALLOW,ddos
1787352819.711885,2,2,00:00:00:00:00:04,0,77082.12,4162434.67,4.293,0.0,101.5,Normal,ALLOW,ddos
1787352820.4455009,1,3,00:00:00:00:00:03,0,73128.0,3948912.0,4.518,0.0,99.2,Normal,ALLOW,ddos
1787352820.4514256,1,2,00:00:00:00:00:02,0,80030.0,4321620.0,4.439,0.0,99.2,Normal,ALLOW,ddos
1787352820.4578092,1,1,00:00:00:00:00:01,0,73129.0,3948966.0,4.331,0.0,99.2,Normal,ALLOW,ddos
1787352820.463543,1,3,00:00:00:00:00:04,0,74566.0,4026564.0,4.297,0.0,99.2,Normal,ALLOW,ddos
1787352820.469318,1,1,00:00:00:00:00:01,0,80030.0,4321620.0,4.337,0.0,99.2,Normal,ALLOW,ddos
1787352820.6869233,2,1,00:00:00:00:00:03,0,124632.0,6730128.0,4.492,0.0,0.0,Normal,ALLOW,ddos
1787352820.6928556,2,3,00:00:00:00:00:01,0,79494.0,4292676.0,4.417,0.0,0.0,Normal,ALLOW,ddos
1787352820.6987853,2,2,00:00:00:00:00:04,0,75503.0,4077162.0,4.428,0.0,0.0,Normal,ALLOW,ddos
1787352821.4186943,1,3,00:00:00:00:00:03,0,71598.0,3866292.0,4.368,0.0,99.8,Normal,ALLOW,ddos
1787352821.424553,1,2,00:00:00:00:00:02,0,79453.0,4290462.0,4.346,0.0,99.8,Normal,ALLOW,ddos
1787352821.4303994,1,1,00:00:00:00:00:01,0,71598.0,3866292.0,4.371,0.0,99.8,Normal,ALLOW,ddos
1787352821.4363182,1,1,00:00:00:00:00:01,0,79453.0,4290462.0,4.385,0.0,99.8,Normal,ALLOW,ddos
1787352821.44221,1,3,00:00:00:00:00:04,0,76017.0,4104918.0,4.349,0.0,99.8,Normal,ALLOW,ddos
1787352821.6874516,2,1,00:00:00:00:00:03,0,130047.67,7022574.33,4.43,0.0,0.0,Normal,ALLOW,ddos
1787352821.693215,2,3,00:00:00:00:00:01,0,73968.64,3994306.68,4.205,0.0,0.0,Normal,ALLOW,ddos
1787352821.6988516,2,2,00:00:00:00:00:04,0,69851.72,3771993.06,4.128,0.0,0.0,Normal,ALLOW,ddos
1787352822.4986937,1,3,00:00:00:00:00:03,0,64770.09,3497584.64,4.935,0.0,101.2,Normal,ALLOW,ddos
1787352822.5047274,1,2,00:00:00:00:00:02,0,71753.81,3874705.5,4.498,0.0,101.2,Normal,ALLOW,ddos
1787352822.510738,1,1,00:00:00:00:00:01,0,64769.16,3497534.61,4.464,0.0,101.2,Normal,ALLOW,ddos
1787352822.516706,1,1,00:00:00:00:00:01,0,71753.81,3874705.5,4.461,0.0,101.2,Normal,ALLOW,ddos
1787352822.5226374,1,3,00:00:00:00:00:04,0,67879.83,3665510.72,4.425,0.0,101.2,Normal,ALLOW,ddos
1787352822.690023,2,1,00:00:00:00:00:03,0,128610.57,6944970.68,4.449,0.0,0.0,Normal,ALLOW,ddos
1787352822.696096,2,3,00:00:00:00:00:01,0,77121.85,4164579.9,4.487,0.0,0.0,Normal,ALLOW,ddos
1787352822.7020087,2,2,00:00:00:00:00:04,0,73100.71,3947438.47,4.363,0.0,0.0,Normal,ALLOW,ddos
1787352823.4514754,1,3,00:00:00:00:00:03,0,70847.0,3825738.0,4.681,0.0,99.9,Normal,ALLOW,ddos
1787352823.457466,1,2,00:00:00:00:00:02,0,80795.0,4362930.0,4.463,0.0,99.9,Normal,ALLOW,ddos
1787352823.4633336,1,1,00:00:00:00:00:01,0,70848.0,3825792.0,4.35,0.0,99.9,Normal,ALLOW,ddos
1787352823.4692113,1,3,00:00:00:00:00:04,0,73357.0,3961278.0,4.433,0.0,99.9,Normal,ALLOW,ddos
1787352823.4750984,1,1,00:00:00:00:00:01,0,80795.0,4362930.0,4.383,0.0,99.9,Normal,ALLOW,ddos
1787352823.6910045,2,1,00:00:00:00:00:03,0,126729.42,6843388.72,4.447,0.0,95.8,Normal,ALLOW,ddos
1787352823.6969624,2,3,00:00:00:00:00:01,0,76963.28,4156017.28,4.406,0.0,95.8,Normal,ALLOW,ddos
1787352823.7028542,2,2,00:00:00:00:00:04,0,72948.89,3939239.8,4.333,0.0,95.8,Normal,ALLOW,ddos
1787352824.502504,1,3,00:00:00:00:00:03,0,66887.98,3611950.79,4.485,0.0,101.0,Normal,ALLOW,ddos
1787352824.5084038,1,2,00:00:00:00:00:02,0,75699.81,4087789.87,4.314,0.0,101.0,Normal,ALLOW,ddos
1787352824.5142853,1,1,00:00:00:00:00:01,0,66887.98,3611950.79,4.345,0.0,101.0,Normal,ALLOW,ddos
1787352824.5201375,1,1,00:00:00:00:00:01,0,75699.81,4087789.87,4.311,0.0,101.0,Normal,ALLOW,ddos
1787352824.5265503,1,3,00:00:00:00:00:04,0,71007.2,3834389.0,4.841,0.0,101.0,Normal,ALLOW,ddos
1787352824.6912613,2,1,00:00:00:00:00:03,0,130718.66,7058807.5,4.654,0.0,0.0,Normal,ALLOW,ddos
1787352824.6972132,2,3,00:00:00:00:00:01,0,77696.65,4195619.18,4.371,0.0,0.0,Normal,ALLOW,ddos
1787352824.703019,2,2,00:00:00:00:00:04,0,73684.15,3978944.01,4.261,0.0,0.0,Normal,ALLOW,ddos
1787352825.5240479,1,3,00:00:00:00:00:03,0,65308.06,3526635.05,4.387,0.0,100.9,Normal,ALLOW,ddos
1787352825.5299096,1,2,00:00:00:00:00:02,0,77047.69,4160575.08,4.385,0.0,100.9,Normal,ALLOW,ddos
1787352825.535834,1,1,00:00:00:00:00:01,0,65308.06,3526635.05,4.472,0.0,100.9,Normal,ALLOW,ddos
1787352825.5414977,1,1,00:00:00:00:00:01,0,77047.69,4160575.08,4.197,0.0,100.9,Normal,ALLOW,ddos
1787352825.5472045,1,3,00:00:00:00:00:04,0,75762.32,4091165.2,4.293,0.0,100.9,Normal,ALLOW,ddos
1787352825.6928027,2,1,00:00:00:00:00:03,0,131187.48,7084123.69,4.445,0.0,0.0,Normal,ALLOW,ddos
1787352825.698615,2,3,00:00:00:00:00:01,0,80465.47,4345135.46,4.367,0.0,0.0,Normal,ALLOW,ddos
1787352825.7044172,2,2,00:00:00:00:00:04,0,76347.02,4122739.21,4.321,0.0,0.0,Normal,ALLOW,ddos
1787352826.475257,1,3,00:00:00:00:00:03,0,70353.0,3799062.0,4.339,0.0,101.0,Normal,ALLOW,ddos
1787352826.4813383,1,2,00:00:00:00:00:02,0,78656.0,4247424.0,4.379,0.0,101.0,Normal,ALLOW,ddos
1787352826.4877107,1,1,00:00:00:00:00:01,0,70353.0,3799062.0,4.874,0.0,101.0,Normal,ALLOW,ddos
1787352826.4933941,1,1,00:00:00:00:00:01,0,78656.0,4247424.0,4.223,0.0,101.0,Normal,ALLOW,ddos
1787352826.4994643,1,3,00:00:00:00:00:04,0,77113.0,4164102.0,4.675,0.0,101.0,Normal,ALLOW,ddos
1787352826.692801,2,1,00:00:00:00:00:03,0,131308.0,7090632.0,4.402,0.0,101.1,Normal,ALLOW,ddos
1787352826.6985724,2,3,00:00:00:00:00:01,0,80328.0,4337712.0,4.326,0.0,101.1,Normal,ALLOW,ddos
1787352826.7044694,2,2,00:00:00:00:00:04,0,76239.0,4116906.0,4.453,0.0,101.1,Normal,ALLOW,ddos
1787352827.4411948,1,3,00:00:00:00:00:03,0,73101.0,3947454.0,4.635,0.0,100.1,Normal,ALLOW,ddos
1787352827.4473422,1,2,00:00:00:00:00:02,0,81634.0,4408236.0,4.626,0.0,100.1,Normal,ALLOW,ddos
1787352827.453412,1,1,00:00:00:00:00:01,0,73101.0,3947454.0,4.546,0.0,100.1,Normal,ALLOW,ddos
1787352827.4595308,1,3,00:00:00:00:00:04,0,79635.0,4300290.0,4.598,0.0,100.1,Normal,ALLOW,ddos
1787352827.4655504,1,1,00:00:00:00:00:01,0,81634.0,4408236.0,4.514,0.0,100.1,Normal,ALLOW,ddos
1787352827.6968493,2,1,00:00:00:00:00:03,0,131320.42,7091302.71,4.778,0.0,0.0,Normal,ALLOW,ddos
1787352827.7028615,2,3,00:00:00:00:00:01,0,77838.36,4203271.29,4.477,0.0,0.0,Normal,ALLOW,ddos
1787352827.7088351,2,2,00:00:00:00:00:04,0,73894.5,3990303.11,4.404,0.0,0.0,Normal,ALLOW,ddos
1787352828.564992,1,3,00:00:00:00:00:03,0,64929.58,3506197.27,4.596,0.0,100.3,Normal,ALLOW,ddos
1787352828.5710135,1,2,00:00:00:00:00:02,0,73113.51,3948129.47,4.416,0.0,100.3,Normal,ALLOW,ddos
1787352828.5774918,1,1,00:00:00:00:00:01,0,64928.69,3506149.22,4.384,0.0,100.3,Normal,ALLOW,ddos
1787352828.583477,1,1,00:00:00:00:00:01,0,73112.62,3948081.43,4.445,0.0,100.3,Normal,ALLOW,ddos
1787352828.5895133,1,3,00:00:00:00:00:04,0,70571.49,3810860.47,4.474,0.0,100.3,Normal,ALLOW,ddos
1787352828.6986916,2,1,00:00:00:00:00:03,0,125756.78,6790865.92,4.506,0.0,0.0,Normal,ALLOW,ddos
1787352828.7047164,2,3,00:00:00:00:00:01,0,77801.72,4201292.87,4.468,0.0,0.0,Normal,ALLOW,ddos
1787352828.7106318,2,2,00:00:00:00:00:04,0,73787.83,3984543.04,4.371,0.0,0.0,Normal,ALLOW,ddos
1787352829.5855713,1,3,00:00:00:00:00:03,0,70704.3,3818032.44,4.511,0.0,100.4,Normal,ALLOW,ddos
1787352829.5915487,1,2,00:00:00:00:00:02,0,80705.27,4358084.47,4.481,0.0,100.4,Normal,ALLOW,ddos
1787352829.5974483,1,1,00:00:00:00:00:01,0,70705.28,3818085.35,4.357,0.0,100.4,Normal,ALLOW,ddos
1787352829.6033292,1,1,00:00:00:00:00:01,0,80706.25,4358137.38,4.368,0.0,100.4,Normal,ALLOW,ddos
1787352829.6091673,1,3,00:00:00:00:00:04,0,75574.48,4081022.12,4.293,0.0,100.4,Normal,ALLOW,ddos
1787352829.7041385,2,1,00:00:00:00:00:03,0,124533.97,6724834.46,4.429,0.0,0.0,Normal,ALLOW,ddos
1787352829.710142,2,3,00:00:00:00:00:01,0,77139.5,4165532.87,4.414,0.0,0.0,Normal,ALLOW,ddos
1787352829.715837,2,2,00:00:00:00:00:04,0,73055.91,3945019.19,4.271,0.0,0.0,Normal,ALLOW,ddos
1787352830.5712755,1,3,00:00:00:00:00:03,0,71132.0,3841128.0,4.857,0.0,100.4,Normal,ALLOW,ddos
1787352830.577505,1,2,00:00:00:00:00:02,0,83049.0,4484646.0,4.485,0.0,100.4,Normal,ALLOW,ddos
1787352830.5834494,1,1,00:00:00:00:00:01,0,71132.0,3841128.0,4.439,0.0,100.4,Normal,ALLOW,ddos
1787352830.5895338,1,3,00:00:00:00:00:04,0,75221.0,4061934.0,4.57,0.0,100.4,Normal,ALLOW,ddos
1787352830.5954766,1,1,00:00:00:00:00:01,0,83049.0,4484646.0,4.445,0.0,100.4,Normal,ALLOW,ddos
1787352830.7006788,2,1,00:00:00:00:00:03,0,127364.0,6877656.0,4.588,0.0,0.0,Normal,ALLOW,ddos
1787352830.7066727,2,3,00:00:00:00:00:01,0,79195.0,4276530.0,4.511,0.0,0.0,Normal,ALLOW,ddos
1787352830.712533,2,2,00:00:00:00:00:04,0,75268.0,4064472.0,4.404,0.0,0.0,Normal,ALLOW,ddos
1787352831.6222432,1,3,00:00:00:00:00:03,0,68922.98,3721840.94,4.278,0.0,101.0,Normal,ALLOW,ddos
1787352831.6280603,1,2,00:00:00:00:00:02,0,75636.06,4084347.24,4.082,0.0,101.0,Normal,ALLOW,ddos
1787352831.6336334,1,1,00:00:00:00:00:01,0,68922.98,3721840.94,3.988,0.0,101.0,Normal,ALLOW,ddos
1787352831.6393476,1,1,00:00:00:00:00:01,0,75636.06,4084347.24,4.113,0.0,101.0,Normal,ALLOW,ddos
1787352831.6450653,1,3,00:00:00:00:00:04,0,73858.14,3988339.83,4.099,0.0,101.0,Normal,ALLOW,ddos
1787352831.7011626,2,1,00:00:00:00:00:03,0,127914.6,6907388.59,4.523,0.0,88.6,Normal,ALLOW,ddos
1787352831.7073474,2,3,00:00:00:00:00:01,0,79453.75,4290502.7,4.366,0.0,88.6,Normal,ALLOW,ddos
1787352831.7133346,2,2,00:00:00:00:00:04,0,75773.77,4091783.32,4.318,0.0,88.6,Normal,ALLOW,ddos
1787352832.705416,2,1,00:00:00:00:00:03,0,127651.43,6893177.29,4.803,0.0,100.6,Normal,ALLOW,ddos
1787352832.7116024,2,3,00:00:00:00:00:01,0,80790.86,4362706.44,4.451,0.0,100.6,Normal,ALLOW,ddos
1787352832.7178261,2,2,00:00:00:00:00:04,0,76608.59,4136863.74,4.492,0.0,100.6,Normal,ALLOW,ddos
1787352832.7521985,1,3,00:00:00:00:00:03,0,64687.24,3493111.16,4.632,0.0,113.0,Normal,ALLOW,ddos
1787352832.7585618,1,2,00:00:00:00:00:02,0,70969.48,3832352.11,4.574,0.0,113.0,Normal,ALLOW,ddos
1787352832.7646317,1,1,00:00:00:00:00:01,0,64686.36,3493063.37,4.525,0.0,113.0,Normal,ALLOW,ddos
1787352832.7706997,1,3,00:00:00:00:00:04,0,66183.02,3573882.82,4.408,0.0,113.0,Normal,ALLOW,ddos
1787352832.7766936,1,1,00:00:00:00:00:01,0,70969.48,3832352.11,4.434,0.0,113.0,Normal,ALLOW,ddos
1787352833.7052886,2,1,00:00:00:00:00:03,0,120145.27,6487844.74,4.632,0.0,0.0,Normal,ALLOW,ddos
1787352833.7112687,2,3,00:00:00:00:00:01,0,78172.49,4221314.35,4.442,0.0,0.0,Normal,ALLOW,ddos
1787352833.7172775,2,2,00:00:00:00:00:04,0,74230.48,4008445.94,4.485,0.0,0.0,Normal,ALLOW,ddos
1787352833.7275677,1,3,00:00:00:00:00:03,0,71724.0,3873096.0,5.047,0.0,138.3,Normal,ALLOW,ddos
1787352833.7335582,1,2,00:00:00:00:00:02,0,83934.0,4532436.0,4.507,0.0,138.3,Normal,ALLOW,ddos
1787352833.7395937,1,1,00:00:00:00:00:01,0,71725.0,3873150.0,4.522,0.0,138.3,Normal,ALLOW,ddos
1787352833.7455664,1,1,00:00:00:00:00:01,0,83934.0,4532436.0,4.504,0.0,138.3,Normal,ALLOW,ddos
1787352833.751573,1,3,00:00:00:00:00:04,0,75722.0,4088988.0,4.54,0.0,138.3,Normal,ALLOW,ddos
1787352834.7050877,2,1,00:00:00:00:00:03,0,128524.0,6940296.0,4.315,0.0,99.2,Normal,ALLOW,ddos
1787352834.7108903,2,3,00:00:00:00:00:01,0,79362.0,4285548.0,4.313,0.0,99.2,Normal,ALLOW,ddos
1787352834.7167127,2,2,00:00:00:00:00:04,0,75219.0,4061826.0,4.268,0.0,99.2,Normal,ALLOW,ddos
1787352834.740806,1,3,00:00:00:00:00:03,0,73583.16,3973490.42,4.379,0.0,118.2,Normal,ALLOW,ddos
1787352834.746578,1,2,00:00:00:00:00:02,0,83376.16,4502312.71,4.289,0.0,118.2,Normal,ALLOW,ddos
1787352834.7523725,1,1,00:00:00:00:00:01,0,73582.17,3973437.16,4.316,0.0,118.2,Normal,ALLOW,ddos
1787352834.7581587,1,3,00:00:00:00:00:04,0,72828.63,3932746.23,4.288,0.0,118.2,Normal,ALLOW,ddos
1787352834.7639432,1,1,00:00:00:00:00:01,0,83376.16,4502312.71,4.295,0.0,118.2,Normal,ALLOW,ddos
1787352835.6692784,1,3,00:00:00:00:00:03,0,74537.0,4024998.0,4.372,0.0,100.2,Normal,ALLOW,ddos
1787352835.675112,1,2,00:00:00:00:00:02,0,82406.0,4449924.0,4.257,0.0,100.2,Normal,ALLOW,ddos
1787352835.6807325,1,1,00:00:00:00:00:01,0,74538.0,4025052.0,4.151,0.0,100.2,Normal,ALLOW,ddos
1787352835.6863177,1,1,00:00:00:00:00:01,0,82406.0,4449924.0,4.124,0.0,100.2,Normal,ALLOW,ddos
1787352835.6924338,1,3,00:00:00:00:00:04,0,71346.0,3852684.0,4.641,0.0,100.2,Normal,ALLOW,ddos
1787352835.732916,2,1,00:00:00:00:00:03,0,129668.44,7002095.49,4.358,0.0,94.2,Normal,ALLOW,ddos
1787352835.7387507,2,3,00:00:00:00:00:01,0,77620.88,4191527.27,4.286,0.0,94.2,Normal,ALLOW,ddos
1787352835.7445066,2,2,00:00:00:00:00:04,0,73651.34,3977172.59,4.218,0.0,94.2,Normal,ALLOW,ddos
1787352836.7366326,2,1,00:00:00:00:00:03,0,127040.79,6860202.52,4.425,0.0,99.5,Normal,ALLOW,ddos
1787352836.742633,2,3,00:00:00:00:00:01,0,80692.13,4357375.25,4.363,0.0,99.5,Normal,ALLOW,ddos
1787352836.748399,2,2,00:00:00:00:00:04,0,76444.29,4127991.57,4.271,0.0,99.5,Normal,ALLOW,ddos
1787352836.7798078,1,3,00:00:00:00:00:03,0,62958.94,3399782.56,4.556,0.0,125.4,Normal,ALLOW,ddos
1787352836.785691,1,2,00:00:00:00:00:02,0,71411.82,3856238.22,4.308,0.0,125.4,Normal,ALLOW,ddos
1787352836.7917776,1,1,00:00:00:00:00:01,0,62958.04,3399733.93,4.333,0.0,125.4,Normal,ALLOW,ddos
1787352836.79761,1,1,00:00:00:00:00:01,0,71411.82,3856238.22,4.291,0.0,125.4,Normal,ALLOW,ddos
1787352836.803942,1,3,00:00:00:00:00:04,0,60594.9,3272124.76,4.744,0.0,125.4,Normal,ALLOW,ddos
1787352837.3496454,1,3,00:00:00:00:00:03,0,71144.0,3841776.0,4.494,0.0,98.3,Normal,ALLOW,ddos
1787352837.3555179,1,2,00:00:00:00:00:02,0,80758.0,4360932.0,4.364,0.0,98.3,Normal,ALLOW,ddos
1787352837.3619208,1,1,00:00:00:00:00:01,0,71145.0,3841830.0,4.832,0.0,98.3,Normal,ALLOW,ddos
1787352837.3678098,1,1,00:00:00:00:00:01,0,80757.0,4360878.0,4.317,0.0,98.3,Normal,ALLOW,ddos
1787352837.3736482,1,3,00:00:00:00:00:04,0,75576.0,4081104.0,4.371,0.0,98.3,Normal,ALLOW,ddos
1787352837.7439003,2,1,00:00:00:00:00:03,0,130986.9,7073292.69,4.626,0.0,754.9,Normal,ALLOW,ddos
1787352837.749754,2,3,00:00:00:00:00:01,0,79768.36,4307491.69,4.365,0.0,754.9,Normal,ALLOW,ddos
1787352837.755487,2,2,00:00:00:00:00:04,0,75956.16,4101632.72,4.253,0.0,754.9,Normal,ALLOW,ddos
1787352838.0204372,1,3,00:00:00:00:00:03,0,74596.0,4028184.0,4.392,0.0,101.2,Normal,ALLOW,ddos
1787352838.0263083,1,2,00:00:00:00:00:02,0,81178.0,4383612.0,4.352,0.0,101.2,Normal,ALLOW,ddos
1787352838.0322692,1,1,00:00:00:00:00:01,0,74596.0,4028184.0,4.497,0.0,101.2,Normal,ALLOW,ddos
1787352838.0381598,1,1,00:00:00:00:00:01,0,81179.0,4383666.0,4.423,0.0,101.2,Normal,ALLOW,ddos
1787352838.043932,1,3,00:00:00:00:00:04,0,76336.0,4122144.0,4.28,0.0,101.2,Normal,ALLOW,ddos
1787352838.5985906,1,3,00:00:00:00:00:03,0,72784.0,3930336.0,4.478,0.0,98.6,Normal,ALLOW,ddos
1787352838.6049771,1,2,00:00:00:00:00:02,0,80335.0,4338090.0,4.888,0.0,98.6,Normal,ALLOW,ddos
1787352838.6109126,1,1,00:00:00:00:00:01,0,72783.0,3930282.0,4.332,0.0,98.6,Normal,ALLOW,ddos
1787352838.616877,1,1,00:00:00:00:00:01,0,80334.0,4338036.0,4.437,0.0,98.6,Normal,ALLOW,ddos
1787352838.6230094,1,3,00:00:00:00:00:04,0,73985.0,3995190.0,4.52,0.0,98.6,Normal,ALLOW,ddos
1787352838.7404883,2,1,00:00:00:00:00:03,0,130047.0,7022538.0,4.428,0.0,0.0,Normal,ALLOW,ddos
1787352838.746315,2,3,00:00:00:00:00:01,0,77671.0,4194234.0,4.372,0.0,0.0,Normal,ALLOW,ddos
1787352838.7520866,2,2,00:00:00:00:00:04,0,73920.0,3991680.0,4.316,0.0,0.0,Normal,ALLOW,ddos
1787352839.7103794,1,3,00:00:00:00:00:03,0,65279.99,3525119.36,4.506,0.0,100.1,Normal,ALLOW,ddos
1787352839.7161963,1,2,00:00:00:00:00:02,0,72177.13,3897565.01,4.336,0.0,100.1,Normal,ALLOW,ddos
1787352839.7219052,1,1,00:00:00:00:00:01,0,65279.99,3525119.36,4.241,0.0,100.1,Normal,ALLOW,ddos
1787352839.7277467,1,1,00:00:00:00:00:01,0,72178.03,3897613.58,4.357,0.0,100.1,Normal,ALLOW,ddos
1787352839.7334044,1,3,00:00:00:00:00:04,0,67314.59,3634987.91,4.236,0.0,100.1,Normal,ALLOW,ddos
1787352839.774459,2,1,00:00:00:00:00:03,0,128008.6,6912464.46,4.678,0.0,0.0,Normal,ALLOW,ddos
1787352839.780451,2,3,00:00:00:00:00:01,0,77114.37,4164176.13,4.362,0.0,0.0,Normal,ALLOW,ddos
1787352839.786339,2,2,00:00:00:00:00:04,0,73012.18,3942657.95,4.338,0.0,0.0,Normal,ALLOW,ddos
1787352840.6550362,1,3,00:00:00:00:00:03,0,71397.0,3855438.0,4.525,0.0,100.0,Normal,ALLOW,ddos
1787352840.6611233,1,2,00:00:00:00:00:02,0,83595.0,4514130.0,4.433,0.0,100.0,Normal,ALLOW,ddos
1787352840.666968,1,1,00:00:00:00:00:01,0,71398.0,3855492.0,4.303,0.0,100.0,Normal,ALLOW,ddos
1787352840.673396,1,1,00:00:00:00:00:01,0,83595.0,4514130.0,4.862,0.0,100.0,Normal,ALLOW,ddos
1787352840.6793373,1,3,00:00:00:00:00:04,0,74200.0,4006800.0,4.383,0.0,100.0,Normal,ALLOW,ddos
1787352840.7778764,2,1,00:00:00:00:00:03,0,124007.85,6696423.72,4.565,0.0,97.6,Normal,ALLOW,ddos
1787352840.7839494,2,3,00:00:00:00:00:01,0,78187.16,4222106.65,4.407,0.0,97.6,Normal,ALLOW,ddos
1787352840.7898505,2,2,00:00:00:00:00:04,0,74112.81,4002091.99,4.283,0.0,97.6,Normal,ALLOW,ddos
1787352841.6005948,1,3,00:00:00:00:00:03,0,71614.0,3867156.0,4.597,0.0,100.9,Normal,ALLOW,ddos
1787352841.6067278,1,2,00:00:00:00:00:02,0,81656.0,4409424.0,4.441,0.0,100.9,Normal,ALLOW,ddos
1787352841.6126258,1,1,00:00:00:00:00:01,0,71614.0,3867156.0,4.328,0.0,100.9,Normal,ALLOW,ddos
1787352841.61863,1,1,00:00:00:00:00:01,0,81656.0,4409424.0,4.453,0.0,100.9,Normal,ALLOW,ddos
1787352841.6245122,1,3,00:00:00:00:00:04,0,77966.0,4210164.0,4.323,0.0,100.9,Normal,ALLOW,ddos
1787352841.7752433,2,1,00:00:00:00:00:03,0,130332.0,7037928.0,4.353,0.0,97.2,Normal,ALLOW,ddos
1787352841.7810962,2,3,00:00:00:00:00:01,0,78531.0,4240674.0,4.34,0.0,97.2,Normal,ALLOW,ddos
1787352841.7868478,2,2,00:00:00:00:00:04,0,74412.0,4018248.0,4.266,0.0,97.2,Normal,ALLOW,ddos
1787352842.5413866,1,3,00:00:00:00:00:03,0,72290.0,3903660.0,4.423,0.0,100.4,Normal,ALLOW,ddos
1787352842.547318,1,2,00:00:00:00:00:02,0,82913.0,4477302.0,4.452,0.0,100.4,Normal,ALLOW,ddos
1787352842.5537472,1,1,00:00:00:00:00:01,0,72290.0,3903660.0,4.928,0.0,100.4,Normal,ALLOW,ddos
1787352842.5596442,1,1,00:00:00:00:00:01,0,82913.0,4477302.0,4.392,0.0,100.4,Normal,ALLOW,ddos
1787352842.5653415,1,3,00:00:00:00:00:04,0,75023.0,4051242.0,4.246,0.0,100.4,Normal,ALLOW,ddos
1787352842.7777941,2,1,00:00:00:00:00:03,0,129527.6,6994490.44,4.536,0.0,97.4,Normal,ALLOW,ddos
1787352842.784223,2,3,00:00:00:00:00:01,0,78474.33,4237613.91,4.769,0.0,97.4,Normal,ALLOW,ddos
1787352842.790832,2,2,00:00:00:00:00:04,0,74347.2,4014748.93,4.576,0.0,97.4,Normal,ALLOW,ddos
1787352843.5561583,1,3,00:00:00:00:00:03,0,70994.0,3833675.75,4.527,0.0,100.3,Normal,ALLOW,ddos
1787352843.561958,1,2,00:00:00:00:00:02,0,77644.75,4192816.75,4.306,0.0,100.3,Normal,ALLOW,ddos
1787352843.5677476,1,1,00:00:00:00:00:01,0,70994.0,3833675.75,4.288,0.0,100.3,Normal,ALLOW,ddos
1787352843.5735714,1,1,00:00:00:00:00:01,0,77644.75,4192816.75,4.314,0.0,100.3,Normal,ALLOW,ddos
1787352843.579377,1,3,00:00:00:00:00:04,0,72081.1,3892379.44,4.346,0.0,100.3,Normal,ALLOW,ddos
1787352843.776828,2,1,00:00:00:00:00:03,0,126903.0,6852762.0,4.331,0.0,99.6,Normal,ALLOW,ddos
1787352843.7825909,2,3,00:00:00:00:00:01,0,77741.0,4198014.0,4.305,0.0,99.6,Normal,ALLOW,ddos
1787352843.7882798,2,2,00:00:00:00:00:04,0,73629.0,3975966.0,4.248,0.0,99.6,Normal,ALLOW,ddos
1787352844.4990184,1,3,00:00:00:00:00:03,0,72303.0,3904362.0,4.402,0.0,102.4,Normal,ALLOW,ddos
1787352844.505394,1,2,00:00:00:00:00:02,0,78310.0,4228740.0,4.742,0.0,102.4,Normal,ALLOW,ddos
1787352844.5117846,1,1,00:00:00:00:00:01,0,72302.0,3904308.0,4.523,0.0,102.4,Normal,ALLOW,ddos
1787352844.5182116,1,1,00:00:00:00:00:01,0,78310.0,4228740.0,4.776,0.0,102.4,Normal,ALLOW,ddos
1787352844.524271,1,3,00:00:00:00:00:04,0,69891.0,3774114.0,4.428,0.0,102.4,Normal,ALLOW,ddos
1787352844.7789083,2,1,00:00:00:00:00:03,0,130358.59,7039363.79,4.315,0.0,0.0,Normal,ALLOW,ddos
1787352844.7847354,2,3,00:00:00:00:00:01,0,77124.46,4164720.84,4.354,0.0,0.0,Normal,ALLOW,ddos
1787352844.7905989,2,2,00:00:00:00:00:04,0,73008.43,3942455.19,4.348,0.0,0.0,Normal,ALLOW,ddos
1787352845.4452634,1,3,00:00:00:00:00:03,0,74654.0,4031316.0,4.533,0.0,100.7,Normal,ALLOW,ddos
1787352845.4513633,1,2,00:00:00:00:00:02,0,82214.0,4439556.0,4.556,0.0,100.7,Normal,ALLOW,ddos
1787352845.457391,1,1,00:00:00:00:00:01,0,74655.0,4031370.0,4.466,0.0,100.7,Normal,ALLOW,ddos
1787352845.4632843,1,1,00:00:00:00:00:01,0,82213.0,4439502.0,4.394,0.0,100.7,Normal,ALLOW,ddos
1787352845.4691339,1,3,00:00:00:00:00:04,0,79955.0,4317570.0,4.369,0.0,100.7,Normal,ALLOW,ddos
1787352845.7789729,2,1,00:00:00:00:00:03,0,125009.0,6750486.0,4.345,0.0,101.8,Normal,ALLOW,ddos
1787352845.784673,2,3,00:00:00:00:00:01,0,78541.0,4241214.0,4.281,0.0,101.8,Normal,ALLOW,ddos
1787352845.7903924,2,2,00:00:00:00:00:04,0,74422.0,4018788.0,4.259,0.0,101.8,Normal,ALLOW,ddos
1787352846.479416,1,3,00:00:00:00:00:03,0,70407.61,3802011.18,4.438,0.0,99.8,Normal,ALLOW,ddos
1787352846.4851863,1,2,00:00:00:00:00:02,0,76948.84,4155237.43,4.297,0.0,99.8,Normal,ALLOW,ddos
1787352846.4914773,1,1,00:00:00:00:00:01,0,70407.61,3802011.18,4.341,0.0,99.8,Normal,ALLOW,ddos
1787352846.4972544,1,1,00:00:00:00:00:01,0,76949.81,4155289.63,4.331,0.0,99.8,Normal,ALLOW,ddos
1787352846.5030982,1,3,00:00:00:00:00:04,0,75512.21,4077659.21,4.386,0.0,99.8,Normal,ALLOW,ddos
1787352846.7831755,2,1,00:00:00:00:00:03,0,128892.57,6960198.84,4.465,0.0,740.2,Normal,ALLOW,ddos
1787352846.789006,2,3,00:00:00:00:00:01,0,75855.53,4096198.46,4.354,0.0,740.2,Normal,ALLOW,ddos
1787352846.7948,2,2,00:00:00:00:00:04,0,71849.35,3879864.91,4.339,0.0,740.2,Normal,ALLOW,ddos
1787352847.426109,1,3,00:00:00:00:00:03,0,75267.0,4064418.0,4.377,0.0,99.6,Normal,ALLOW,ddos
1787352847.4318433,1,2,00:00:00:00:00:02,0,81826.0,4418604.0,4.304,0.0,99.6,Normal,ALLOW,ddos
1787352847.4376178,1,1,00:00:00:00:00:01,0,75266.0,4064364.0,4.275,0.0,99.6,Normal,ALLOW,ddos
1787352847.4432862,1,1,00:00:00:00:00:01,0,81825.0,4418550.0,4.232,0.0,99.6,Normal,ALLOW,ddos
1787352847.448894,1,3,00:00:00:00:00:04,0,76428.0,4127112.0,4.179,0.0,99.6,Normal,ALLOW,ddos
1787352847.7857177,2,1,00:00:00:00:00:03,0,130046.36,7022503.22,4.618,0.0,0.0,Normal,ALLOW,ddos
1787352847.7918134,2,3,00:00:00:00:00:01,0,76279.14,4119073.39,4.521,0.0,0.0,Normal,ALLOW,ddos
1787352847.8010447,2,2,00:00:00:00:00:04,0,72208.73,3899271.67,7.361,0.0,0.0,Normal,ALLOW,ddos
1787352848.4247558,1,3,00:00:00:00:00:03,0,75864.0,4096656.0,4.866,0.0,100.3,Normal,ALLOW,ddos
1787352848.4307482,1,2,00:00:00:00:00:02,0,80911.0,4369194.0,4.484,0.0,100.3,Normal,ALLOW,ddos
1787352848.436769,1,1,00:00:00:00:00:01,0,75865.0,4096710.0,4.507,0.0,100.3,Normal,ALLOW,ddos
1787352848.4427366,1,1,00:00:00:00:00:01,0,80911.0,4369194.0,4.448,0.0,100.3,Normal,ALLOW,ddos
1787352848.4486282,1,3,00:00:00:00:00:04,0,78535.0,4240890.0,4.388,0.0,100.3,Normal,ALLOW,ddos
1787352848.7884254,2,1,00:00:00:00:00:03,0,126643.59,6838754.02,4.843,0.0,0.0,Normal,ALLOW,ddos
1787352848.794654,2,3,00:00:00:00:00:01,0,72783.33,3930299.83,4.437,0.0,0.0,Normal,ALLOW,ddos
1787352848.800551,2,2,00:00:00:00:00:04,0,68945.65,3723064.86,4.377,0.0,0.0,Normal,ALLOW,ddos
1787352849.5531611,1,3,00:00:00:00:00:03,0,64158.4,3464553.51,4.89,0.0,99.5,Normal,ALLOW,ddos
1787352849.559457,1,2,00:00:00:00:00:02,0,68573.95,3702993.13,4.671,0.0,99.5,Normal,ALLOW,ddos
1787352849.565476,1,1,00:00:00:00:00:01,0,64158.4,3464553.51,4.446,0.0,99.5,Normal,ALLOW,ddos
1787352849.5715826,1,1,00:00:00:00:00:01,0,68574.83,3703040.99,4.554,0.0,99.5,Normal,ALLOW,ddos
1787352849.577611,1,3,00:00:00:00:00:04,0,66720.69,3602917.41,4.46,0.0,99.5,Normal,ALLOW,ddos
1787352849.7889585,2,1,00:00:00:00:00:03,0,127709.64,6896320.38,4.647,0.0,101.6,Normal,ALLOW,ddos
1787352849.794903,2,3,00:00:00:00:00:01,0,72922.67,3937824.09,4.383,0.0,101.6,Normal,ALLOW,ddos
1787352849.8007617,2,2,00:00:00:00:00:04,0,68940.05,3722762.8,4.349,0.0,101.6,Normal,ALLOW,ddos
1787352850.5455396,1,3,00:00:00:00:00:03,0,73484.0,3968136.0,4.893,0.0,100.4,Normal,ALLOW,ddos
1787352850.551726,1,2,00:00:00:00:00:02,0,78632.0,4246128.0,4.51,0.0,100.4,Normal,ALLOW,ddos
1787352850.55777,1,1,00:00:00:00:00:01,0,73484.0,3968136.0,4.38,0.0,100.4,Normal,ALLOW,ddos
1787352850.5637803,1,1,00:00:00:00:00:01,0,78632.0,4246128.0,4.387,0.0,100.4,Normal,ALLOW,ddos
1787352850.5698102,1,3,00:00:00:00:00:04,0,75674.0,4086396.0,4.409,0.0,100.4,Normal,ALLOW,ddos
1787352850.791384,2,1,00:00:00:00:00:03,0,122074.25,6592009.34,4.527,0.0,0.0,Normal,ALLOW,ddos
1787352850.7975054,2,3,00:00:00:00:00:01,0,73009.87,3942532.91,4.493,0.0,0.0,Normal,ALLOW,ddos
1787352850.803496,2,2,00:00:00:00:00:04,0,69102.86,3731554.58,4.399,0.0,0.0,Normal,ALLOW,ddos
1787352851.5016985,1,3,00:00:00:00:00:03,0,74263.0,4010202.0,4.801,0.0,100.1,Normal,ALLOW,ddos
1787352851.5079272,1,2,00:00:00:00:00:02,0,79445.0,4290030.0,4.599,0.0,100.1,Normal,ALLOW,ddos
1787352851.5137959,1,1,00:00:00:00:00:01,0,74263.0,4010202.0,4.354,0.0,100.1,Normal,ALLOW,ddos
1787352851.519663,1,1,00:00:00:00:00:01,0,79445.0,4290030.0,4.4,0.0,100.1,Normal,ALLOW,ddos
1787352851.5255933,1,3,00:00:00:00:00:04,0,77751.0,4198554.0,4.422,0.0,100.1,Normal,ALLOW,ddos
1787352851.7921848,2,1,00:00:00:00:00:03,0,125483.0,6776082.0,4.626,0.0,99.9,Normal,ALLOW,ddos
1787352851.7985077,2,3,00:00:00:00:00:01,0,73465.0,3967110.0,4.691,0.0,99.9,Normal,ALLOW,ddos
1787352851.8047752,2,2,00:00:00:00:00:04,0,69385.0,3746790.0,4.612,0.0,99.9,Normal,ALLOW,ddos
1787352852.5565069,1,3,00:00:00:00:00:03,0,71141.35,3841633.02,4.546,0.0,100.8,Normal,ALLOW,ddos
1787352852.5630162,1,2,00:00:00:00:00:02,0,75750.47,4090525.39,4.927,0.0,100.8,Normal,ALLOW,ddos
1787352852.5689743,1,1,00:00:00:00:00:01,0,71141.35,3841633.02,4.37,0.0,100.8,Normal,ALLOW,ddos
1787352852.5748994,1,1,00:00:00:00:00:01,0,75750.47,4090525.39,4.353,0.0,100.8,Normal,ALLOW,ddos
1787352852.5808067,1,3,00:00:00:00:00:04,0,71746.99,3874337.57,4.351,0.0,100.8,Normal,ALLOW,ddos
1787352852.7947404,2,1,00:00:00:00:00:03,0,125817.28,6794133.14,4.556,0.0,0.0,Normal,ALLOW,ddos
1787352852.8008432,2,3,00:00:00:00:00:01,0,70280.52,3795148.12,4.522,0.0,0.0,Normal,ALLOW,ddos
1787352852.8068495,2,2,00:00:00:00:00:04,0,66374.83,3584240.78,4.377,0.0,0.0,Normal,ALLOW,ddos
1787352853.5220215,1,3,00:00:00:00:00:03,0,72823.0,3932442.0,4.547,0.0,100.4,Normal,ALLOW,ddos
1787352853.528145,1,2,00:00:00:00:00:02,0,81428.0,4397112.0,4.52,0.0,100.4,Normal,ALLOW,ddos
1787352853.5342493,1,1,00:00:00:00:00:01,0,72823.0,3932442.0,4.478,0.0,100.4,Normal,ALLOW,ddos
1787352853.540229,1,1,00:00:00:00:00:01,0,81428.0,4397112.0,4.454,0.0,100.4,Normal,ALLOW,ddos
1787352853.5461278,1,3,00:00:00:00:00:04,0,78858.0,4258332.0,4.406,0.0,100.4,Normal,ALLOW,ddos
1787352853.79714,2,1,00:00:00:00:00:03,0,129784.69,7008373.42,4.473,0.0,0.0,Normal,ALLOW,ddos
1787352853.8030856,2,3,00:00:00:00:00:01,0,73600.59,3974432.01,4.409,0.0,0.0,Normal,ALLOW,ddos
1787352853.8089602,2,2,00:00:00:00:00:04,0,69538.27,3755066.8,4.352,0.0,0.0,Normal,ALLOW,ddos
1787352854.58255,1,3,00:00:00:00:00:03,0,69052.52,3728835.95,4.393,0.0,100.7,Normal,ALLOW,ddos
1787352854.5884986,1,2,00:00:00:00:00:02,0,76201.22,4114865.64,4.432,0.0,100.7,Normal,ALLOW,ddos
1787352854.5943716,1,1,00:00:00:00:00:01,0,69051.57,3728785.01,4.371,0.0,100.7,Normal,ALLOW,ddos
1787352854.60023,1,1,00:00:00:00:00:01,0,76201.22,4114865.64,4.392,0.0,100.7,Normal,ALLOW,ddos
1787352854.606208,1,3,00:00:00:00:00:04,0,71640.73,3868599.17,4.387,0.0,100.7,Normal,ALLOW,ddos
1787352854.802602,2,1,00:00:00:00:00:03,0,127195.8,6868573.4,4.51,0.0,100.0,Normal,ALLOW,ddos
1787352854.808584,2,3,00:00:00:00:00:01,0,72575.24,3919062.99,4.473,0.0,100.0,Normal,ALLOW,ddos
1787352854.8144448,2,2,00:00:00:00:00:04,0,69031.49,3727700.39,4.353,0.0,100.0,Normal,ALLOW,ddos
1787352855.1471663,1,3,00:00:00:00:00:03,0,73406.0,3963924.0,4.58,0.0,101.5,Normal,ALLOW,ddos
1787352855.1533706,1,2,00:00:00:00:00:02,0,81664.0,4409856.0,4.639,0.0,101.5,Normal,ALLOW,ddos
1787352855.1597934,1,1,00:00:00:00:00:01,0,73407.0,3963978.0,4.776,0.0,101.5,Normal,ALLOW,ddos
1787352855.1659534,1,1,00:00:00:00:00:01,0,81664.0,4409856.0,4.543,0.0,101.5,Normal,ALLOW,ddos
1787352855.1720347,1,3,00:00:00:00:00:04,0,76430.0,4127220.0,4.473,0.0,101.5,Normal,ALLOW,ddos
1787352855.1792953,1,3,00:00:00:00:00:03,0,75298.0,4066092.0,4.427,0.0,92.3,Normal,ALLOW,ddos
1787352855.1850755,1,2,00:00:00:00:00:02,0,83701.0,4519854.0,4.309,0.0,92.3,Normal,ALLOW,ddos
1787352855.190946,1,1,00:00:00:00:00:01,0,75297.0,4066038.0,4.314,0.0,92.3,Normal,ALLOW,ddos
1787352855.1968598,1,1,00:00:00:00:00:01,0,83701.0,4519854.0,4.409,0.0,92.3,Normal,ALLOW,ddos
1787352855.2029374,1,3,00:00:00:00:00:04,0,78857.0,4258278.0,4.546,0.0,92.3,Normal,ALLOW,ddos
1787352855.2089322,1,1,00:00:00:00:00:01,0,78857.0,4258278.0,4.457,0.0,92.3,Normal,ALLOW,ddos
1787352855.2158961,1,3,00:00:00:00:00:03,0,74950.0,4047300.0,4.354,0.0,108.5,Normal,ALLOW,ddos
1787352855.2216558,1,2,00:00:00:00:00:02,0,84360.0,4555440.0,4.299,0.0,108.5,Normal,ALLOW,ddos
1787352855.2273486,1,1,00:00:00:00:00:01,0,74950.0,4047300.0,4.251,0.0,108.5,Normal,ALLOW,ddos
1787352855.2329729,1,1,00:00:00:00:00:01,0,84360.0,4555440.0,4.212,0.0,108.5,Normal,ALLOW,ddos
1787352855.2387266,1,3,00:00:00:00:00:04,0,77988.0,4211352.0,4.279,0.0,108.5,Normal,ALLOW,ddos
1787352855.2444873,1,1,00:00:00:00:00:01,0,77988.0,4211352.0,4.307,0.0,108.5,Normal,ALLOW,ddos
1787352855.251344,1,3,00:00:00:00:00:03,0,75211.0,4061394.0,4.309,0.0,84.4,Normal,ALLOW,ddos
1787352855.257126,1,2,00:00:00:00:00:02,0,84262.0,4550148.0,4.348,0.0,84.4,Normal,ALLOW,ddos
1787352855.2629564,1,1,00:00:00:00:00:01,0,75212.0,4061448.0,4.36,0.0,84.4,Normal,ALLOW,ddos
1787352855.269039,1,1,00:00:00:00:00:01,0,84261.0,4550094.0,4.522,0.0,84.4,Normal,ALLOW,ddos
1787352855.275189,1,3,00:00:00:00:00:04,0,77472.0,4183488.0,4.599,0.0,84.4,Normal,ALLOW,ddos
1787352855.2812617,1,1,00:00:00:00:00:01,0,77472.0,4183488.0,4.547,0.0,84.4,Normal,ALLOW,ddos
1787352855.2884917,1,3,00:00:00:00:00:03,0,75637.0,4084398.0,4.547,0.0,108.7,Normal,ALLOW,ddos
1787352855.2944806,1,2,00:00:00:00:00:02,0,84686.0,4573044.0,4.49,0.0,108.7,Normal,ALLOW,ddos
1787352855.3003807,1,1,00:00:00:00:00:01,0,75636.0,4084344.0,4.382,0.0,108.7,Normal,ALLOW,ddos
1787352855.306185,1,1,00:00:00:00:00:01,0,84687.0,4573098.0,4.326,0.0,108.7,Normal,ALLOW,ddos
1787352855.3120174,1,3,00:00:00:00:00:04,0,78884.0,4259736.0,4.336,0.0,108.7,Normal,ALLOW,ddos
1787352855.3178678,1,1,00:00:00:00:00:01,0,78884.0,4259736.0,4.379,0.0,108.7,Normal,ALLOW,ddos
1787352855.3249226,1,3,00:00:00:00:00:03,0,75286.0,4065444.0,4.41,0.0,81.9,Normal,ALLOW,ddos
1787352855.3307707,1,2,00:00:00:00:00:02,0,84697.0,4573638.0,4.361,0.0,81.9,Normal,ALLOW,ddos
1787352855.3366184,1,1,00:00:00:00:00:01,0,75287.0,4065498.0,4.378,0.0,81.9,Normal,ALLOW,ddos
1787352855.3424542,1,1,00:00:00:00:00:01,0,84697.0,4573638.0,4.357,0.0,81.9,Normal,ALLOW,ddos
1787352855.348235,1,3,00:00:00:00:00:04,0,77665.0,4193910.0,4.33,0.0,81.9,Normal,ALLOW,ddos
1787352855.3540251,1,1,00:00:00:00:00:01,0,77665.0,4193910.0,4.336,0.0,81.9,Normal,ALLOW,ddos
1787352855.360998,1,3,00:00:00:00:00:03,0,75985.0,4103190.0,4.332,0.0,110.6,Normal,ALLOW,ddos
1787352855.3667166,1,2,00:00:00:00:00:02,0,85166.0,4598964.0,4.29,0.0,110.6,Normal,ALLOW,ddos
1787352855.3726006,1,1,00:00:00:00:00:01,0,75985.0,4103190.0,4.382,0.0,110.6,Normal,ALLOW,ddos
1787352855.37854,1,1,00:00:00:00:00:01,0,85166.0,4598964.0,4.39,0.0,110.6,Normal,ALLOW,ddos
1787352855.3843853,1,3,00:00:00:00:00:04,0,81482.0,4400028.0,4.375,0.0,110.6,Normal,ALLOW,ddos
1787352855.3906825,1,1,00:00:00:00:00:01,0,81482.0,4400028.0,4.698,0.0,110.6,Normal,ALLOW,ddos
1787352855.3978686,1,3,00:00:00:00:00:03,0,74909.0,4045086.0,4.413,0.0,136.4,Normal,ALLOW,ddos
1787352855.4037485,1,2,00:00:00:00:00:02,0,84325.0,4553550.0,4.399,0.0,136.4,Normal,ALLOW,ddos
1787352855.4096498,1,1,00:00:00:00:00:01,0,74908.0,4045032.0,4.333,0.0,136.4,Normal,ALLOW,ddos
1787352855.4153998,1,1,00:00:00:00:00:01,0,84325.0,4553550.0,4.286,0.0,136.4,Normal,ALLOW,ddos
1787352855.4211564,1,3,00:00:00:00:00:04,0,79067.0,4269618.0,4.286,0.0,136.4,Normal,ALLOW,ddos
1787352855.4268713,1,1,00:00:00:00:00:01,0,79068.0,4269672.0,4.271,0.0,136.4,Normal,ALLOW,ddos
1787352855.798327,2,1,00:00:00:00:00:03,0,110008.0,5940432.0,4.597,0.0,97.5,Normal,ALLOW,ddos
1787352855.804277,2,3,00:00:00:00:00:01,0,69505.0,3753270.0,4.41,0.0,97.5,Normal,ALLOW,ddos
1787352855.8105192,2,2,00:00:00:00:00:04,0,68163.0,3680802.0,4.588,0.0,97.5,Normal,ALLOW,ddos
1787352856.8028886,2,1,00:00:00:00:00:03,0,76050.73,4106739.68,4.594,0.0,0.0,Normal,ALLOW,ddos
1787352856.8091269,2,3,00:00:00:00:00:01,0,69395.92,3747379.81,4.588,0.0,0.0,Normal,ALLOW,ddos
1787352856.81506,2,2,00:00:00:00:00:04,0,69396.92,3747433.54,4.388,0.0,0.0,Normal,ALLOW,ddos
1787352857.808288,2,1,00:00:00:00:00:03,0,73093.04,3947024.21,4.664,0.0,99.6,Normal,ALLOW,ddos
1787352857.8146377,2,3,00:00:00:00:00:01,0,68963.23,3724014.52,4.515,0.0,99.6,Normal,ALLOW,ddos
1787352857.8210628,2,2,00:00:00:00:00:04,0,68962.24,3723960.76,4.645,0.0,99.6,Normal,ALLOW,ddos
1787352858.1988697,1,2,00:00:00:00:00:02,0,30012.2,1620658.81,5.094,0.0,97.4,Normal,ALLOW,ddos
1787352858.2082574,1,1,00:00:00:00:00:01,0,24536.05,1324946.87,7.25,0.0,97.4,Normal,ALLOW,ddos
1787352858.2178135,1,1,00:00:00:00:00:01,0,30012.2,1620658.81,7.358,0.0,97.4,Normal,ALLOW,ddos
1787352858.228128,1,3,00:00:00:00:00:04,0,27883.96,1505733.65,7.238,0.0,97.4,Normal,ALLOW,ddos
1787352858.234932,1,1,00:00:00:00:00:01,0,27883.6,1505714.37,4.836,0.0,97.4,Normal,ALLOW,ddos
1787352858.8033903,2,1,00:00:00:00:00:03,0,66932.0,3614328.0,4.924,0.0,100.9,Normal,ALLOW,ddos
1787352858.8096683,2,3,00:00:00:00:00:01,0,68586.0,3703644.0,4.648,0.0,100.9,Normal,ALLOW,ddos
1787352858.8159366,2,2,00:00:00:00:00:04,0,68586.0,3703644.0,4.682,0.0,100.9,Normal,ALLOW,ddos
1787352859.8043869,2,1,00:00:00:00:00:03,0,74112.72,4002086.95,4.682,0.0,0.0,Normal,ALLOW,ddos
1787352859.810472,2,3,00:00:00:00:00:01,0,67926.76,3668045.07,4.572,0.0,0.0,Normal,ALLOW,ddos
1787352859.8165543,2,2,00:00:00:00:00:04,0,67926.76,3668045.07,4.535,0.0,0.0,Normal,ALLOW,ddos
1787352860.8064866,2,1,00:00:00:00:00:03,0,73485.46,3968215.08,4.696,0.0,99.8,Normal,ALLOW,ddos
1787352860.8129137,2,3,00:00:00:00:00:01,0,65998.05,3563894.77,4.735,0.0,99.8,Normal,ALLOW,ddos
1787352860.8192248,2,2,00:00:00:00:00:04,0,65998.05,3563894.77,4.546,0.0,99.8,Normal,ALLOW,ddos
1787352861.8063083,2,1,00:00:00:00:00:03,0,71236.76,3846785.26,4.566,0.0,0.0,Normal,ALLOW,ddos
1787352861.8122485,2,3,00:00:00:00:00:01,0,63083.45,3406506.49,4.407,0.0,0.0,Normal,ALLOW,ddos
1787352861.8180778,2,2,00:00:00:00:00:04,0,63084.45,3406560.47,4.335,0.0,0.0,Normal,ALLOW,ddos
1787352862.8117263,2,1,00:00:00:00:00:03,0,75873.31,4097158.98,7.527,0.0,0.0,Normal,ALLOW,ddos
1787352862.821509,2,3,00:00:00:00:00:01,0,70494.27,3806690.76,7.461,0.0,0.0,Normal,ALLOW,ddos
1787352862.8311796,2,2,00:00:00:00:00:04,0,70494.27,3806690.76,7.384,0.0,0.0,Normal,ALLOW,ddos
1787352863.5134873,1,2,00:00:00:00:00:02,0,15639.01,844506.41,4.628,0.0,100.8,Normal,ALLOW,ddos
1787352863.5198762,1,1,00:00:00:00:00:01,0,15639.01,844506.41,4.579,0.0,100.8,Normal,ALLOW,ddos
1787352863.5259557,1,3,00:00:00:00:00:04,0,14205.36,767089.34,4.387,0.0,100.8,Normal,ALLOW,ddos
1787352863.5319357,1,1,00:00:00:00:00:01,0,14205.36,767089.34,4.346,0.0,100.8,Normal,ALLOW,ddos
1787352863.8097289,2,1,00:00:00:00:00:03,0,75082.75,4054468.75,4.563,0.0,101.3,Normal,ALLOW,ddos
1787352863.8160396,2,3,00:00:00:00:00:01,0,68832.44,3716951.59,4.471,0.0,101.3,Normal,ALLOW,ddos
1787352863.8223681,2,2,00:00:00:00:00:04,0,68832.44,3716951.59,4.547,0.0,101.3,Normal,ALLOW,ddos
1787352864.4846308,1,2,00:00:00:00:00:02,0,81232.0,4386528.0,4.83,0.0,99.3,Normal,ALLOW,ddos
1787352864.491136,1,1,00:00:00:00:00:01,0,81232.0,4386528.0,4.54,0.0,99.3,Normal,ALLOW,ddos
1787352864.4972842,1,3,00:00:00:00:00:04,0,69904.0,3774816.0,4.361,0.0,99.3,Normal,ALLOW,ddos
1787352864.5035748,1,1,00:00:00:00:00:01,0,69904.0,3774816.0,4.449,0.0,99.3,Normal,ALLOW,ddos
1787352864.8123887,2,1,00:00:00:00:00:03,0,72338.97,3906304.44,4.516,0.0,100.6,Normal,ALLOW,ddos
1787352864.8184893,2,3,00:00:00:00:00:01,0,68680.88,3708767.74,4.572,0.0,100.6,Normal,ALLOW,ddos
1787352864.8245442,2,2,00:00:00:00:00:04,0,68679.89,3708713.88,4.403,0.0,100.6,Normal,ALLOW,ddos
1787352865.6956286,1,2,00:00:00:00:00:02,0,66130.53,3571048.79,4.406,0.0,99.7,Normal,ALLOW,ddos
1787352865.7014823,1,1,00:00:00:00:00:01,0,66130.53,3571048.79,4.342,0.0,99.7,Normal,ALLOW,ddos
1787352865.7073202,1,3,00:00:00:00:00:04,0,60527.83,3268502.97,4.311,0.0,99.7,Normal,ALLOW,ddos
1787352865.7135386,1,1,00:00:00:00:00:01,0,60528.66,3268547.57,4.241,0.0,99.7,Normal,ALLOW,ddos
1787352865.8141642,2,1,00:00:00:00:00:03,0,74781.52,4038202.16,4.557,0.0,0.0,Normal,ALLOW,ddos
1787352865.8201733,2,3,00:00:00:00:00:01,0,69532.93,3754777.96,4.452,0.0,0.0,Normal,ALLOW,ddos
1787352865.8262713,2,2,00:00:00:00:00:04,0,69532.93,3754777.96,4.405,0.0,0.0,Normal,ALLOW,ddos
1787352866.720791,1,2,00:00:00:00:00:02,0,77063.45,4161426.16,4.793,0.0,99.3,Normal,ALLOW,ddos
1787352866.7271492,1,1,00:00:00:00:00:01,0,77063.45,4161426.16,4.709,0.0,99.3,Normal,ALLOW,ddos
1787352866.7334478,1,3,00:00:00:00:00:04,0,71170.15,3843187.99,4.587,0.0,99.3,Normal,ALLOW,ddos
1787352866.7396004,1,1,00:00:00:00:00:01,0,71169.17,3843135.33,4.596,0.0,99.3,Normal,ALLOW,ddos
1787352866.8206806,2,1,00:00:00:00:00:03,0,75766.44,4091388.0,4.466,0.0,0.0,Normal,ALLOW,ddos
1787352866.8264775,2,3,00:00:00:00:00:01,0,69198.1,3736697.33,4.287,0.0,0.0,Normal,ALLOW,ddos
1787352866.832353,2,2,00:00:00:00:00:04,0,69198.1,3736697.33,4.299,0.0,0.0,Normal,ALLOW,ddos
1787352867.7892246,1,2,00:00:00:00:00:02,0,74187.9,4006146.83,4.827,0.0,100.3,Normal,ALLOW,ddos
1787352867.7954626,1,1,00:00:00:00:00:01,0,74187.9,4006146.83,4.631,0.0,100.3,Normal,ALLOW,ddos
1787352867.8017213,1,3,00:00:00:00:00:04,0,69016.21,3726875.09,4.71,0.0,100.3,Normal,ALLOW,ddos
1787352867.8078234,1,1,00:00:00:00:00:01,0,69016.21,3726875.09,4.449,0.0,100.3,Normal,ALLOW,ddos
1787352867.8443787,2,1,00:00:00:00:00:03,0,69268.0,3740471.93,4.659,0.0,90.0,Normal,ALLOW,ddos
1787352867.8506505,2,3,00:00:00:00:00:01,0,64761.1,3497099.52,4.574,0.0,90.0,Normal,ALLOW,ddos
1787352867.8568006,2,2,00:00:00:00:00:04,0,64761.1,3497099.52,4.547,0.0,90.0,Normal,ALLOW,ddos
1787352868.8044388,1,2,00:00:00:00:00:02,0,77760.94,4199090.83,4.861,0.0,100.1,Normal,ALLOW,ddos
1787352868.8106134,1,1,00:00:00:00:00:01,0,77760.94,4199090.83,4.565,0.0,100.1,Normal,ALLOW,ddos
1787352868.8166816,1,3,00:00:00:00:00:04,0,75365.55,4069739.87,4.492,0.0,100.1,Normal,ALLOW,ddos
1787352868.8230166,1,1,00:00:00:00:00:01,0,75365.55,4069739.87,4.649,0.0,100.1,Normal,ALLOW,ddos
1787352868.8475654,2,1,00:00:00:00:00:03,0,73449.24,3966258.92,4.67,0.0,671.6,Normal,ALLOW,ddos
1787352868.8537557,2,3,00:00:00:00:00:01,0,69670.81,3762223.63,4.649,0.0,671.6,Normal,ALLOW,ddos
1787352868.8597457,2,2,00:00:00:00:00:04,0,69670.81,3762223.63,4.417,0.0,671.6,Normal,ALLOW,ddos
1787352869.8138483,1,2,00:00:00:00:00:02,0,78920.16,4261688.63,4.651,0.0,99.4,Normal,ALLOW,ddos
1787352869.819952,1,1,00:00:00:00:00:01,0,78920.16,4261688.63,4.567,0.0,99.4,Normal,ALLOW,ddos
1787352869.8260264,1,3,00:00:00:00:00:04,0,75476.93,4075753.97,4.504,0.0,99.4,Normal,ALLOW,ddos
1787352869.8319974,1,1,00:00:00:00:00:01,0,75476.93,4075753.97,4.473,0.0,99.4,Normal,ALLOW,ddos
1787352869.8471541,2,1,00:00:00:00:00:03,0,71982.0,3887028.0,4.513,0.0,89.4,Normal,ALLOW,ddos
1787352869.8532176,2,3,00:00:00:00:00:01,0,68138.0,3679452.0,4.573,0.0,89.4,Normal,ALLOW,ddos
1787352869.8591874,2,2,00:00:00:00:00:04,0,68138.0,3679452.0,4.46,0.0,89.4,Normal,ALLOW,ddos
1787352870.8259583,2,1,00:00:00:00:00:03,0,71456.0,3858624.0,4.474,0.0,99.0,Normal,ALLOW,ddos
1787352870.8318055,2,3,00:00:00:00:00:01,0,69341.0,3744414.0,4.276,0.0,99.0,Normal,ALLOW,ddos
1787352870.8377538,2,2,00:00:00:00:00:04,0,69341.0,3744414.0,4.379,0.0,99.0,Normal,ALLOW,ddos
1787352871.012294,1,2,00:00:00:00:00:02,0,64877.02,3503358.96,4.639,0.0,102.0,Normal,ALLOW,ddos
1787352871.0184643,1,1,00:00:00:00:00:01,0,64877.02,3503358.96,4.635,0.0,102.0,Normal,ALLOW,ddos
1787352871.0250177,1,3,00:00:00:00:00:04,0,61916.27,3343478.36,5.015,0.0,102.0,Normal,ALLOW,ddos
1787352871.0309684,1,1,00:00:00:00:00:01,0,61916.27,3343478.36,4.441,0.0,102.0,Normal,ALLOW,ddos
1787352871.823709,2,1,00:00:00:00:00:03,0,74150.0,4004100.0,4.747,0.0,0.0,Normal,ALLOW,ddos
1787352871.829751,2,3,00:00:00:00:00:01,0,67960.0,3669840.0,4.481,0.0,0.0,Normal,ALLOW,ddos
1787352871.8356912,2,2,00:00:00:00:00:04,0,67960.0,3669840.0,4.417,0.0,0.0,Normal,ALLOW,ddos
1787352871.9836123,1,2,00:00:00:00:00:02,0,78551.0,4241754.0,4.626,0.0,100.3,Normal,ALLOW,ddos
1787352871.9896755,1,1,00:00:00:00:00:01,0,78551.0,4241754.0,4.528,0.0,100.3,Normal,ALLOW,ddos
1787352871.995613,1,3,00:00:00:00:00:04,0,73937.0,3992598.0,4.417,0.0,100.3,Normal,ALLOW,ddos
1787352872.0015645,1,1,00:00:00:00:00:01,0,73937.0,3992598.0,4.432,0.0,100.3,Normal,ALLOW,ddos
1787352872.8244255,2,1,00:00:00:00:00:03,0,71616.34,3867282.34,4.633,0.0,98.7,Normal,ALLOW,ddos
1787352872.830581,2,3,00:00:00:00:00:01,0,70362.7,3799585.87,4.46,0.0,98.7,Normal,ALLOW,ddos
1787352872.8367462,2,2,00:00:00:00:00:04,0,70362.7,3799585.87,4.488,0.0,98.7,Normal,ALLOW,ddos
1787352873.1123803,1,2,00:00:00:00:00:02,0,73956.88,3993671.68,4.331,0.0,99.7,Normal,ALLOW,ddos
1787352873.1184611,1,1,00:00:00:00:00:01,0,73955.96,3993621.75,4.478,0.0,99.7,Normal,ALLOW,ddos
1787352873.1244648,1,3,00:00:00:00:00:04,0,67908.47,3667057.45,4.344,0.0,99.7,Normal,ALLOW,ddos
1787352873.1305597,1,1,00:00:00:00:00:01,0,67908.47,3667057.45,4.458,0.0,99.7,Normal,ALLOW,ddos
1787352873.8325627,2,1,00:00:00:00:00:03,0,71938.23,3884664.67,4.419,0.0,101.6,Normal,ALLOW,ddos
1787352873.838871,2,3,00:00:00:00:00:01,0,67473.47,3643567.13,4.649,0.0,101.6,Normal,ALLOW,ddos
1787352873.8449292,2,2,00:00:00:00:00:04,0,67473.47,3643567.13,4.395,0.0,101.6,Normal,ALLOW,ddos
1787352874.1767123,1,2,00:00:00:00:00:02,0,69627.0,3759857.84,4.576,0.0,98.7,Normal,ALLOW,ddos
1787352874.1828907,1,1,00:00:00:00:00:01,0,69627.9,3759906.42,4.529,0.0,98.7,Normal,ALLOW,ddos
1787352874.188962,1,3,00:00:00:00:00:04,0,67709.13,3656293.07,4.428,0.0,98.7,Normal,ALLOW,ddos
1787352874.1950202,1,1,00:00:00:00:00:01,0,67709.13,3656293.07,4.378,0.0,98.7,Normal,ALLOW,ddos
1787352874.8302097,2,1,00:00:00:00:00:03,0,73631.0,3976074.0,4.634,0.0,99.5,Normal,ALLOW,ddos
1787352874.836403,2,3,00:00:00:00:00:01,0,70714.0,3818556.0,4.501,0.0,99.5,Normal,ALLOW,ddos
1787352874.8425324,2,2,00:00:00:00:00:04,0,70714.0,3818556.0,4.442,0.0,99.5,Normal,ALLOW,ddos
1787352875.1113367,1,2,00:00:00:00:00:02,0,80285.0,4335390.0,4.623,0.0,99.7,Normal,ALLOW,ddos
1787352875.1175933,1,1,00:00:00:00:00:01,0,80285.0,4335390.0,4.567,0.0,99.7,Normal,ALLOW,ddos
1787352875.123897,1,3,00:00:00:00:00:04,0,75773.0,4091742.0,4.583,0.0,99.7,Normal,ALLOW,ddos
1787352875.1300507,1,1,00:00:00:00:00:01,0,75773.0,4091742.0,4.445,0.0,99.7,Normal,ALLOW,ddos
1787352875.8302302,2,1,00:00:00:00:00:03,0,73544.62,3971409.31,4.486,0.0,101.5,Normal,ALLOW,ddos
1787352875.8363006,2,3,00:00:00:00:00:01,0,70720.82,3818924.48,4.39,0.0,101.5,Normal,ALLOW,ddos
1787352875.842401,2,2,00:00:00:00:00:04,0,70720.82,3818924.48,4.4,0.0,101.5,Normal,ALLOW,ddos
1787352876.1736076,1,2,00:00:00:00:00:02,0,76421.14,4126741.74,4.882,0.0,95.9,Normal,ALLOW,ddos
1787352876.1797185,1,1,00:00:00:00:00:01,0,76420.2,4126690.91,4.437,0.0,95.9,Normal,ALLOW,ddos
1787352876.185817,1,3,00:00:00:00:00:04,0,72403.54,3909790.94,4.413,0.0,95.9,Normal,ALLOW,ddos
1787352876.191888,1,1,00:00:00:00:00:01,0,72403.54,3909790.94,4.406,0.0,95.9,Normal,ALLOW,ddos
1787352876.8342783,2,1,00:00:00:00:00:03,0,71765.04,3875312.21,4.551,0.0,0.0,Normal,ALLOW,ddos
1787352876.8406134,2,3,00:00:00:00:00:01,0,70827.34,3824676.31,4.633,0.0,0.0,Normal,ALLOW,ddos
1787352876.8467429,2,2,00:00:00:00:00:04,0,70827.34,3824676.31,4.426,0.0,0.0,Normal,ALLOW,ddos
1787352877.188286,1,2,00:00:00:00:00:02,0,78284.15,4227343.97,4.902,0.0,101.9,Normal,ALLOW,ddos
1787352877.1945553,1,1,00:00:00:00:00:01,0,78285.13,4227397.19,4.515,0.0,101.9,Normal,ALLOW,ddos
1787352877.2007735,1,3,00:00:00:00:00:04,0,73194.71,3952514.19,4.467,0.0,101.9,Normal,ALLOW,ddos
1787352877.2069657,1,1,00:00:00:00:00:01,0,73194.71,3952514.19,4.471,0.0,101.9,Normal,ALLOW,ddos
1787352877.8354614,2,1,00:00:00:00:00:03,0,71119.97,3840478.2,4.606,0.0,678.4,Normal,ALLOW,ddos
1787352877.8418486,2,3,00:00:00:00:00:01,0,67610.87,3650986.77,4.564,0.0,678.4,Normal,ALLOW,ddos
1787352877.8479705,2,2,00:00:00:00:00:04,0,67611.87,3651040.71,4.38,0.0,678.4,Normal,ALLOW,ddos
1787352878.3265352,1,2,00:00:00:00:00:02,0,70744.05,3820178.5,4.749,0.0,100.0,Normal,ALLOW,ddos
1787352878.3328464,1,1,00:00:00:00:00:01,0,70744.05,3820178.5,4.561,0.0,100.0,Normal,ALLOW,ddos
1787352878.339011,1,3,00:00:00:00:00:04,0,66092.39,3568988.95,4.486,0.0,100.0,Normal,ALLOW,ddos
1787352878.3451698,1,1,00:00:00:00:00:01,0,66092.39,3568988.95,4.484,0.0,100.0,Normal,ALLOW,ddos
1787352878.8362207,2,1,00:00:00:00:00:03,0,69820.75,3770320.49,4.665,0.0,0.0,Normal,ALLOW,ddos
1787352878.8424954,2,3,00:00:00:00:00:01,0,67884.89,3665784.25,4.528,0.0,0.0,Normal,ALLOW,ddos
1787352878.8485456,2,2,00:00:00:00:00:04,0,67883.89,3665730.28,4.415,0.0,0.0,Normal,ALLOW,ddos
1787352879.3033397,1,2,00:00:00:00:00:02,0,83315.0,4499010.0,4.79,0.0,98.6,Normal,ALLOW,ddos
1787352879.3100436,1,1,00:00:00:00:00:01,0,83315.0,4499010.0,4.678,0.0,98.6,Normal,ALLOW,ddos
1787352879.316228,1,3,00:00:00:00:00:04,0,75702.0,4087908.0,4.484,0.0,98.6,Normal,ALLOW,ddos
1787352879.3224678,1,1,00:00:00:00:00:01,0,75702.0,4087908.0,4.554,0.0,98.6,Normal,ALLOW,ddos
1787352879.841614,2,1,00:00:00:00:00:03,0,72330.0,3905819.79,4.544,0.0,100.2,Normal,ALLOW,ddos
1787352879.8479602,2,3,00:00:00:00:00:01,0,67617.84,3651363.39,4.372,0.0,100.2,Normal,ALLOW,ddos
1787352879.8541322,2,2,00:00:00:00:00:04,0,67617.84,3651363.39,4.536,0.0,100.2,Normal,ALLOW,ddos
1787352880.377674,1,2,00:00:00:00:00:02,0,75294.77,4065917.83,4.616,0.0,100.8,Normal,ALLOW,ddos
1787352880.3844929,1,1,00:00:00:00:00:01,0,75294.77,4065917.83,5.169,0.0,100.8,Normal,ALLOW,ddos
1787352880.3909717,1,3,00:00:00:00:00:04,0,71386.55,3854873.6,4.54,0.0,100.8,Normal,ALLOW,ddos
1787352880.3972166,1,1,00:00:00:00:00:01,0,71386.55,3854873.6,4.553,0.0,100.8,Normal,ALLOW,ddos
1787352880.8388414,2,1,00:00:00:00:00:03,0,72385.0,3908790.0,4.595,0.0,0.0,Normal,ALLOW,ddos
1787352880.8448615,2,3,00:00:00:00:00:01,0,69841.0,3771414.0,4.404,0.0,0.0,Normal,ALLOW,ddos
1787352880.8508744,2,2,00:00:00:00:00:04,0,69842.0,3771468.0,4.425,0.0,0.0,Normal,ALLOW,ddos
1787352881.2681813,1,2,00:00:00:00:00:02,0,80485.0,4346190.0,4.711,0.0,100.4,Normal,ALLOW,ddos
1787352881.2745101,1,1,00:00:00:00:00:01,0,80485.0,4346190.0,4.644,0.0,100.4,Normal,ALLOW,ddos
1787352881.2806878,1,3,00:00:00:00:00:04,0,76510.0,4131540.0,4.576,0.0,100.4,Normal,ALLOW,ddos
1787352881.2867248,1,1,00:00:00:00:00:01,0,76510.0,4131540.0,4.469,0.0,100.4,Normal,ALLOW,ddos
1787352881.8444552,2,1,00:00:00:00:00:03,0,71951.5,3885381.05,4.36,0.0,0.0,Normal,ALLOW,ddos
1787352881.850331,2,3,00:00:00:00:00:01,0,71256.65,3847859.03,4.365,0.0,0.0,Normal,ALLOW,ddos
1787352881.856289,2,2,00:00:00:00:00:04,0,71255.65,3847805.35,4.42,0.0,0.0,Normal,ALLOW,ddos
1787352882.2889247,1,2,00:00:00:00:00:02,0,77856.62,4204257.31,4.611,0.0,101.5,Normal,ALLOW,ddos
1787352882.2949297,1,1,00:00:00:00:00:01,0,77856.62,4204257.31,4.43,0.0,101.5,Normal,ALLOW,ddos
1787352882.3008027,1,3,00:00:00:00:00:04,0,72401.98,3909707.01,4.35,0.0,101.5,Normal,ALLOW,ddos
1787352882.3071847,1,1,00:00:00:00:00:01,0,72401.98,3909707.01,4.722,0.0,101.5,Normal,ALLOW,ddos
1787352882.8428059,2,1,00:00:00:00:00:03,0,72163.0,3896802.0,4.608,0.0,0.0,Normal,ALLOW,ddos
1787352882.848904,2,3,00:00:00:00:00:01,0,70601.0,3812454.0,4.559,0.0,0.0,Normal,ALLOW,ddos
1787352882.8550522,2,2,00:00:00:00:00:04,0,70602.0,3812508.0,4.589,0.0,0.0,Normal,ALLOW,ddos
1787352883.4484777,1,2,00:00:00:00:00:02,0,71234.63,3846669.85,4.663,0.0,99.2,Normal,ALLOW,ddos
1787352883.4549053,1,1,00:00:00:00:00:01,0,71233.76,3846623.27,4.485,0.0,99.2,Normal,ALLOW,ddos
1787352883.4609444,1,3,00:00:00:00:00:04,0,65083.73,3514521.59,4.497,0.0,99.2,Normal,ALLOW,ddos
1787352883.4669492,1,1,00:00:00:00:00:01,0,65083.73,3514521.59,4.444,0.0,99.2,Normal,ALLOW,ddos
1787352883.844071,2,1,00:00:00:00:00:03,0,72033.12,3889788.29,4.805,0.0,98.6,Normal,ALLOW,ddos
1787352883.8508985,2,3,00:00:00:00:00:01,0,70098.27,3785306.49,5.239,0.0,98.6,Normal,ALLOW,ddos
1787352883.8586016,2,2,00:00:00:00:00:04,0,70097.27,3785252.52,5.847,0.0,98.6,Normal,ALLOW,ddos
1787352884.4887025,1,2,00:00:00:00:00:02,0,76700.06,4141803.11,4.534,0.0,99.6,Normal,ALLOW,ddos
1787352884.4948728,1,1,00:00:00:00:00:01,0,76700.06,4141803.11,4.528,0.0,99.6,Normal,ALLOW,ddos
1787352884.500812,1,3,00:00:00:00:00:04,0,71445.26,3858044.04,4.329,0.0,99.6,Normal,ALLOW,ddos
1787352884.5096233,1,1,00:00:00:00:00:01,0,71445.26,3858044.04,6.801,0.0,99.6,Normal,ALLOW,ddos
1787352884.8428,2,1,00:00:00:00:00:03,0,70550.0,3809700.0,4.719,0.0,101.7,Normal,ALLOW,ddos
1787352884.8489268,2,3,00:00:00:00:00:01,0,71406.0,3855924.0,4.51,0.0,101.7,Normal,ALLOW,ddos
1787352884.8550804,2,2,00:00:00:00:00:04,0,71406.0,3855924.0,4.482,0.0,101.7,Normal,ALLOW,ddos
1787352885.4654756,1,2,00:00:00:00:00:02,0,79926.0,4316004.0,4.924,0.0,99.6,Normal,ALLOW,ddos
1787352885.472038,1,1,00:00:00:00:00:01,0,79927.0,4316058.0,4.774,0.0,99.6,Normal,ALLOW,ddos
1787352885.478251,1,3,00:00:00:00:00:04,0,74411.0,4018194.0,4.544,0.0,99.6,Normal,ALLOW,ddos
1787352885.4843094,1,1,00:00:00:00:00:01,0,74411.0,4018194.0,4.49,0.0,99.6,Normal,ALLOW,ddos
1787352885.857169,2,1,00:00:00:00:00:03,0,68670.35,3708198.66,6.459,0.0,100.1,Normal,ALLOW,ddos
1787352885.8638685,2,3,00:00:00:00:00:01,0,70386.71,3800882.29,4.909,0.0,100.1,Normal,ALLOW,ddos
1787352885.8702383,2,2,00:00:00:00:00:04,0,70386.71,3800882.29,4.661,0.0,100.1,Normal,ALLOW,ddos
1787352886.6009727,1,2,00:00:00:00:00:02,0,70208.68,3791268.77,4.685,0.0,99.6,Normal,ALLOW,ddos
1787352886.6071355,1,1,00:00:00:00:00:01,0,70208.68,3791268.77,4.545,0.0,99.6,Normal,ALLOW,ddos
1787352886.6132147,1,3,00:00:00:00:00:04,0,65595.48,3542155.96,4.522,0.0,99.6,Normal,ALLOW,ddos
1787352886.6191428,1,1,00:00:00:00:00:01,0,65595.48,3542155.96,4.392,0.0,99.6,Normal,ALLOW,ddos
1787352886.8468406,2,1,00:00:00:00:00:03,0,73169.0,3951126.0,4.383,0.0,0.0,Normal,ALLOW,ddos
1787352886.8527904,2,3,00:00:00:00:00:01,0,71754.0,3874716.0,4.421,0.0,0.0,Normal,ALLOW,ddos
1787352886.8586147,2,2,00:00:00:00:00:04,0,71754.0,3874716.0,4.266,0.0,0.0,Normal,ALLOW,ddos
1787352887.61835,1,2,00:00:00:00:00:02,0,78509.93,4239536.27,4.807,0.0,99.9,Normal,ALLOW,ddos
1787352887.624655,1,1,00:00:00:00:00:01,0,78508.95,4239483.19,4.728,0.0,99.9,Normal,ALLOW,ddos
1787352887.6312947,1,3,00:00:00:00:00:04,0,72372.41,3908110.18,5.033,0.0,99.9,Normal,ALLOW,ddos
1787352887.6373246,1,1,00:00:00:00:00:01,0,72373.39,3908163.26,4.505,0.0,99.9,Normal,ALLOW,ddos
1787352887.846786,2,1,00:00:00:00:00:03,0,64402.0,3477708.0,4.809,0.0,100.7,Normal,ALLOW,ddos
1787352887.8529744,2,3,00:00:00:00:00:01,0,69352.0,3745008.0,4.621,0.0,100.7,Normal,ALLOW,ddos
1787352887.8590891,2,2,00:00:00:00:00:04,0,69352.0,3745008.0,4.519,0.0,100.7,Normal,ALLOW,ddos
1787352888.6970124,1,2,00:00:00:00:00:02,0,73929.42,3992188.54,4.649,0.0,100.0,Normal,ALLOW,ddos
1787352888.7033482,1,1,00:00:00:00:00:01,0,73930.34,3992238.6,4.604,0.0,100.0,Normal,ALLOW,ddos
1787352888.7094753,1,3,00:00:00:00:00:04,0,67869.69,3664963.25,4.431,0.0,100.0,Normal,ALLOW,ddos
1787352888.715594,1,1,00:00:00:00:00:01,0,67868.76,3664913.19,4.49,0.0,100.0,Normal,ALLOW,ddos
1787352888.8488526,2,1,00:00:00:00:00:03,0,71599.55,3866375.52,5.143,0.0,99.1,Normal,ALLOW,ddos
1787352888.8549776,2,3,00:00:00:00:00:01,0,66078.68,3568248.74,4.583,0.0,99.1,Normal,ALLOW,ddos
1787352888.8610063,2,2,00:00:00:00:00:04,0,66079.68,3568302.65,4.482,0.0,99.1,Normal,ALLOW,ddos
1787352889.7003765,1,2,00:00:00:00:00:02,0,82321.07,4445337.65,5.057,0.0,98.7,Normal,ALLOW,ddos
1787352889.7064452,1,1,00:00:00:00:00:01,0,82321.07,4445337.65,4.52,0.0,98.7,Normal,ALLOW,ddos
1787352889.7125187,1,3,00:00:00:00:00:04,0,74192.14,4006375.69,4.547,0.0,98.7,Normal,ALLOW,ddos
1787352889.7186291,1,1,00:00:00:00:00:01,0,74192.14,4006375.69,4.596,0.0,98.7,Normal,ALLOW,ddos
1787352889.8495839,2,1,00:00:00:00:00:03,0,73115.98,3948262.98,4.543,0.0,0.0,Normal,ALLOW,ddos
1787352889.8555884,2,3,00:00:00:00:00:01,0,64212.3,3467464.27,4.495,0.0,0.0,Normal,ALLOW,ddos
1787352889.861493,2,2,00:00:00:00:00:04,0,64212.3,3467464.27,4.423,0.0,0.0,Normal,ALLOW,ddos
1787352890.683326,1,2,00:00:00:00:00:02,0,81113.0,4380102.0,4.576,0.0,100.8,Normal,ALLOW,ddos
1787352890.6893473,1,1,00:00:00:00:00:01,0,81113.0,4380102.0,4.49,0.0,100.8,Normal,ALLOW,ddos
1787352890.695349,1,3,00:00:00:00:00:04,0,72169.0,3897126.0,4.483,0.0,100.8,Normal,ALLOW,ddos
1787352890.7013514,1,1,00:00:00:00:00:01,0,72169.0,3897126.0,4.492,0.0,100.8,Normal,ALLOW,ddos
1787352890.8512256,2,1,00:00:00:00:00:03,0,73094.1,3947081.52,4.558,0.0,0.0,Normal,ALLOW,ddos
1787352890.8574052,2,3,00:00:00:00:00:01,0,66849.35,3609864.67,4.572,0.0,0.0,Normal,ALLOW,ddos
1787352890.863538,2,2,00:00:00:00:00:04,0,66848.35,3609810.76,4.524,0.0,0.0,Normal,ALLOW,ddos
1787352891.8153648,1,1,00:00:00:00:00:01,0,61760.07,3335044.03,4.616,0.0,100.7,Normal,ALLOW,ddos
1787352891.8214028,1,3,00:00:00:00:00:04,0,63943.07,3452926.02,4.521,0.0,100.7,Normal,ALLOW,ddos
1787352891.827438,1,1,00:00:00:00:00:01,0,63943.07,3452926.02,4.525,0.0,100.7,Normal,ALLOW,ddos
1787352891.8725495,2,1,00:00:00:00:00:03,0,72951.65,3939389.31,4.595,0.0,0.0,Normal,ALLOW,ddos
1787352891.8785257,2,3,00:00:00:00:00:01,0,65500.03,3537001.88,4.447,0.0,0.0,Normal,ALLOW,ddos
1787352891.8844097,2,2,00:00:00:00:00:04,0,65500.03,3537001.88,4.407,0.0,0.0,Normal,ALLOW,ddos
1787352892.8073957,1,3,00:00:00:00:00:04,0,69113.0,3732102.0,4.639,0.0,99.5,Normal,ALLOW,ddos
1787352892.8137188,1,1,00:00:00:00:00:01,0,69113.0,3732102.0,4.684,0.0,99.5,Normal,ALLOW,ddos
1787352892.8679404,2,1,00:00:00:00:00:03,0,74821.0,4040334.0,4.549,0.0,115.4,Normal,ALLOW,ddos
1787352892.8738668,2,3,00:00:00:00:00:01,0,69676.0,3762504.0,4.35,0.0,115.4,Normal,ALLOW,ddos
1787352892.8796906,2,2,00:00:00:00:00:04,0,69676.0,3762504.0,4.29,0.0,115.4,Normal,ALLOW,ddos
1787352893.7390065,1,3,00:00:00:00:00:04,0,68964.0,3724056.0,4.491,0.0,98.6,Normal,ALLOW,ddos
1787352893.744838,1,1,00:00:00:00:00:01,0,68964.0,3724056.0,4.347,0.0,98.6,Normal,ALLOW,ddos
1787352893.875668,2,1,00:00:00:00:00:03,0,70050.05,3782702.9,4.669,0.0,738.3,Normal,ALLOW,ddos
1787352893.8818347,2,3,00:00:00:00:00:01,0,68141.58,3679645.4,4.617,0.0,738.3,Normal,ALLOW,ddos
1787352893.8878238,2,2,00:00:00:00:00:04,0,68141.58,3679645.4,4.458,0.0,738.3,Normal,ALLOW,ddos
1787352895.1174722,1,3,00:00:00:00:00:04,0,50321.92,2717383.51,4.529,0.0,105.5,Normal,ALLOW,ddos
1787352895.1241949,1,1,00:00:00:00:00:01,0,50321.92,2717383.51,4.411,0.0,105.5,Normal,ALLOW,ddos
1787352896.722295,2,3,00:00:00:00:00:01,0,23156.56,1250454.06,4.589,0.0,100.0,Normal,ALLOW,ddos
1787352896.7284665,2,2,00:00:00:00:00:04,0,23156.91,1250473.03,4.552,0.0,100.0,Normal,ALLOW,ddos
1787352896.7377653,2,3,00:00:00:00:00:01,0,69351.0,3744954.0,4.888,0.0,64.4,Normal,ALLOW,ddos
1787352896.7438533,2,2,00:00:00:00:00:04,0,69350.0,3744900.0,4.546,0.0,64.4,Normal,ALLOW,ddos
1787352896.7503169,2,1,00:00:00:00:00:03,0,72485.0,3914190.0,4.408,0.0,64.4,Normal,ALLOW,ddos
1787352896.8817337,2,3,00:00:00:00:00:01,0,69138.0,3733452.0,4.916,0.0,97.5,Normal,ALLOW,ddos
1787352896.8880734,2,2,00:00:00:00:00:04,0,69138.0,3733452.0,4.657,0.0,97.5,Normal,ALLOW,ddos
1787352896.8941214,2,1,00:00:00:00:00:03,0,71916.0,3883464.0,4.426,0.0,97.5,Normal,ALLOW,ddos
1787352897.0006082,1,3,00:00:00:00:00:04,0,36830.75,1988860.24,4.668,0.0,111.4,Normal,ALLOW,ddos
1787352897.0069008,1,1,00:00:00:00:00:01,0,36830.75,1988860.24,4.634,0.0,111.4,Normal,ALLOW,ddos
1787352897.8837223,2,3,00:00:00:00:00:01,0,67794.76,3660917.14,4.943,0.0,99.7,Normal,ALLOW,ddos
1787352897.8900774,2,2,00:00:00:00:00:04,0,67794.76,3660917.14,4.598,0.0,99.7,Normal,ALLOW,ddos
1787352897.89637,2,1,00:00:00:00:00:03,0,71029.36,3835585.29,4.527,0.0,99.7,Normal,ALLOW,ddos
1787352897.9641254,1,3,00:00:00:00:00:04,0,66600.0,3596400.0,4.588,0.0,99.8,Normal,ALLOW,ddos
1787352897.9703143,1,1,00:00:00:00:00:01,0,66601.0,3596454.0,4.405,0.0,99.8,Normal,ALLOW,ddos
1787352898.8892806,2,3,00:00:00:00:00:01,0,66791.56,3606744.1,4.57,0.0,99.5,Normal,ALLOW,ddos
1787352898.8954887,2,2,00:00:00:00:00:04,0,66792.55,3606797.79,4.561,0.0,99.5,Normal,ALLOW,ddos
1787352898.901543,2,1,00:00:00:00:00:03,0,71603.57,3866592.88,4.451,0.0,99.5,Normal,ALLOW,ddos
1787352899.0109134,1,3,00:00:00:00:00:04,0,66613.05,3597104.9,4.497,0.0,108.5,Normal,ALLOW,ddos
1787352899.0170705,1,1,00:00:00:00:00:01,0,66612.1,3597053.3,4.496,0.0,108.5,Normal,ALLOW,ddos
1787352899.8732352,1,3,00:00:00:00:00:04,0,68971.0,3724434.0,4.529,0.0,99.7,Normal,ALLOW,ddos
1787352899.8793197,1,1,00:00:00:00:00:01,0,68971.0,3724434.0,4.452,0.0,99.7,Normal,ALLOW,ddos
1787352899.9014332,2,3,00:00:00:00:00:01,0,67218.41,3629794.17,4.756,0.0,0.0,Normal,ALLOW,ddos
1787352899.9075375,2,2,00:00:00:00:00:04,0,67217.42,3629740.84,4.495,0.0,0.0,Normal,ALLOW,ddos
1787352899.9137142,2,1,00:00:00:00:00:03,0,70702.22,3817920.01,4.453,0.0,0.0,Normal,ALLOW,ddos
1787352900.6927211,1,3,00:00:00:00:00:04,0,68539.0,3701106.0,4.442,0.0,98.6,Normal,ALLOW,ddos
1787352900.6987784,1,1,00:00:00:00:00:01,0,68539.0,3701106.0,4.459,0.0,98.6,Normal,ALLOW,ddos
1787352901.4720461,2,3,00:00:00:00:00:01,0,44804.29,2419431.47,4.171,0.0,101.0,Normal,ALLOW,ddos
1787352901.478441,2,2,00:00:00:00:00:04,0,44804.92,2419465.85,4.731,0.0,101.0,Normal,ALLOW,ddos
1787352901.4841397,2,1,00:00:00:00:00:03,0,46122.19,2490598.3,4.073,0.0,101.0,Normal,ALLOW,ddos
1787352901.8890116,2,3,00:00:00:00:00:01,0,71415.0,3856410.0,4.543,0.0,100.9,Normal,ALLOW,ddos
1787352901.8950965,2,2,00:00:00:00:00:04,0,71414.0,3856356.0,4.579,0.0,100.9,Normal,ALLOW,ddos
1787352901.9010243,2,1,00:00:00:00:00:03,0,72071.0,3891834.0,4.457,0.0,100.9,Normal,ALLOW,ddos
1787352901.9072866,2,3,00:00:00:00:00:01,0,73107.0,3947778.0,4.395,0.0,100.9,Normal,ALLOW,ddos
1787352902.0650911,1,3,00:00:00:00:00:04,0,50820.8,2744323.09,4.544,0.0,93.2,Normal,ALLOW,ddos
1787352902.0712872,1,1,00:00:00:00:00:01,0,50820.8,2744323.09,4.697,0.0,93.2,Normal,ALLOW,ddos
1787352902.0771675,1,3,00:00:00:00:00:03,0,55693.53,3007450.4,4.383,0.0,93.2,Normal,ALLOW,ddos
1787352902.8902402,2,3,00:00:00:00:00:01,0,70118.77,3786413.6,4.505,0.0,99.4,Normal,ALLOW,ddos
1787352902.8961446,2,2,00:00:00:00:00:04,0,70118.77,3786413.6,4.38,0.0,99.4,Normal,ALLOW,ddos
1787352902.9022186,2,1,00:00:00:00:00:03,0,73529.04,3970568.24,4.513,0.0,99.4,Normal,ALLOW,ddos
1787352902.9082692,2,3,00:00:00:00:00:01,0,74991.01,4049514.77,4.528,0.0,99.4,Normal,ALLOW,ddos
1787352903.067901,1,3,00:00:00:00:00:04,0,69079.28,3730281.23,4.535,0.0,98.7,Normal,ALLOW,ddos
1787352903.0738,1,1,00:00:00:00:00:01,0,69080.28,3730335.09,4.357,0.0,98.7,Normal,ALLOW,ddos
1787352903.0797842,1,3,00:00:00:00:00:03,0,73217.1,3953723.28,4.484,0.0,98.7,Normal,ALLOW,ddos
1787352903.891494,2,3,00:00:00:00:00:01,0,71037.85,3836044.1,4.475,0.0,0.0,Normal,ALLOW,ddos
1787352903.8975112,2,2,00:00:00:00:00:04,0,71037.85,3836044.1,4.503,0.0,0.0,Normal,ALLOW,ddos
1787352903.9034414,2,1,00:00:00:00:00:03,0,72110.98,3893992.83,4.433,0.0,0.0,Normal,ALLOW,ddos
1787352903.909285,2,3,00:00:00:00:00:01,0,73500.55,3969029.69,4.368,0.0,0.0,Normal,ALLOW,ddos
1787352904.039367,1,3,00:00:00:00:00:04,0,68586.0,3703644.0,4.393,0.0,101.7,Normal,ALLOW,ddos
1787352904.045449,1,1,00:00:00:00:00:01,0,68585.0,3703590.0,4.011,0.0,101.7,Normal,ALLOW,ddos
1787352904.050816,1,3,00:00:00:00:00:03,0,66931.0,3614274.0,3.943,0.0,101.7,Normal,ALLOW,ddos
1787352904.8944178,2,3,00:00:00:00:00:01,0,71012.62,3834681.55,4.702,0.0,99.5,Normal,ALLOW,ddos
1787352904.9008067,2,2,00:00:00:00:00:04,0,71013.62,3834735.43,4.691,0.0,99.5,Normal,ALLOW,ddos
1787352904.9069412,2,1,00:00:00:00:00:03,0,72283.93,3903332.17,4.469,0.0,99.5,Normal,ALLOW,ddos
1787352904.9130957,2,3,00:00:00:00:00:01,0,73667.0,3978018.01,4.564,0.0,99.5,Normal,ALLOW,ddos
1787352904.947598,1,3,00:00:00:00:00:04,0,68037.0,3673998.0,4.478,0.0,74.2,Normal,ALLOW,ddos
1787352904.9538205,1,1,00:00:00:00:00:01,0,68037.0,3673998.0,4.57,0.0,74.2,Normal,ALLOW,ddos
1787352904.9598813,1,3,00:00:00:00:00:03,0,74234.0,4008636.0,4.378,0.0,74.2,Normal,ALLOW,ddos
1787352905.8950593,2,3,00:00:00:00:00:01,0,68881.0,3719574.08,4.504,0.0,100.3,Normal,ALLOW,ddos
1787352905.9012692,2,2,00:00:00:00:00:04,0,68880.0,3719520.13,4.494,0.0,100.3,Normal,ALLOW,ddos
1787352905.9072018,2,1,00:00:00:00:00:03,0,71551.52,3863782.09,4.328,0.0,100.3,Normal,ALLOW,ddos
1787352905.9131935,2,3,00:00:00:00:00:01,0,72980.19,3940930.41,4.362,0.0,100.3,Normal,ALLOW,ddos
1787352906.1152804,1,3,00:00:00:00:00:04,0,56613.51,3057129.43,4.493,0.0,97.6,Normal,ALLOW,ddos
1787352906.1212447,1,1,00:00:00:00:00:01,0,56614.36,3057175.68,4.372,0.0,97.6,Normal,ALLOW,ddos
1787352906.1272082,1,3,00:00:00:00:00:03,0,63035.4,3403911.47,4.419,0.0,97.6,Normal,ALLOW,ddos
1787352906.8977792,2,3,00:00:00:00:00:01,0,68199.87,3682793.01,4.505,0.0,0.0,Normal,ALLOW,ddos
1787352906.9036,2,2,00:00:00:00:00:04,0,68200.87,3682846.83,4.331,0.0,0.0,Normal,ALLOW,ddos
1787352906.9094543,2,1,00:00:00:00:00:03,0,71260.9,3848088.64,4.363,0.0,0.0,Normal,ALLOW,ddos
1787352906.9153702,2,3,00:00:00:00:00:01,0,72642.4,3922689.66,4.453,0.0,0.0,Normal,ALLOW,ddos
1787352907.0979772,1,3,00:00:00:00:00:04,0,63113.0,3408102.0,4.893,0.0,105.4,Normal,ALLOW,ddos
1787352907.1040268,1,1,00:00:00:00:00:01,0,63112.0,3408048.0,4.484,0.0,105.4,Normal,ALLOW,ddos
1787352907.1098883,1,3,00:00:00:00:00:03,0,71270.0,3848580.0,4.362,0.0,105.4,Normal,ALLOW,ddos
1787352907.8979676,2,3,00:00:00:00:00:01,0,69607.0,3758778.0,4.521,0.0,98.7,Normal,ALLOW,ddos
1787352907.9040446,2,2,00:00:00:00:00:04,0,69606.0,3758724.0,4.52,0.0,98.7,Normal,ALLOW,ddos
1787352907.9100263,2,1,00:00:00:00:00:03,0,72367.0,3907818.0,4.366,0.0,98.7,Normal,ALLOW,ddos
1787352907.915782,2,3,00:00:00:00:00:01,0,73820.0,3986280.0,4.295,0.0,98.7,Normal,ALLOW,ddos
1787352907.9800935,1,3,00:00:00:00:00:04,0,70651.0,3815154.0,4.999,0.0,124.8,Normal,ALLOW,ddos
1787352907.986058,1,1,00:00:00:00:00:01,0,70651.0,3815154.0,4.398,0.0,124.8,Normal,ALLOW,ddos
1787352907.9920185,1,3,00:00:00:00:00:03,0,76041.0,4106214.0,4.402,0.0,124.8,Normal,ALLOW,ddos
1787352908.8990552,2,3,00:00:00:00:00:01,0,68582.83,3703472.63,4.345,0.0,99.0,Normal,ALLOW,ddos
1787352908.904899,2,2,00:00:00:00:00:04,0,68582.83,3703472.63,4.354,0.0,99.0,Normal,ALLOW,ddos
1787352908.9106338,2,1,00:00:00:00:00:03,0,72296.54,3904013.12,4.223,0.0,99.0,Normal,ALLOW,ddos
1787352908.9163454,2,3,00:00:00:00:00:01,0,73748.86,3982438.58,4.253,0.0,99.0,Normal,ALLOW,ddos
1787352908.9750543,1,3,00:00:00:00:00:04,0,68884.0,3719736.0,4.524,0.0,97.7,Normal,ALLOW,ddos
1787352908.9810753,1,1,00:00:00:00:00:01,0,68884.0,3719736.0,4.418,0.0,97.7,Normal,ALLOW,ddos
1787352908.986892,1,3,00:00:00:00:00:03,0,75139.0,4057506.0,4.282,0.0,97.7,Normal,ALLOW,ddos
1787352909.8997507,2,3,00:00:00:00:00:01,0,72196.49,3898610.71,4.446,0.0,100.6,Normal,ALLOW,ddos
1787352909.90558,2,2,00:00:00:00:00:04,0,72196.49,3898610.71,4.363,0.0,100.6,Normal,ALLOW,ddos
1787352909.9113383,2,1,00:00:00:00:00:03,0,73200.67,3952836.02,4.312,0.0,100.6,Normal,ALLOW,ddos
1787352909.917154,2,3,00:00:00:00:00:01,0,74615.5,4029237.05,4.345,0.0,100.6,Normal,ALLOW,ddos
1787352910.029975,1,3,00:00:00:00:00:04,0,65277.6,3524990.16,4.456,0.0,104.4,Normal,ALLOW,ddos
1787352910.0357263,1,1,00:00:00:00:00:01,0,65278.54,3525041.34,4.289,0.0,104.4,Normal,ALLOW,ddos
1787352910.0415246,1,3,00:00:00:00:00:03,0,68756.36,3712843.58,4.351,0.0,104.4,Normal,ALLOW,ddos
1787352910.8785727,1,3,00:00:00:00:00:04,0,69684.0,3762936.0,4.388,0.0,99.0,Normal,ALLOW,ddos
1787352910.8844657,1,1,00:00:00:00:00:01,0,69684.0,3762936.0,4.431,0.0,99.0,Normal,ALLOW,ddos
1787352910.8907313,1,3,00:00:00:00:00:03,0,74943.0,4046922.0,4.211,0.0,99.0,Normal,ALLOW,ddos
1787352910.9224668,2,3,00:00:00:00:00:01,0,69286.16,3741452.69,4.448,0.0,0.0,Normal,ALLOW,ddos
1787352910.9283724,2,2,00:00:00:00:00:04,0,69287.14,3741505.47,4.409,0.0,0.0,Normal,ALLOW,ddos
1787352910.934295,2,1,00:00:00:00:00:03,0,72272.94,3902738.58,4.369,0.0,0.0,Normal,ALLOW,ddos
1787352910.9401236,2,3,00:00:00:00:00:01,0,73644.16,3976784.43,4.286,0.0,0.0,Normal,ALLOW,ddos
1787352911.8673067,1,3,00:00:00:00:00:04,0,69658.0,3761532.0,4.499,0.0,99.5,Normal,ALLOW,ddos
1787352911.873315,1,1,00:00:00:00:00:01,0,69658.0,3761532.0,4.396,0.0,99.5,Normal,ALLOW,ddos
1787352911.8791282,1,3,00:00:00:00:00:03,0,76270.0,4118580.0,4.279,0.0,99.5,Normal,ALLOW,ddos
1787352911.9214408,2,3,00:00:00:00:00:01,0,19130.0,1033020.0,4.64,0.0,92.5,Normal,ALLOW,ddos
1787352911.9274511,2,2,00:00:00:00:00:04,0,107457.0,5802678.0,4.455,0.0,92.5,Normal,ALLOW,ddos
1787352911.9332635,2,1,00:00:00:00:00:03,0,74669.0,4032126.0,4.267,0.0,92.5,Normal,ALLOW,ddos
1787352911.9391747,2,3,00:00:00:00:00:01,0,76093.0,4109022.0,4.378,0.0,92.5,Normal,ALLOW,ddos
1787352912.7640288,1,3,00:00:00:00:00:04,0,66257.0,3577878.0,4.5,0.0,100.3,Normal,ALLOW,ddos
1787352912.7700117,1,1,00:00:00:00:00:01,0,66257.0,3577878.0,4.381,0.0,100.3,Normal,ALLOW,ddos
1787352912.7758622,1,3,00:00:00:00:00:03,0,70869.0,3826926.0,4.282,0.0,100.3,Normal,ALLOW,ddos
1787352912.928279,2,2,00:00:00:00:00:04,0,126276.16,6818912.82,4.913,0.0,0.0,Normal,ALLOW,ddos
1787352912.9343495,2,1,00:00:00:00:00:03,0,70560.34,3810258.23,4.443,0.0,0.0,Normal,ALLOW,ddos
1787352912.940341,2,3,00:00:00:00:00:01,0,71952.54,3885437.06,4.408,0.0,0.0,Normal,ALLOW,ddos
1787352913.8534544,1,3,00:00:00:00:00:04,0,64201.92,3466903.55,4.731,0.0,100.6,Normal,ALLOW,ddos
1787352913.8596988,1,1,00:00:00:00:00:01,0,64201.92,3466903.55,4.632,0.0,100.6,Normal,ALLOW,ddos
1787352913.8664408,1,3,00:00:00:00:00:03,0,67682.84,3654873.28,5.04,0.0,100.6,Normal,ALLOW,ddos
1787352913.9386907,2,2,00:00:00:00:00:04,0,120279.59,6495097.62,5.96,0.0,0.0,Normal,ALLOW,ddos
1787352913.94483,2,1,00:00:00:00:00:03,0,67695.08,3655534.21,4.524,0.0,0.0,Normal,ALLOW,ddos
1787352913.9508543,2,3,00:00:00:00:00:01,0,68986.36,3725263.4,4.375,0.0,0.0,Normal,ALLOW,ddos
1787352914.8847823,1,3,00:00:00:00:00:04,0,66085.06,3568593.24,5.014,0.0,100.3,Normal,ALLOW,ddos
1787352914.8910596,1,1,00:00:00:00:00:01,0,66084.09,3568540.87,4.57,0.0,100.3,Normal,ALLOW,ddos
1787352914.897113,1,3,00:00:00:00:00:03,0,69813.19,3769912.2,4.475,0.0,100.3,Normal,ALLOW,ddos
1787352914.9406612,2,2,00:00:00:00:00:04,0,125050.46,6752724.98,4.672,0.0,89.0,Normal,ALLOW,ddos
1787352914.9467337,2,1,00:00:00:00:00:03,0,69889.37,3774026.25,4.54,0.0,89.0,Normal,ALLOW,ddos
1787352914.9528768,2,3,00:00:00:00:00:01,0,71301.13,3850261.05,4.597,0.0,89.0,Normal,ALLOW,ddos
1787352915.9049578,1,3,00:00:00:00:00:04,0,67955.2,3669580.87,4.793,0.0,100.6,Normal,ALLOW,ddos
1787352915.9113874,1,1,00:00:00:00:00:01,0,67956.18,3669633.79,4.596,0.0,100.6,Normal,ALLOW,ddos
1787352915.9174697,1,3,00:00:00:00:00:03,0,70028.94,3781562.88,4.485,0.0,100.6,Normal,ALLOW,ddos
1787352915.9615397,2,2,00:00:00:00:00:04,0,119194.95,6436527.53,4.535,0.0,0.0,Normal,ALLOW,ddos
1787352915.9676528,2,1,00:00:00:00:00:03,0,69220.55,3737909.83,4.567,0.0,0.0,Normal,ALLOW,ddos
1787352916.0068386,2,3,00:00:00:00:00:01,0,70544.09,3809380.99,7.458,0.0,0.0,Normal,ALLOW,ddos
1787352916.9156823,1,3,00:00:00:00:00:04,0,67225.24,3630162.96,4.608,0.0,97.5,Normal,ALLOW,ddos
1787352916.922369,1,1,00:00:00:00:00:01,0,67225.24,3630162.96,4.538,0.0,97.5,Normal,ALLOW,ddos
1787352916.9288359,1,3,00:00:00:00:00:03,0,73348.32,3960809.06,4.345,0.0,97.5,Normal,ALLOW,ddos
1787352916.9716012,2,2,00:00:00:00:00:04,0,124428.12,6719118.73,4.89,0.0,107.8,Normal,ALLOW,ddos
1787352916.977996,2,1,00:00:00:00:00:03,0,71859.46,3880410.91,4.524,0.0,107.8,Normal,ALLOW,ddos
1787352916.9841487,2,3,00:00:00:00:00:01,0,73235.68,3954726.56,4.509,0.0,107.8,Normal,ALLOW,ddos
1787352917.7990067,1,3,00:00:00:00:00:04,0,70383.0,3800682.0,4.795,0.0,100.4,Normal,ALLOW,ddos
1787352917.8053205,1,1,00:00:00:00:00:01,0,70382.0,3800628.0,4.671,0.0,100.4,Normal,ALLOW,ddos
1787352917.8114243,1,3,00:00:00:00:00:03,0,71636.0,3868344.0,4.557,0.0,100.4,Normal,ALLOW,ddos
1787352917.9741979,2,2,00:00:00:00:00:04,0,126668.42,6840094.93,4.948,0.0,0.0,Normal,ALLOW,ddos
1787352917.980384,2,1,00:00:00:00:00:03,0,70265.77,3794351.55,4.562,0.0,0.0,Normal,ALLOW,ddos
1787352917.9865932,2,3,00:00:00:00:00:01,0,71669.63,3870159.98,4.586,0.0,0.0,Normal,ALLOW,ddos
1787352919.069503,1,3,00:00:00:00:00:04,0,53536.62,2890977.3,4.772,0.0,100.5,Normal,ALLOW,ddos
1787352919.075628,1,1,00:00:00:00:00:01,0,53537.4,2891019.8,4.511,0.0,100.5,Normal,ALLOW,ddos
1787352919.0814826,1,3,00:00:00:00:00:03,0,57079.96,3082317.91,4.317,0.0,100.5,Normal,ALLOW,ddos
1787352920.8315732,1,3,00:00:00:00:00:04,0,40130.45,2167044.48,4.691,0.0,100.9,Normal,ALLOW,ddos
1787352920.8377817,1,1,00:00:00:00:00:01,0,40129.89,2167013.83,4.604,0.0,100.9,Normal,ALLOW,ddos
1787352920.8436959,1,3,00:00:00:00:00:03,0,41785.27,2256404.61,4.37,0.0,100.9,Normal,ALLOW,ddos
1787352920.968864,2,1,00:00:00:00:00:03,0,23376.37,1262324.09,4.577,0.0,95.0,Normal,ALLOW,ddos
1787352920.9748673,2,3,00:00:00:00:00:01,0,23717.04,1280720.05,4.471,0.0,95.0,Normal,ALLOW,ddos
1787352920.9823155,2,1,00:00:00:00:00:03,0,71972.0,3886488.0,4.482,0.0,68.9,Normal,ALLOW,ddos
1787352920.9882836,2,3,00:00:00:00:00:01,0,72642.0,3922668.0,4.484,0.0,68.9,Normal,ALLOW,ddos
1787352920.9941635,2,2,00:00:00:00:00:04,0,123093.0,6647022.0,4.383,0.0,68.9,Normal,ALLOW,ddos
1787352921.0179343,2,1,00:00:00:00:00:03,0,70651.0,3815154.0,4.593,0.0,86.2,Normal,ALLOW,ddos
1787352921.023875,2,3,00:00:00:00:00:01,0,71374.0,3854196.0,4.357,0.0,86.2,Normal,ALLOW,ddos
1787352921.0294983,2,2,00:00:00:00:00:04,0,125520.0,6778080.0,4.179,0.0,86.2,Normal,ALLOW,ddos
1787352921.922668,1,3,00:00:00:00:00:04,0,64817.32,3500135.06,4.539,0.0,99.4,Normal,ALLOW,ddos
1787352921.9287744,1,1,00:00:00:00:00:01,0,64817.32,3500135.06,4.576,0.0,99.4,Normal,ALLOW,ddos
1787352921.9348712,1,3,00:00:00:00:00:03,0,67405.43,3639893.02,4.569,0.0,99.4,Normal,ALLOW,ddos
1787352921.9816914,2,1,00:00:00:00:00:03,0,67574.0,3648996.0,4.487,0.0,0.0,Normal,ALLOW,ddos
1787352921.9878845,2,3,00:00:00:00:00:01,0,68961.0,3723894.0,4.64,0.0,0.0,Normal,ALLOW,ddos
1787352921.9939907,2,2,00:00:00:00:00:04,0,117858.0,6364332.0,4.553,0.0,0.0,Normal,ALLOW,ddos
1787352922.9449313,1,3,00:00:00:00:00:04,0,69602.06,3758511.46,4.571,0.0,99.7,Normal,ALLOW,ddos
1787352922.9508672,1,1,00:00:00:00:00:01,0,69602.06,3758511.46,4.378,0.0,99.7,Normal,ALLOW,ddos
1787352922.9567878,1,3,00:00:00:00:00:03,0,70524.52,3808324.2,4.365,0.0,99.7,Normal,ALLOW,ddos
1787352923.0004208,2,1,00:00:00:00:00:03,0,71050.61,3836733.19,4.646,0.0,0.0,Normal,ALLOW,ddos
1787352923.0065153,2,3,00:00:00:00:00:01,0,72390.6,3909092.38,4.51,0.0,0.0,Normal,ALLOW,ddos
1787352923.0124576,2,2,00:00:00:00:00:04,0,118471.36,6397453.23,4.397,0.0,0.0,Normal,ALLOW,ddos
1787352923.9291487,1,3,00:00:00:00:00:04,0,67687.0,3655098.0,4.533,0.0,100.2,Normal,ALLOW,ddos
1787352923.935637,1,1,00:00:00:00:00:01,0,67687.0,3655098.0,4.411,0.0,100.2,Normal,ALLOW,ddos
1787352923.9417288,1,3,00:00:00:00:00:03,0,71199.0,3844746.0,4.434,0.0,100.2,Normal,ALLOW,ddos
1787352924.0021667,2,1,00:00:00:00:00:03,0,72970.85,3940425.94,4.648,0.0,96.1,Normal,ALLOW,ddos
1787352924.0084374,2,3,00:00:00:00:00:01,0,74327.44,4013681.49,4.601,0.0,96.1,Normal,ALLOW,ddos
1787352924.0146806,2,2,00:00:00:00:00:04,0,124657.91,6731527.26,4.576,0.0,96.1,Normal,ALLOW,ddos
1787352924.9606068,1,3,00:00:00:00:00:04,0,65840.26,3555374.11,4.41,0.0,100.2,Normal,ALLOW,ddos
1787352924.966623,1,1,00:00:00:00:00:01,0,65841.23,3555426.45,4.443,0.0,100.2,Normal,ALLOW,ddos
1787352924.972379,1,3,00:00:00:00:00:03,0,67718.81,3656815.65,4.207,0.0,100.2,Normal,ALLOW,ddos
1787352925.0165985,2,1,00:00:00:00:00:03,0,70469.57,3805356.92,4.551,0.0,733.5,Normal,ALLOW,ddos
1787352925.0227482,2,3,00:00:00:00:00:01,0,71771.94,3875684.63,4.589,0.0,733.5,Normal,ALLOW,ddos
1787352925.0287008,2,2,00:00:00:00:00:04,0,123526.66,6670439.79,4.403,0.0,733.5,Normal,ALLOW,ddos
1787352925.8643713,1,3,00:00:00:00:00:04,0,67961.0,3669894.0,4.581,0.0,100.3,Normal,ALLOW,ddos
1787352925.8704162,1,1,00:00:00:00:00:01,0,67960.0,3669840.0,4.533,0.0,100.3,Normal,ALLOW,ddos
1787352925.8765545,1,3,00:00:00:00:00:03,0,72696.0,3925584.0,4.47,0.0,100.3,Normal,ALLOW,ddos
1787352926.0176156,2,1,00:00:00:00:00:03,0,69414.62,3748389.31,4.352,0.0,0.0,Normal,ALLOW,ddos
1787352926.0234041,2,3,00:00:00:00:00:01,0,70674.9,3816444.78,4.289,0.0,0.0,Normal,ALLOW,ddos
1787352926.0292401,2,2,00:00:00:00:00:04,0,119334.74,6444075.98,4.18,0.0,0.0,Normal,ALLOW,ddos
1787352926.8884685,1,3,00:00:00:00:00:04,0,68220.86,3683926.64,4.73,0.0,100.0,Normal,ALLOW,ddos
1787352926.894933,1,1,00:00:00:00:00:01,0,68220.86,3683926.64,4.524,0.0,100.0,Normal,ALLOW,ddos
1787352926.9016385,1,3,00:00:00:00:00:03,0,70704.87,3818063.12,5.008,0.0,100.0,Normal,ALLOW,ddos
1787352927.024935,2,1,00:00:00:00:00:03,0,72596.57,3920214.71,4.71,0.0,103.0,Normal,ALLOW,ddos
1787352927.0311325,2,3,00:00:00:00:00:01,0,73869.46,3988950.84,4.519,0.0,103.0,Normal,ALLOW,ddos
1787352927.0372996,2,2,00:00:00:00:00:04,0,122599.32,6620363.15,4.491,0.0,103.0,Normal,ALLOW,ddos
1787352928.0197935,2,1,00:00:00:00:00:03,0,69268.0,3740472.0,4.911,0.0,0.0,Normal,ALLOW,ddos
1787352928.0260568,2,3,00:00:00:00:00:01,0,70751.0,3820554.0,4.535,0.0,0.0,Normal,ALLOW,ddos
1787352928.0321908,2,2,00:00:00:00:00:04,0,122265.0,6602310.0,4.417,0.0,0.0,Normal,ALLOW,ddos
1787352928.1291153,1,3,00:00:00:00:00:04,0,57776.51,3119931.45,4.88,0.0,101.1,Normal,ALLOW,ddos
1787352928.1353607,1,1,00:00:00:00:00:01,0,57777.31,3119974.97,4.471,0.0,101.1,Normal,ALLOW,ddos
1787352928.1414268,1,3,00:00:00:00:00:03,0,58341.53,3150442.63,4.404,0.0,101.1,Normal,ALLOW,ddos
1787352928.9139512,1,3,00:00:00:00:00:04,0,70602.0,3812508.0,7.572,0.0,99.9,Normal,ALLOW,ddos
1787352928.923715,1,1,00:00:00:00:00:01,0,70601.0,3812454.0,7.555,0.0,99.9,Normal,ALLOW,ddos
1787352928.9304988,1,3,00:00:00:00:00:03,0,72162.0,3896748.0,4.549,0.0,99.9,Normal,ALLOW,ddos
1787352929.0227592,2,1,00:00:00:00:00:03,0,69785.26,3768403.83,4.978,0.0,722.7,Normal,ALLOW,ddos
1787352929.0290766,2,3,00:00:00:00:00:01,0,71139.42,3841528.63,4.489,0.0,722.7,Normal,ALLOW,ddos
1787352929.0353923,2,2,00:00:00:00:00:04,0,120816.65,6524099.28,4.618,0.0,722.7,Normal,ALLOW,ddos
1787352930.0074685,1,3,00:00:00:00:00:04,0,63905.8,3450913.31,4.706,0.0,99.5,Normal,ALLOW,ddos
1787352930.013676,1,1,00:00:00:00:00:01,0,63905.8,3450913.31,4.534,0.0,99.5,Normal,ALLOW,ddos
1787352930.0197344,1,3,00:00:00:00:00:03,0,65671.57,3546264.96,4.417,0.0,99.5,Normal,ALLOW,ddos
1787352930.043836,2,1,00:00:00:00:00:03,0,63707.75,3440218.76,4.526,0.0,0.0,Normal,ALLOW,ddos
1787352930.0500872,2,3,00:00:00:00:00:01,0,65125.22,3516762.04,4.632,0.0,0.0,Normal,ALLOW,ddos
1787352930.0566669,2,2,00:00:00:00:00:04,0,121897.37,6582457.91,4.887,0.0,0.0,Normal,ALLOW,ddos
1787352930.9935987,1,3,00:00:00:00:00:04,0,71406.0,3855924.0,4.818,0.0,100.1,Normal,ALLOW,ddos
1787352930.9996474,1,1,00:00:00:00:00:01,0,71407.0,3855978.0,4.403,0.0,100.1,Normal,ALLOW,ddos
1787352931.0057292,1,3,00:00:00:00:00:03,0,70549.0,3809646.0,4.378,0.0,100.1,Normal,ALLOW,ddos
1787352931.044459,2,1,00:00:00:00:00:03,0,69209.61,3737318.9,4.515,0.0,0.0,Normal,ALLOW,ddos
1787352931.0505118,2,3,00:00:00:00:00:01,0,70675.71,3816488.41,4.445,0.0,0.0,Normal,ALLOW,ddos
1787352931.0565183,2,2,00:00:00:00:00:04,0,122545.94,6617480.81,4.397,0.0,0.0,Normal,ALLOW,ddos
1787352932.0005367,1,3,00:00:00:00:00:04,0,70732.86,3819574.63,4.695,0.0,101.5,Normal,ALLOW,ddos
1787352932.0068595,1,1,00:00:00:00:00:01,0,70731.87,3819521.01,4.596,0.0,101.5,Normal,ALLOW,ddos
1787352932.013039,1,3,00:00:00:00:00:03,0,69008.06,3726435.2,4.481,0.0,101.5,Normal,ALLOW,ddos
1787352932.045783,2,1,00:00:00:00:00:03,0,69260.65,3740075.3,4.519,0.0,0.0,Normal,ALLOW,ddos
1787352932.0517373,2,3,00:00:00:00:00:01,0,70642.75,3814708.56,4.418,0.0,0.0,Normal,ALLOW,ddos
1787352932.0576723,2,2,00:00:00:00:00:04,0,115081.58,6214405.07,4.385,0.0,0.0,Normal,ALLOW,ddos
1787352932.982767,1,3,00:00:00:00:00:04,0,71754.0,3874716.0,4.554,0.0,99.4,Normal,ALLOW,ddos
1787352932.9888875,1,1,00:00:00:00:00:01,0,71755.0,3874770.0,4.573,0.0,99.4,Normal,ALLOW,ddos
1787352932.9947696,1,3,00:00:00:00:00:03,0,73170.0,3951180.0,4.363,0.0,99.4,Normal,ALLOW,ddos
1787352933.0375128,2,1,00:00:00:00:00:03,0,70933.0,3830382.0,4.646,0.0,90.9,Normal,ALLOW,ddos
1787352933.043416,2,3,00:00:00:00:00:01,0,72402.0,3909708.0,4.399,0.0,90.9,Normal,ALLOW,ddos
1787352933.0492973,2,2,00:00:00:00:00:04,0,122683.0,6624882.0,4.391,0.0,90.9,Normal,ALLOW,ddos
1787352933.889621,1,3,00:00:00:00:00:04,0,69352.0,3745008.0,4.626,0.0,100.9,Normal,ALLOW,ddos
1787352933.8956878,1,1,00:00:00:00:00:01,0,69351.0,3744954.0,4.494,0.0,100.9,Normal,ALLOW,ddos
1787352933.9017634,1,3,00:00:00:00:00:03,0,64401.0,3477654.0,4.48,0.0,100.9,Normal,ALLOW,ddos
1787352934.0417402,2,1,00:00:00:00:00:03,0,69713.37,3764521.73,7.642,0.0,101.3,Normal,ALLOW,ddos
1787352934.0489569,2,3,00:00:00:00:00:01,0,71047.14,3836545.71,5.107,0.0,101.3,Normal,ALLOW,ddos
1787352934.0559862,2,2,00:00:00:00:00:04,0,123661.36,6677713.54,5.402,0.0,101.3,Normal,ALLOW,ddos
1787352934.8760777,1,3,00:00:00:00:00:04,0,66189.0,3574206.0,4.485,0.0,100.9,Normal,ALLOW,ddos
1787352934.882119,1,1,00:00:00:00:00:01,0,66189.0,3574206.0,4.49,0.0,100.9,Normal,ALLOW,ddos
1787352934.8883066,1,3,00:00:00:00:00:03,0,71719.0,3872826.0,4.516,0.0,100.9,Normal,ALLOW,ddos
1787352935.0409842,2,1,00:00:00:00:00:03,0,69163.7,3734839.71,4.579,0.0,97.1,Normal,ALLOW,ddos
1787352935.0470614,2,3,00:00:00:00:00:01,0,70607.0,3812777.83,4.527,0.0,97.1,Normal,ALLOW,ddos
1787352935.0529845,2,2,00:00:00:00:00:04,0,123901.39,6690675.04,4.407,0.0,97.1,Normal,ALLOW,ddos
1787352935.8753617,1,3,00:00:00:00:00:04,0,64330.0,3473820.0,4.544,0.0,99.4,Normal,ALLOW,ddos
1787352935.881302,1,1,00:00:00:00:00:01,0,64330.0,3473820.0,4.439,0.0,99.4,Normal,ALLOW,ddos
1787352935.887272,1,3,00:00:00:00:00:03,0,73250.0,3955500.0,4.442,0.0,99.4,Normal,ALLOW,ddos
1787352936.04105,2,1,00:00:00:00:00:03,0,69529.25,3754579.6,4.535,0.0,0.0,Normal,ALLOW,ddos
1787352936.04697,2,3,00:00:00:00:00:01,0,70965.16,3832118.77,4.422,0.0,0.0,Normal,ALLOW,ddos
1787352936.052941,2,2,00:00:00:00:00:04,0,126387.12,6824904.3,4.459,0.0,0.0,Normal,ALLOW,ddos
1787352936.9806201,1,3,00:00:00:00:00:04,0,60607.39,3272798.9,4.62,0.0,100.2,Normal,ALLOW,ddos
1787352936.9867644,1,1,00:00:00:00:00:01,0,60607.39,3272798.9,4.597,0.0,100.2,Normal,ALLOW,ddos
1787352936.99271,1,3,00:00:00:00:00:03,0,66270.04,3578582.08,4.362,0.0,100.2,Normal,ALLOW,ddos
1787352937.0428503,2,1,00:00:00:00:00:03,0,70785.17,3822398.97,4.617,0.0,95.7,Normal,ALLOW,ddos
1787352937.0487485,2,3,00:00:00:00:00:01,0,72108.56,3893862.31,4.381,0.0,95.7,Normal,ALLOW,ddos
1787352937.0547986,2,2,00:00:00:00:00:04,0,127642.22,6892679.96,4.447,0.0,95.7,Normal,ALLOW,ddos
1787352937.8932836,1,3,00:00:00:00:00:04,0,66901.0,3612654.0,4.584,0.0,99.9,Normal,ALLOW,ddos
1787352937.8995755,1,1,00:00:00:00:00:01,0,66902.0,3612708.0,4.497,0.0,99.9,Normal,ALLOW,ddos
1787352937.9056044,1,3,00:00:00:00:00:03,0,74511.0,4023594.0,4.474,0.0,99.9,Normal,ALLOW,ddos
1787352938.0435512,2,1,00:00:00:00:00:03,0,69896.02,3774385.24,4.636,0.0,106.5,Normal,ALLOW,ddos
1787352938.0494616,2,3,00:00:00:00:00:01,0,71425.97,3857002.53,4.419,0.0,106.5,Normal,ALLOW,ddos
1787352938.0553188,2,2,00:00:00:00:00:04,0,128831.57,6956904.73,4.371,0.0,106.5,Normal,ALLOW,ddos
1787352938.903123,1,3,00:00:00:00:00:04,0,69018.17,3726981.18,4.702,0.0,100.0,Normal,ALLOW,ddos
1787352938.9094088,1,1,00:00:00:00:00:01,0,69018.17,3726981.18,4.705,0.0,100.0,Normal,ALLOW,ddos
1787352938.915437,1,3,00:00:00:00:00:03,0,74114.59,4002188.11,4.366,0.0,100.0,Normal,ALLOW,ddos
1787352938.9216063,1,2,00:00:00:00:00:02,0,76870.33,4150997.76,4.475,0.0,100.0,Normal,ALLOW,ddos
1787352939.0473995,2,1,00:00:00:00:00:03,0,71226.31,3846220.48,4.565,0.0,0.0,Normal,ALLOW,ddos
1787352939.0536225,2,3,00:00:00:00:00:01,0,73121.07,3948537.6,4.61,0.0,0.0,Normal,ALLOW,ddos
1787352939.059736,2,2,00:00:00:00:00:04,0,124596.25,6728197.53,4.432,0.0,0.0,Normal,ALLOW,ddos
1787352939.8774548,1,3,00:00:00:00:00:04,0,68696.0,3709584.0,4.578,0.0,100.1,Normal,ALLOW,ddos
1787352939.883766,1,1,00:00:00:00:00:01,0,68696.0,3709584.0,4.673,0.0,100.1,Normal,ALLOW,ddos
1787352939.8898554,1,2,00:00:00:00:00:02,0,80915.0,4369410.0,4.398,0.0,100.1,Normal,ALLOW,ddos
1787352939.8959258,1,3,00:00:00:00:00:03,0,70620.0,3813480.0,4.441,0.0,100.1,Normal,ALLOW,ddos
1787352940.0484262,2,1,00:00:00:00:00:03,0,70492.65,3806602.93,4.629,0.0,0.0,Normal,ALLOW,ddos
1787352940.0547001,2,3,00:00:00:00:00:01,0,72439.65,3911741.02,4.671,0.0,0.0,Normal,ALLOW,ddos
1787352940.0867977,2,2,00:00:00:00:00:04,0,126573.09,6834946.67,4.39,0.0,0.0,Normal,ALLOW,ddos
1787352940.5966966,1,3,00:00:00:00:00:04,0,65906.0,3558924.0,4.449,0.0,96.7,Normal,ALLOW,ddos
1787352940.6029186,1,1,00:00:00:00:00:01,0,65906.0,3558924.0,4.577,0.0,96.7,Normal,ALLOW,ddos
1787352940.6088898,1,3,00:00:00:00:00:03,0,70066.0,3783564.0,4.325,0.0,96.7,Normal,ALLOW,ddos
1787352940.6150136,1,2,00:00:00:00:00:02,0,78402.0,4233708.0,4.474,0.0,96.7,Normal,ALLOW,ddos
1787352941.0499108,2,1,00:00:00:00:00:03,0,69134.67,3733272.01,4.733,0.0,99.3,Normal,ALLOW,ddos
1787352941.0560393,2,3,00:00:00:00:00:01,0,71045.89,3836477.97,4.485,0.0,99.3,Normal,ALLOW,ddos
1787352941.0620325,2,2,00:00:00:00:00:04,0,130470.59,7045411.91,4.408,0.0,99.3,Normal,ALLOW,ddos
1787352941.301295,1,3,00:00:00:00:00:04,0,69350.0,3744900.0,4.592,0.0,99.4,Normal,ALLOW,ddos
1787352941.3075266,1,1,00:00:00:00:00:01,0,69350.0,3744900.0,4.572,0.0,99.4,Normal,ALLOW,ddos
1787352941.3136578,1,3,00:00:00:00:00:03,0,74496.0,4022784.0,4.538,0.0,99.4,Normal,ALLOW,ddos
1787352941.319705,1,2,00:00:00:00:00:02,0,75197.0,4060638.0,4.46,0.0,99.4,Normal,ALLOW,ddos
1787352941.791818,1,3,00:00:00:00:00:04,0,69138.0,3733452.0,4.662,0.0,99.9,Normal,ALLOW,ddos
1787352941.7979066,1,1,00:00:00:00:00:01,0,69138.0,3733452.0,4.5,0.0,99.9,Normal,ALLOW,ddos
1787352941.8045816,1,3,00:00:00:00:00:03,0,73721.0,3980934.0,5.099,0.0,99.9,Normal,ALLOW,ddos
1787352941.8106859,1,2,00:00:00:00:00:02,0,76137.0,4111398.0,4.446,0.0,99.9,Normal,ALLOW,ddos
1787352942.0520215,2,1,00:00:00:00:00:03,0,69200.44,3736823.53,4.606,0.0,0.0,Normal,ALLOW,ddos
1787352942.058231,2,3,00:00:00:00:00:01,0,71116.35,3840283.09,4.599,0.0,0.0,Normal,ALLOW,ddos
1787352942.0642967,2,2,00:00:00:00:00:04,0,128268.75,6926512.42,4.445,0.0,0.0,Normal,ALLOW,ddos
1787352942.777148,1,3,00:00:00:00:00:04,0,67929.0,3668166.0,4.528,0.0,99.3,Normal,ALLOW,ddos
1787352942.783358,1,1,00:00:00:00:00:01,0,67929.0,3668166.0,4.514,0.0,99.3,Normal,ALLOW,ddos
1787352942.78985,1,2,00:00:00:00:00:02,0,68024.0,3673296.0,4.827,0.0,99.3,Normal,ALLOW,ddos
1787352942.7960916,1,3,00:00:00:00:00:03,0,71170.0,3843180.0,4.443,0.0,99.3,Normal,ALLOW,ddos
1787352943.0548298,2,1,00:00:00:00:00:03,0,69549.45,3755670.57,4.628,0.0,730.6,Normal,ALLOW,ddos
1787352943.0610275,2,3,00:00:00:00:00:01,0,71639.55,3868535.61,4.46,0.0,730.6,Normal,ALLOW,ddos
1787352943.0671751,2,2,00:00:00:00:00:04,0,127877.62,6905391.53,4.474,0.0,730.6,Normal,ALLOW,ddos
1787352943.862841,1,3,00:00:00:00:00:04,0,61887.59,3341929.83,4.58,0.0,97.8,Normal,ALLOW,ddos
1787352943.869025,1,1,00:00:00:00:00:01,0,61887.59,3341929.83,4.537,0.0,97.8,Normal,ALLOW,ddos
1787352943.8756309,1,2,00:00:00:00:00:02,0,69048.13,3728598.99,4.391,0.0,97.8,Normal,ALLOW,ddos
1787352943.8816857,1,3,00:00:00:00:00:03,0,66345.31,3582646.68,4.495,0.0,97.8,Normal,ALLOW,ddos
1787352944.058484,2,1,00:00:00:00:00:03,0,69172.93,3735338.1,4.544,0.0,102.1,Normal,ALLOW,ddos
1787352944.064664,2,3,00:00:00:00:00:01,0,71144.57,3841806.75,4.605,0.0,102.1,Normal,ALLOW,ddos
1787352944.071031,2,2,00:00:00:00:00:04,0,128502.6,6939140.32,4.698,0.0,102.1,Normal,ALLOW,ddos
1787352944.8817985,1,3,00:00:00:00:00:04,0,66798.18,3607101.93,4.591,0.0,99.6,Normal,ALLOW,ddos
1787352944.8880167,1,1,00:00:00:00:00:01,0,66797.2,3607048.94,4.542,0.0,99.6,Normal,ALLOW,ddos
1787352944.8941908,1,3,00:00:00:00:00:03,0,70260.22,3794051.67,4.497,0.0,99.6,Normal,ALLOW,ddos
1787352944.9001203,1,2,00:00:00:00:00:02,0,73379.77,3962507.8,4.362,0.0,99.6,Normal,ALLOW,ddos
1787352945.0576293,2,1,00:00:00:00:00:03,0,69901.0,3774654.0,4.617,0.0,102.4,Normal,ALLOW,ddos
1787352945.0636988,2,3,00:00:00:00:00:01,0,71833.0,3878982.0,4.435,0.0,102.4,Normal,ALLOW,ddos
1787352945.069706,2,2,00:00:00:00:00:04,0,129123.0,6972642.0,4.428,0.0,102.4,Normal,ALLOW,ddos
1787352945.587845,1,3,00:00:00:00:00:04,0,70373.0,3800142.0,4.698,0.0,99.9,Normal,ALLOW,ddos
1787352945.5940464,1,1,00:00:00:00:00:01,0,70374.0,3800196.0,4.444,0.0,99.9,Normal,ALLOW,ddos
1787352945.5999267,1,3,00:00:00:00:00:03,0,72443.0,3911922.0,4.393,0.0,99.9,Normal,ALLOW,ddos
1787352945.6063693,1,2,00:00:00:00:00:02,0,78956.0,4263624.0,4.373,0.0,99.9,Normal,ALLOW,ddos
1787352946.0594912,2,1,00:00:00:00:00:03,0,68190.75,3682300.26,4.638,0.0,736.6,Normal,ALLOW,ddos
1787352946.0655048,2,3,00:00:00:00:00:01,0,68686.58,3709075.33,4.493,0.0,736.6,Normal,ALLOW,ddos
1787352946.071566,2,2,00:00:00:00:00:04,0,123622.48,6675613.69,4.487,0.0,736.6,Normal,ALLOW,ddos
1787352946.3902323,1,3,00:00:00:00:00:04,0,71414.0,3856356.0,4.621,0.0,99.9,Normal,ALLOW,ddos
1787352946.3963287,1,1,00:00:00:00:00:01,0,71414.0,3856356.0,4.46,0.0,99.9,Normal,ALLOW,ddos
1787352946.40232,1,3,00:00:00:00:00:03,0,72071.0,3891834.0,4.423,0.0,99.9,Normal,ALLOW,ddos
1787352946.4083588,1,2,00:00:00:00:00:02,0,78170.0,4221180.0,4.384,0.0,99.9,Normal,ALLOW,ddos
1787352946.4142442,1,1,00:00:00:00:00:01,0,72072.0,3891888.0,4.356,0.0,99.9,Normal,ALLOW,ddos
1787352947.0591865,2,1,00:00:00:00:00:03,0,69225.0,3738150.0,4.449,0.0,98.7,Normal,ALLOW,ddos
1787352947.065276,2,3,00:00:00:00:00:01,0,69224.0,3738096.0,4.511,0.0,98.7,Normal,ALLOW,ddos
1787352947.0711944,2,2,00:00:00:00:00:04,0,124830.0,6740820.0,4.322,0.0,98.7,Normal,ALLOW,ddos
1787352947.4110837,1,3,00:00:00:00:00:04,0,68777.58,3713989.34,4.555,0.0,99.3,Normal,ALLOW,ddos
1787352947.4176478,1,1,00:00:00:00:00:01,0,68777.58,3713989.34,4.967,0.0,99.3,Normal,ALLOW,ddos
1787352947.4236712,1,3,00:00:00:00:00:03,0,72123.6,3894674.48,4.418,0.0,99.3,Normal,ALLOW,ddos
1787352947.4297624,1,2,00:00:00:00:00:02,0,77231.77,4170515.51,4.457,0.0,99.3,Normal,ALLOW,ddos
1787352947.435691,1,1,00:00:00:00:00:01,0,72122.62,3894621.58,4.366,0.0,99.3,Normal,ALLOW,ddos
1787352948.0609818,2,1,00:00:00:00:00:03,0,70772.19,3821698.18,4.468,0.0,100.0,Normal,ALLOW,ddos
1787352948.0669987,2,3,00:00:00:00:00:01,0,70773.19,3821752.08,4.495,0.0,100.0,Normal,ALLOW,ddos
1787352948.0767434,2,2,00:00:00:00:00:04,0,124170.0,6705179.99,7.541,0.0,100.0,Normal,ALLOW,ddos
1787352948.334785,1,3,00:00:00:00:00:04,0,71162.0,3842748.0,4.801,0.0,99.9,Normal,ALLOW,ddos
1787352948.340925,1,1,00:00:00:00:00:01,0,71162.0,3842748.0,4.565,0.0,99.9,Normal,ALLOW,ddos
1787352948.3469572,1,3,00:00:00:00:00:03,0,72237.0,3900798.0,4.425,0.0,99.9,Normal,ALLOW,ddos
1787352948.3528929,1,1,00:00:00:00:00:01,0,72237.0,3900798.0,4.433,0.0,99.9,Normal,ALLOW,ddos
1787352948.358903,1,2,00:00:00:00:00:02,0,78355.0,4231170.0,4.359,0.0,99.9,Normal,ALLOW,ddos
1787352949.062879,2,1,00:00:00:00:00:03,0,73543.67,3971358.43,4.473,0.0,0.0,Normal,ALLOW,ddos
1787352949.0688868,2,3,00:00:00:00:00:01,0,73543.67,3971358.43,4.471,0.0,0.0,Normal,ALLOW,ddos
1787352949.074934,2,2,00:00:00:00:00:04,0,124770.94,6737630.97,4.373,0.0,0.0,Normal,ALLOW,ddos
1787352949.3765988,1,3,00:00:00:00:00:04,0,68297.55,3688067.74,4.495,0.0,99.0,Normal,ALLOW,ddos
1787352949.38267,1,1,00:00:00:00:00:01,0,68297.55,3688067.74,4.525,0.0,99.0,Normal,ALLOW,ddos
1787352949.388809,1,3,00:00:00:00:00:03,0,69518.32,3753989.03,4.458,0.0,99.0,Normal,ALLOW,ddos
1787352949.3947687,1,1,00:00:00:00:00:01,0,69519.28,3754040.85,4.407,0.0,99.0,Normal,ALLOW,ddos
1787352949.401201,1,2,00:00:00:00:00:02,0,78020.48,4213105.88,4.329,0.0,99.0,Normal,ALLOW,ddos
1787352950.061339,2,1,00:00:00:00:00:03,0,71380.0,3854520.0,4.51,0.0,100.8,Normal,ALLOW,ddos
1787352950.0673425,2,3,00:00:00:00:00:01,0,71379.0,3854466.0,4.472,0.0,100.8,Normal,ALLOW,ddos
1787352950.0734134,2,2,00:00:00:00:00:04,0,127965.0,6910110.0,4.437,0.0,100.8,Normal,ALLOW,ddos
1787352950.4484022,1,3,00:00:00:00:00:04,0,64316.28,3473079.0,4.482,0.0,98.0,Normal,ALLOW,ddos
1787352950.4546185,1,1,00:00:00:00:00:01,0,64316.28,3473079.0,4.652,0.0,98.0,Normal,ALLOW,ddos
1787352950.4606607,1,3,00:00:00:00:00:03,0,66810.79,3607782.72,4.431,0.0,98.0,Normal,ALLOW,ddos
1787352950.4667242,1,1,00:00:00:00:00:01,0,66810.79,3607782.72,4.468,0.0,98.0,Normal,ALLOW,ddos
1787352950.4727926,1,2,00:00:00:00:00:02,0,74513.56,4023732.09,4.493,0.0,98.0,Normal,ALLOW,ddos
1787352951.064022,2,1,00:00:00:00:00:03,0,72301.01,3904254.65,4.524,0.0,0.0,Normal,ALLOW,ddos
1787352951.0700588,2,3,00:00:00:00:00:01,0,72302.01,3904308.48,4.513,0.0,0.0,Normal,ALLOW,ddos
1787352951.0760932,2,2,00:00:00:00:00:04,0,129054.69,6968953.52,4.432,0.0,0.0,Normal,ALLOW,ddos
1787352951.4337,1,3,00:00:00:00:00:04,0,68423.0,3694842.0,4.508,0.0,97.6,Normal,ALLOW,ddos
1787352951.439729,1,1,00:00:00:00:00:01,0,68422.0,3694788.0,4.31,0.0,97.6,Normal,ALLOW,ddos
1787352951.4455287,1,3,00:00:00:00:00:03,0,71493.0,3860622.0,4.196,0.0,97.6,Normal,ALLOW,ddos
1787352951.451305,1,1,00:00:00:00:00:01,0,71492.0,3860568.0,4.224,0.0,97.6,Normal,ALLOW,ddos
1787352951.457042,1,2,00:00:00:00:00:02,0,78771.0,4253634.0,4.164,0.0,97.6,Normal,ALLOW,ddos
1787352952.0700495,2,1,00:00:00:00:00:03,0,72129.94,3895016.7,4.434,0.0,99.0,Normal,ALLOW,ddos
1787352952.0758393,2,3,00:00:00:00:00:01,0,72129.94,3895016.7,4.281,0.0,99.0,Normal,ALLOW,ddos
1787352952.081452,2,2,00:00:00:00:00:04,0,127747.85,6898383.64,4.162,0.0,99.0,Normal,ALLOW,ddos
1787352952.3332233,1,3,00:00:00:00:00:04,0,69607.0,3758778.0,4.702,0.0,102.5,Normal,ALLOW,ddos
1787352952.339366,1,1,00:00:00:00:00:01,0,69607.0,3758778.0,4.588,0.0,102.5,Normal,ALLOW,ddos
1787352952.3454967,1,3,00:00:00:00:00:03,0,72367.0,3907818.0,4.463,0.0,102.5,Normal,ALLOW,ddos
1787352952.3513625,1,2,00:00:00:00:00:02,0,75896.0,4098384.0,4.396,0.0,102.5,Normal,ALLOW,ddos
1787352952.357376,1,1,00:00:00:00:00:01,0,72368.0,3907872.0,4.416,0.0,102.5,Normal,ALLOW,ddos
1787352953.065601,2,1,00:00:00:00:00:03,0,68990.0,3725460.0,4.46,0.0,99.6,Normal,ALLOW,ddos
1787352953.0718172,2,3,00:00:00:00:00:01,0,68990.0,3725460.0,4.634,0.0,99.6,Normal,ALLOW,ddos
1787352953.0777206,2,2,00:00:00:00:00:04,0,125038.0,6752052.0,4.397,0.0,99.6,Normal,ALLOW,ddos
1787352953.4193654,1,3,00:00:00:00:00:04,0,63188.15,3412160.04,4.492,0.0,101.7,Normal,ALLOW,ddos
1787352953.4253051,1,1,00:00:00:00:00:01,0,63189.07,3412209.74,4.322,0.0,101.7,Normal,ALLOW,ddos
1787352953.4311645,1,3,00:00:00:00:00:03,0,66610.71,3596978.54,4.333,0.0,101.7,Normal,ALLOW,ddos
1787352953.4378643,1,1,00:00:00:00:00:01,0,66610.71,3596978.54,4.578,0.0,101.7,Normal,ALLOW,ddos
1787352953.443877,1,2,00:00:00:00:00:02,0,75135.38,4057310.3,4.415,0.0,101.7,Normal,ALLOW,ddos
1787352954.0687957,2,1,00:00:00:00:00:03,0,69046.05,3728486.69,4.639,0.0,100.1,Normal,ALLOW,ddos
1787352954.075011,2,3,00:00:00:00:00:01,0,69045.05,3728432.85,4.619,0.0,100.1,Normal,ALLOW,ddos
1787352954.081032,2,2,00:00:00:00:00:04,0,125078.73,6754251.28,4.466,0.0,100.1,Normal,ALLOW,ddos
1787352954.408757,1,3,00:00:00:00:00:04,0,72257.0,3901878.0,4.589,0.0,96.9,Normal,ALLOW,ddos
1787352954.4146674,1,1,00:00:00:00:00:01,0,72256.0,3901824.0,4.408,0.0,96.9,Normal,ALLOW,ddos
1787352954.4206848,1,3,00:00:00:00:00:03,0,73262.0,3956148.0,4.416,0.0,96.9,Normal,ALLOW,ddos
1787352954.4266417,1,1,00:00:00:00:00:01,0,73261.0,3956094.0,4.428,0.0,96.9,Normal,ALLOW,ddos
1787352954.4325218,1,2,00:00:00:00:00:02,0,82638.0,4462452.0,4.394,0.0,96.9,Normal,ALLOW,ddos
1787352955.070807,2,1,00:00:00:00:00:03,0,70897.03,3828439.82,4.73,0.0,99.7,Normal,ALLOW,ddos
1787352955.077132,2,3,00:00:00:00:00:01,0,70898.03,3828493.71,4.528,0.0,99.7,Normal,ALLOW,ddos
1787352955.0830789,2,2,00:00:00:00:00:04,0,125003.51,6750189.27,4.437,0.0,99.7,Normal,ALLOW,ddos
1787352955.4924898,1,3,00:00:00:00:00:04,0,65420.36,3532699.41,4.635,0.0,102.1,Normal,ALLOW,ddos
1787352955.4986014,1,1,00:00:00:00:00:01,0,65421.28,3532749.24,4.576,0.0,102.1,Normal,ALLOW,ddos
1787352955.5047317,1,3,00:00:00:00:00:03,0,68240.49,3684986.4,4.45,0.0,102.1,Normal,ALLOW,ddos
1787352955.5106292,1,1,00:00:00:00:00:01,0,68240.49,3684986.4,4.396,0.0,102.1,Normal,ALLOW,ddos
1787352955.5171,1,2,00:00:00:00:00:02,0,74988.13,4049358.94,4.353,0.0,102.1,Normal,ALLOW,ddos
1787352956.074563,2,1,00:00:00:00:00:03,0,72777.54,3929987.07,4.308,0.0,99.6,Normal,ALLOW,ddos
1787352956.0803154,2,3,00:00:00:00:00:01,0,72777.54,3929987.07,4.305,0.0,99.6,Normal,ALLOW,ddos
1787352956.0859065,2,2,00:00:00:00:00:04,0,103666.14,5597971.4,4.146,0.0,99.6,Normal,ALLOW,ddos
1787352956.5217543,1,1,00:00:00:00:00:01,0,18585.89,1003637.92,4.605,0.0,98.1,Normal,ALLOW,ddos
1787352956.5278566,1,3,00:00:00:00:00:03,0,72548.02,3917592.99,4.555,0.0,98.1,Normal,ALLOW,ddos
1787352956.533907,1,1,00:00:00:00:00:01,0,72548.02,3917592.99,4.514,0.0,98.1,Normal,ALLOW,ddos
1787352956.539941,1,2,00:00:00:00:00:02,0,78256.21,4225835.59,4.517,0.0,98.1,Normal,ALLOW,ddos
1787352957.0738244,2,1,00:00:00:00:00:03,0,71559.0,3864186.0,4.817,0.0,101.5,Normal,ALLOW,ddos
1787352957.0798302,2,3,00:00:00:00:00:01,0,71559.0,3864186.0,4.5,0.0,101.5,Normal,ALLOW,ddos
1787352957.0858414,2,2,00:00:00:00:00:04,0,74021.0,3997134.0,4.532,0.0,101.5,Normal,ALLOW,ddos
1787352957.4222748,1,3,00:00:00:00:00:03,0,71057.0,3837078.0,4.532,0.0,97.3,Normal,ALLOW,ddos
1787352957.4282382,1,1,00:00:00:00:00:01,0,71058.0,3837132.0,4.431,0.0,97.3,Normal,ALLOW,ddos
1787352957.4345968,1,2,00:00:00:00:00:02,0,76520.0,4132080.0,4.861,0.0,97.3,Normal,ALLOW,ddos
1787352958.0763319,2,1,00:00:00:00:00:03,0,70717.36,3818737.68,4.58,0.0,0.0,Normal,ALLOW,ddos
1787352958.0823905,2,3,00:00:00:00:00:01,0,70716.37,3818683.86,4.543,0.0,0.0,Normal,ALLOW,ddos
1787352958.0884023,2,2,00:00:00:00:00:04,0,73202.51,3952935.3,4.48,0.0,0.0,Normal,ALLOW,ddos
1787352958.3529682,1,3,00:00:00:00:00:03,0,68257.0,3685878.0,4.561,0.0,101.4,Normal,ALLOW,ddos
1787352958.3589356,1,2,00:00:00:00:00:02,0,76555.0,4133970.0,4.448,0.0,101.4,Normal,ALLOW,ddos
1787352958.3649497,1,1,00:00:00:00:00:01,0,68256.0,3685824.0,4.493,0.0,101.4,Normal,ALLOW,ddos
1787352959.0798755,2,1,00:00:00:00:00:03,0,68950.0,3723300.15,4.434,0.0,100.4,Normal,ALLOW,ddos
1787352959.0870986,2,3,00:00:00:00:00:01,0,68950.0,3723300.15,5.462,0.0,100.4,Normal,ALLOW,ddos
1787352959.0926838,2,2,00:00:00:00:00:04,0,72452.62,3912441.68,4.072,0.0,100.4,Normal,ALLOW,ddos
1787352959.4423432,1,3,00:00:00:00:00:03,0,64560.48,3486265.66,6.28,0.0,97.3,Normal,ALLOW,ddos
1787352959.4486542,1,1,00:00:00:00:00:01,0,64560.48,3486265.66,4.381,0.0,97.3,Normal,ALLOW,ddos
1787352959.4546883,1,2,00:00:00:00:00:02,0,71653.49,3869288.22,4.47,0.0,97.3,Normal,ALLOW,ddos
1787352960.0804024,2,1,00:00:00:00:00:03,0,70473.21,3805553.45,4.536,0.0,0.0,Normal,ALLOW,ddos
1787352960.0866125,2,3,00:00:00:00:00:01,0,70473.21,3805553.45,4.491,0.0,0.0,Normal,ALLOW,ddos
1787352960.0927098,2,2,00:00:00:00:00:04,0,72558.18,3918141.56,4.408,0.0,0.0,Normal,ALLOW,ddos
1787352960.4362648,1,3,00:00:00:00:00:03,0,70709.0,3818286.0,4.924,0.0,101.4,Normal,ALLOW,ddos
1787352960.4424522,1,1,00:00:00:00:00:01,0,70709.0,3818286.0,4.63,0.0,101.4,Normal,ALLOW,ddos
1787352960.4487903,1,2,00:00:00:00:00:02,0,76687.0,4141098.0,4.783,0.0,101.4,Normal,ALLOW,ddos
1787352961.08136,2,1,00:00:00:00:00:03,0,69645.16,3760838.86,4.558,0.0,0.0,Normal,ALLOW,ddos
1787352961.0874376,2,3,00:00:00:00:00:01,0,69646.16,3760892.81,4.558,0.0,0.0,Normal,ALLOW,ddos
1787352961.0934455,2,2,00:00:00:00:00:04,0,72538.6,3917084.14,4.447,0.0,0.0,Normal,ALLOW,ddos
1787352961.3150942,1,3,00:00:00:00:00:03,0,72527.0,3916458.0,4.412,0.0,98.6,Normal,ALLOW,ddos
1787352961.3210976,1,1,00:00:00:00:00:01,0,72527.0,3916458.0,4.467,0.0,98.6,Normal,ALLOW,ddos
1787352961.327056,1,2,00:00:00:00:00:02,0,77868.0,4204872.0,4.435,0.0,98.6,Normal,ALLOW,ddos
1787352962.0816689,2,1,00:00:00:00:00:03,0,72592.0,3919968.0,4.496,0.0,100.4,Normal,ALLOW,ddos
1787352962.087578,2,3,00:00:00:00:00:01,0,72592.0,3919968.0,4.416,0.0,100.4,Normal,ALLOW,ddos
1787352962.0934749,2,2,00:00:00:00:00:04,0,74318.0,4013172.0,4.386,0.0,100.4,Normal,ALLOW,ddos
1787352962.3827822,1,3,00:00:00:00:00:03,0,66022.92,3565237.84,4.449,0.0,99.5,Normal,ALLOW,ddos
1787352962.3887615,1,2,00:00:00:00:00:02,0,72372.83,3908132.84,4.452,0.0,99.5,Normal,ALLOW,ddos
1787352962.3945072,1,1,00:00:00:00:00:01,0,66022.92,3565237.84,4.264,0.0,99.5,Normal,ALLOW,ddos
1787352963.0508606,1,3,00:00:00:00:00:03,0,69991.0,3779514.0,4.548,0.0,100.3,Normal,ALLOW,ddos
1787352963.0567994,1,2,00:00:00:00:00:02,0,66401.0,3585654.0,4.426,0.0,100.3,Normal,ALLOW,ddos
1787352963.0624847,1,1,00:00:00:00:00:01,0,69992.0,3779568.0,4.229,0.0,100.3,Normal,ALLOW,ddos
1787352963.102698,2,1,00:00:00:00:00:03,0,72737.54,3927827.15,4.615,0.0,0.0,Normal,ALLOW,ddos
1787352963.1089144,2,3,00:00:00:00:00:01,0,72737.54,3927827.15,4.428,0.0,0.0,Normal,ALLOW,ddos
1787352963.1149151,2,2,00:00:00:00:00:04,0,73800.79,3985242.56,4.481,0.0,0.0,Normal,ALLOW,ddos
1787352963.5423665,1,3,00:00:00:00:00:03,0,71972.0,3886488.0,4.435,0.0,102.4,Normal,ALLOW,ddos
1787352963.5481513,1,1,00:00:00:00:00:01,0,71972.0,3886488.0,4.323,0.0,102.4,Normal,ALLOW,ddos
1787352963.5539842,1,2,00:00:00:00:00:02,0,73918.0,3991572.0,4.364,0.0,102.4,Normal,ALLOW,ddos
1787352963.9205136,1,3,00:00:00:00:00:03,0,70651.0,3815154.0,4.549,0.0,97.9,Normal,ALLOW,ddos
1787352963.926313,1,1,00:00:00:00:00:01,0,70651.0,3815154.0,4.333,0.0,97.9,Normal,ALLOW,ddos
1787352963.9320338,1,2,00:00:00:00:00:02,0,77275.0,4172850.0,4.272,0.0,97.9,Normal,ALLOW,ddos
1787352964.0853734,2,1,00:00:00:00:00:03,0,70886.0,3827844.0,4.561,0.0,97.1,Normal,ALLOW,ddos
1787352964.0912318,2,3,00:00:00:00:00:01,0,70886.0,3827844.0,4.347,0.0,97.1,Normal,ALLOW,ddos
1787352964.0970435,2,2,00:00:00:00:00:04,0,72641.0,3922614.0,4.307,0.0,97.1,Normal,ALLOW,ddos
1787352964.974032,1,3,00:00:00:00:00:03,0,64153.49,3464288.63,4.759,0.0,100.1,Normal,ALLOW,ddos
1787352964.979852,1,1,00:00:00:00:00:01,0,64153.49,3464288.63,4.316,0.0,100.1,Normal,ALLOW,ddos
1787352964.9856858,1,2,00:00:00:00:00:02,0,71654.55,3869345.97,4.328,0.0,100.1,Normal,ALLOW,ddos
1787352965.0851493,2,1,00:00:00:00:00:03,0,72425.0,3910950.0,4.414,0.0,98.8,Normal,ALLOW,ddos
1787352965.0910623,2,3,00:00:00:00:00:01,0,72425.0,3910950.0,4.379,0.0,98.8,Normal,ALLOW,ddos
1787352965.096924,2,2,00:00:00:00:00:04,0,72532.0,3916728.0,4.376,0.0,98.8,Normal,ALLOW,ddos
1787352965.9499376,1,3,00:00:00:00:00:03,0,72377.0,3908358.0,4.495,0.0,100.6,Normal,ALLOW,ddos
1787352965.9558823,1,1,00:00:00:00:00:01,0,72377.0,3908358.0,4.401,0.0,100.6,Normal,ALLOW,ddos
1787352965.9617236,1,2,00:00:00:00:00:02,0,76861.0,4150494.0,4.313,0.0,100.6,Normal,ALLOW,ddos
1787352966.085821,2,1,00:00:00:00:00:03,0,72131.23,3895086.56,4.519,0.0,103.0,Normal,ALLOW,ddos
1787352966.091735,2,3,00:00:00:00:00:01,0,72131.23,3895086.56,4.339,0.0,103.0,Normal,ALLOW,ddos
1787352966.0975947,2,2,00:00:00:00:00:04,0,73613.33,3975120.0,4.38,0.0,103.0,Normal,ALLOW,ddos
1787352966.8264897,1,3,00:00:00:00:00:03,0,73048.0,3944592.0,4.575,0.0,99.8,Normal,ALLOW,ddos
1787352966.832351,1,2,00:00:00:00:00:02,0,75295.0,4065930.0,4.382,0.0,99.8,Normal,ALLOW,ddos
1787352966.8381484,1,1,00:00:00:00:00:01,0,73047.0,3944538.0,4.294,0.0,99.8,Normal,ALLOW,ddos
1787352967.0873816,2,1,00:00:00:00:00:03,0,71374.92,3854245.47,4.491,0.0,0.0,Normal,ALLOW,ddos
1787352967.0933533,2,3,00:00:00:00:00:01,0,71374.92,3854245.47,4.463,0.0,0.0,Normal,ALLOW,ddos
1787352967.0992095,2,2,00:00:00:00:00:04,0,74247.43,4009361.39,4.379,0.0,0.0,Normal,ALLOW,ddos
1787352967.8770423,1,3,00:00:00:00:00:03,0,68066.92,3675613.9,4.372,0.0,100.1,Normal,ALLOW,ddos
1787352967.8829105,1,1,00:00:00:00:00:01,0,68066.92,3675613.9,4.382,0.0,100.1,Normal,ALLOW,ddos
1787352967.8888173,1,2,00:00:00:00:00:02,0,72157.68,3896514.54,4.394,0.0,100.1,Normal,ALLOW,ddos
1787352968.0880036,2,1,00:00:00:00:00:03,0,68673.15,3708349.94,4.483,0.0,730.5,Normal,ALLOW,ddos
1787352968.0940168,2,3,00:00:00:00:00:01,0,68673.15,3708349.94,4.401,0.0,730.5,Normal,ALLOW,ddos
1787352968.0999486,2,2,00:00:00:00:00:04,0,71245.69,3847267.34,4.367,0.0,730.5,Normal,ALLOW,ddos
1787352968.8577356,1,3,00:00:00:00:00:03,0,69508.0,3753432.0,4.344,0.0,100.1,Normal,ALLOW,ddos
1787352968.8636007,1,2,00:00:00:00:00:02,0,75201.0,4060854.0,4.28,0.0,100.1,Normal,ALLOW,ddos
1787352968.8695247,1,1,00:00:00:00:00:01,0,69509.0,3753486.0,4.307,0.0,100.1,Normal,ALLOW,ddos
1787352969.090018,2,1,00:00:00:00:00:03,0,70175.46,3789474.9,4.517,0.0,720.5,Normal,ALLOW,ddos
1787352969.0960453,2,3,00:00:00:00:00:01,0,70174.46,3789421.0,4.32,0.0,720.5,Normal,ALLOW,ddos
1787352969.1019855,2,2,00:00:00:00:00:04,0,73094.82,3947120.42,4.434,0.0,720.5,Normal,ALLOW,ddos
1787352969.727592,1,3,00:00:00:00:00:03,0,73002.0,3942108.0,4.425,0.0,98.9,Normal,ALLOW,ddos
1787352969.7335641,1,2,00:00:00:00:00:02,0,74112.0,4002048.0,4.491,0.0,98.9,Normal,ALLOW,ddos
1787352969.7394588,1,1,00:00:00:00:00:01,0,73001.0,3942054.0,4.392,0.0,98.9,Normal,ALLOW,ddos
1787352970.0945802,2,1,00:00:00:00:00:03,0,70783.39,3822303.21,4.442,0.0,98.2,Normal,ALLOW,ddos
1787352970.1005127,2,3,00:00:00:00:00:01,0,70784.39,3822357.0,4.463,0.0,98.2,Normal,ALLOW,ddos
1787352970.106378,2,2,00:00:00:00:00:04,0,73922.04,3991790.11,4.386,0.0,98.2,Normal,ALLOW,ddos
1787352970.8002112,1,3,00:00:00:00:00:03,0,64587.62,3487731.26,4.553,0.0,100.6,Normal,ALLOW,ddos
1787352970.8063128,1,1,00:00:00:00:00:01,0,64587.62,3487731.26,4.541,0.0,100.6,Normal,ALLOW,ddos
1787352970.8121865,1,2,00:00:00:00:00:02,0,70545.85,3809475.83,4.378,0.0,100.6,Normal,ALLOW,ddos
1787352971.0932248,2,1,00:00:00:00:00:03,0,71871.0,3881034.0,4.458,0.0,99.0,Normal,ALLOW,ddos
1787352971.099078,2,3,00:00:00:00:00:01,0,71871.0,3881034.0,4.38,0.0,99.0,Normal,ALLOW,ddos
1787352971.1049495,2,2,00:00:00:00:00:04,0,70774.0,3821796.0,4.402,0.0,99.0,Normal,ALLOW,ddos
1787352971.6746516,1,3,00:00:00:00:00:03,0,69983.0,3779082.0,4.554,0.0,101.4,Normal,ALLOW,ddos
1787352971.6809433,1,2,00:00:00:00:00:02,0,73210.0,3953340.0,4.834,0.0,101.4,Normal,ALLOW,ddos
1787352971.6867876,1,1,00:00:00:00:00:01,0,69983.0,3779082.0,4.352,0.0,101.4,Normal,ALLOW,ddos
1787352972.0949576,2,1,00:00:00:00:00:03,0,70871.75,3827074.7,4.369,0.0,99.9,Normal,ALLOW,ddos
1787352972.100668,2,3,00:00:00:00:00:01,0,70870.76,3827020.8,4.259,0.0,99.9,Normal,ALLOW,ddos
1787352972.1064627,2,2,00:00:00:00:00:04,0,69172.85,3735334.01,4.323,0.0,99.9,Normal,ALLOW,ddos
1787352972.7214935,1,3,00:00:00:00:00:03,0,62171.85,3357280.05,4.54,0.0,98.8,Normal,ALLOW,ddos
1787352972.7272742,1,1,00:00:00:00:00:01,0,62171.85,3357280.05,4.303,0.0,98.8,Normal,ALLOW,ddos
1787352972.7329469,1,2,00:00:00:00:00:02,0,72403.11,3909768.02,4.233,0.0,98.8,Normal,ALLOW,ddos
1787352973.0956163,2,1,00:00:00:00:00:03,0,72922.19,3937798.35,4.442,0.0,726.5,Normal,ALLOW,ddos
1787352973.1015081,2,3,00:00:00:00:00:01,0,72922.19,3937798.35,4.442,0.0,726.5,Normal,ALLOW,ddos
1787352973.107406,2,2,00:00:00:00:00:04,0,73934.99,3992489.25,4.401,0.0,726.5,Normal,ALLOW,ddos
1787352973.6742043,1,3,00:00:00:00:00:03,0,69251.0,3739554.0,4.436,0.0,98.6,Normal,ALLOW,ddos
1787352973.680035,1,1,00:00:00:00:00:01,0,69252.0,3739608.0,4.364,0.0,98.6,Normal,ALLOW,ddos
1787352973.6858733,1,2,00:00:00:00:00:02,0,76197.0,4114638.0,4.359,0.0,98.6,Normal,ALLOW,ddos
1787352974.0958314,2,1,00:00:00:00:00:03,0,72062.0,3891348.0,4.363,0.0,102.0,Normal,ALLOW,ddos
1787352974.1017218,2,3,00:00:00:00:00:01,0,72063.0,3891402.0,4.41,0.0,102.0,Normal,ALLOW,ddos
1787352974.1076267,2,2,00:00:00:00:00:04,0,75542.0,4079268.0,4.407,0.0,102.0,Normal,ALLOW,ddos
1787352974.5287664,1,3,00:00:00:00:00:03,0,69356.0,3745224.0,4.504,0.0,99.1,Normal,ALLOW,ddos
1787352974.5350707,1,1,00:00:00:00:00:01,0,69356.0,3745224.0,4.398,0.0,99.1,Normal,ALLOW,ddos
1787352974.5409217,1,2,00:00:00:00:00:02,0,75593.0,4082022.0,4.365,0.0,99.1,Normal,ALLOW,ddos
1787352975.1005838,2,1,00:00:00:00:00:03,0,73420.62,3964713.42,4.779,0.0,0.0,Normal,ALLOW,ddos
1787352975.106611,2,3,00:00:00:00:00:01,0,73420.62,3964713.42,4.488,0.0,0.0,Normal,ALLOW,ddos
1787352975.1125913,2,2,00:00:00:00:00:04,0,74414.79,4018398.84,4.421,0.0,0.0,Normal,ALLOW,ddos
1787352975.5743506,1,3,00:00:00:00:00:03,0,67831.85,3662919.78,4.403,0.0,99.2,Normal,ALLOW,ddos
1787352975.580151,1,1,00:00:00:00:00:01,0,67830.89,3662868.14,4.311,0.0,99.2,Normal,ALLOW,ddos
1787352975.5859706,1,2,00:00:00:00:00:02,0,71498.18,3860901.49,4.354,0.0,99.2,Normal,ALLOW,ddos
1787352976.101163,2,1,00:00:00:00:00:03,0,70882.79,3827670.64,4.372,0.0,0.0,Normal,ALLOW,ddos
1787352976.1070986,2,3,00:00:00:00:00:01,0,70882.79,3827670.64,4.431,0.0,0.0,Normal,ALLOW,ddos
1787352976.1128547,2,2,00:00:00:00:00:04,0,73769.05,3983528.86,4.28,0.0,0.0,Normal,ALLOW,ddos
1787352976.4559278,1,3,00:00:00:00:00:03,0,69724.0,3765096.0,4.848,0.0,101.8,Normal,ALLOW,ddos
1787352976.4617581,1,2,00:00:00:00:00:02,0,75684.0,4086936.0,4.275,0.0,101.8,Normal,ALLOW,ddos
1787352976.4676244,1,1,00:00:00:00:00:01,0,69725.0,3765150.0,4.322,0.0,101.8,Normal,ALLOW,ddos
1787352977.1016812,2,1,00:00:00:00:00:03,0,69008.0,3726432.0,4.747,0.0,99.1,Normal,ALLOW,ddos
1787352977.107578,2,3,00:00:00:00:00:01,0,69008.0,3726432.0,4.388,0.0,99.1,Normal,ALLOW,ddos
1787352977.113384,2,2,00:00:00:00:00:04,0,75427.0,4073058.0,4.33,0.0,99.1,Normal,ALLOW,ddos
1787352977.5128314,1,3,00:00:00:00:00:03,0,65631.72,3544113.05,4.474,0.0,99.5,Normal,ALLOW,ddos
1787352977.5190072,1,1,00:00:00:00:00:01,0,65630.78,3544061.98,4.312,0.0,99.5,Normal,ALLOW,ddos
1787352977.5248425,1,2,00:00:00:00:00:02,0,71675.72,3870488.74,4.308,0.0,99.5,Normal,ALLOW,ddos
1787352978.1098003,2,1,00:00:00:00:00:03,0,71791.7,3876751.91,7.511,0.0,0.0,Normal,ALLOW,ddos
1787352978.119629,2,3,00:00:00:00:00:01,0,71791.7,3876751.91,7.618,0.0,0.0,Normal,ALLOW,ddos
1787352978.12939,2,2,00:00:00:00:00:04,0,76386.67,4124879.94,7.565,0.0,0.0,Normal,ALLOW,ddos
1787352978.4826477,1,3,00:00:00:00:00:03,0,69583.0,3757482.0,4.466,0.0,98.3,Normal,ALLOW,ddos
1787352978.488585,1,2,00:00:00:00:00:02,0,77015.0,4158810.0,4.423,0.0,98.3,Normal,ALLOW,ddos
1787352978.4944668,1,1,00:00:00:00:00:01,0,69583.0,3757482.0,4.36,0.0,98.3,Normal,ALLOW,ddos
1787352979.1058717,2,1,00:00:00:00:00:03,0,71499.56,3860976.07,4.501,0.0,706.8,Normal,ALLOW,ddos
1787352979.111856,2,3,00:00:00:00:00:01,0,71499.56,3860976.07,4.369,0.0,706.8,Normal,ALLOW,ddos
1787352979.1176586,2,2,00:00:00:00:00:04,0,70600.56,3812430.37,4.293,0.0,706.8,Normal,ALLOW,ddos
1787352979.3415573,1,3,00:00:00:00:00:03,0,70870.0,3826980.0,4.302,0.0,101.9,Normal,ALLOW,ddos
1787352979.3471496,1,1,00:00:00:00:00:01,0,70871.0,3827034.0,4.167,0.0,101.9,Normal,ALLOW,ddos
1787352979.3532062,1,2,00:00:00:00:00:02,0,75615.0,4083210.0,4.195,0.0,101.9,Normal,ALLOW,ddos
1787352980.1080089,2,1,00:00:00:00:00:03,0,69185.36,3736009.26,4.438,0.0,0.0,Normal,ALLOW,ddos
1787352980.113913,2,3,00:00:00:00:00:01,0,69185.36,3736009.26,4.412,0.0,0.0,Normal,ALLOW,ddos
1787352980.119799,2,2,00:00:00:00:00:04,0,72949.22,3939257.65,4.364,0.0,0.0,Normal,ALLOW,ddos
1787352980.4701548,1,3,00:00:00:00:00:03,0,62013.97,3348754.26,4.945,0.0,99.7,Normal,ALLOW,ddos
1787352980.476094,1,2,00:00:00:00:00:02,0,69961.54,3777923.36,4.422,0.0,99.7,Normal,ALLOW,ddos
1787352980.481858,1,1,00:00:00:00:00:01,0,62013.08,3348706.38,4.282,0.0,99.7,Normal,ALLOW,ddos
1787352981.1099503,2,1,00:00:00:00:00:03,0,71522.77,3862229.77,4.518,0.0,0.0,Normal,ALLOW,ddos
1787352981.115894,2,3,00:00:00:00:00:01,0,71522.77,3862229.77,4.444,0.0,0.0,Normal,ALLOW,ddos
1787352981.1219993,2,2,00:00:00:00:00:04,0,75921.27,4099748.74,4.528,0.0,0.0,Normal,ALLOW,ddos
1787352981.3677137,1,3,00:00:00:00:00:03,0,71535.0,3862890.0,4.715,0.0,101.1,Normal,ALLOW,ddos
1787352981.3738248,1,2,00:00:00:00:00:02,0,81778.0,4416012.0,4.592,0.0,101.1,Normal,ALLOW,ddos
1787352981.379692,1,1,00:00:00:00:00:01,0,81777.0,4415958.0,4.382,0.0,101.1,Normal,ALLOW,ddos
1787352981.3855906,1,1,00:00:00:00:00:01,0,71536.0,3862944.0,4.46,0.0,101.1,Normal,ALLOW,ddos
1787352982.1119852,2,1,00:00:00:00:00:03,0,72375.85,3908295.96,4.354,0.0,727.3,Normal,ALLOW,ddos
1787352982.117947,2,3,00:00:00:00:00:01,0,72375.85,3908295.96,4.447,0.0,727.3,Normal,ALLOW,ddos
1787352982.1242971,2,2,00:00:00:00:00:04,0,73597.18,3974247.85,4.5,0.0,727.3,Normal,ALLOW,ddos
1787352982.4496891,1,3,00:00:00:00:00:03,0,65226.57,3522235.03,4.612,0.0,98.0,Normal,ALLOW,ddos
1787352982.4557683,1,2,00:00:00:00:00:02,0,74374.84,4016241.41,4.554,0.0,98.0,Normal,ALLOW,ddos
1787352982.4616385,1,1,00:00:00:00:00:01,0,74374.84,4016241.41,4.37,0.0,98.0,Normal,ALLOW,ddos
1787352982.4676735,1,1,00:00:00:00:00:01,0,65226.57,3522235.03,4.426,0.0,98.0,Normal,ALLOW,ddos
1787352983.1134582,2,1,00:00:00:00:00:03,0,71797.59,3877069.83,4.503,0.0,99.4,Normal,ALLOW,ddos
1787352983.1195655,2,3,00:00:00:00:00:01,0,71797.59,3877069.83,4.616,0.0,99.4,Normal,ALLOW,ddos
1787352983.1255138,2,2,00:00:00:00:00:04,0,75062.07,4053351.78,4.409,0.0,99.4,Normal,ALLOW,ddos
1787352983.4393134,1,3,00:00:00:00:00:03,0,69199.0,3736746.0,4.894,0.0,101.4,Normal,ALLOW,ddos
1787352983.4453022,1,2,00:00:00:00:00:02,0,81342.0,4392468.0,4.446,0.0,101.4,Normal,ALLOW,ddos
1787352983.4511309,1,1,00:00:00:00:00:01,0,69198.0,3736692.0,4.356,0.0,101.4,Normal,ALLOW,ddos
1787352983.4569154,1,1,00:00:00:00:00:01,0,81342.0,4392468.0,4.338,0.0,101.4,Normal,ALLOW,ddos
1787352984.1152964,2,1,00:00:00:00:00:03,0,71657.37,3869498.14,4.375,0.0,0.0,Normal,ALLOW,ddos
1787352984.1212702,2,3,00:00:00:00:00:01,0,71656.38,3869444.27,4.452,0.0,0.0,Normal,ALLOW,ddos
1787352984.1272652,2,2,00:00:00:00:00:04,0,72817.5,3932144.85,4.479,0.0,0.0,Normal,ALLOW,ddos
1787352984.3294556,1,3,00:00:00:00:00:03,0,69384.0,3746736.0,4.44,0.0,98.3,Normal,ALLOW,ddos
1787352984.335361,1,2,00:00:00:00:00:02,0,81828.0,4418712.0,4.409,0.0,98.3,Normal,ALLOW,ddos
1787352984.3416307,1,1,00:00:00:00:00:01,0,81828.0,4418712.0,4.214,0.0,98.3,Normal,ALLOW,ddos
1787352984.3474176,1,1,00:00:00:00:00:01,0,69385.0,3746790.0,4.324,0.0,98.3,Normal,ALLOW,ddos
1787352985.1165729,2,1,00:00:00:00:00:03,0,73185.7,3952027.76,4.494,0.0,100.4,Normal,ALLOW,ddos
1787352985.12249,2,3,00:00:00:00:00:01,0,73186.7,3952081.72,4.411,0.0,100.4,Normal,ALLOW,ddos
1787352985.1283045,2,2,00:00:00:00:00:04,0,72814.97,3932008.61,4.363,0.0,100.4,Normal,ALLOW,ddos
1787352985.4277308,1,3,00:00:00:00:00:03,0,63501.13,3429061.03,4.48,0.0,95.3,Normal,ALLOW,ddos
1787352985.4336424,1,2,00:00:00:00:00:02,0,73811.21,3985805.31,4.389,0.0,95.3,Normal,ALLOW,ddos
1787352985.4397657,1,1,00:00:00:00:00:01,0,63501.13,3429061.03,4.449,0.0,95.3,Normal,ALLOW,ddos
1787352985.445729,1,1,00:00:00:00:00:01,0,73811.21,3985805.31,4.341,0.0,95.3,Normal,ALLOW,ddos
1787352986.1156223,2,1,00:00:00:00:00:03,0,71215.0,3845610.0,4.272,0.0,100.3,Normal,ALLOW,ddos
1787352986.1212916,2,3,00:00:00:00:00:01,0,71214.0,3845556.0,4.217,0.0,100.3,Normal,ALLOW,ddos
1787352986.1270573,2,2,00:00:00:00:00:04,0,75177.0,4059558.0,4.286,0.0,100.3,Normal,ALLOW,ddos
1787352986.404304,1,3,00:00:00:00:00:03,0,69396.0,3747384.0,4.509,0.0,100.2,Normal,ALLOW,ddos
1787352986.410405,1,2,00:00:00:00:00:02,0,81424.0,4396896.0,4.4,0.0,100.2,Normal,ALLOW,ddos
1787352986.4161983,1,1,00:00:00:00:00:01,0,81425.0,4396950.0,4.329,0.0,100.2,Normal,ALLOW,ddos
1787352986.4232285,1,1,00:00:00:00:00:01,0,69395.0,3747330.0,5.436,0.0,100.2,Normal,ALLOW,ddos
1787352987.1178901,2,1,00:00:00:00:00:03,0,69853.13,3772069.16,4.346,0.0,99.4,Normal,ALLOW,ddos
1787352987.123819,2,3,00:00:00:00:00:01,0,69854.13,3772123.04,4.241,0.0,99.4,Normal,ALLOW,ddos
1787352987.1295764,2,2,00:00:00:00:00:04,0,74897.88,4044485.3,4.176,0.0,99.4,Normal,ALLOW,ddos
1787352987.2883284,1,3,00:00:00:00:00:03,0,69901.0,3774654.0,4.627,0.0,105.9,Normal,ALLOW,ddos
1787352987.294225,1,2,00:00:00:00:00:02,0,80101.0,4325454.0,4.363,0.0,105.9,Normal,ALLOW,ddos
1787352987.2999074,1,1,00:00:00:00:00:01,0,80101.0,4325454.0,4.235,0.0,105.9,Normal,ALLOW,ddos
1787352987.3061297,1,1,00:00:00:00:00:01,0,69902.0,3774708.0,4.159,0.0,105.9,Normal,ALLOW,ddos
1787352988.1227918,2,1,00:00:00:00:00:03,0,71231.12,3846480.58,4.685,0.0,0.0,Normal,ALLOW,ddos
1787352988.129174,2,3,00:00:00:00:00:01,0,71231.12,3846480.58,4.699,0.0,0.0,Normal,ALLOW,ddos
1787352988.1353314,2,2,00:00:00:00:00:04,0,75051.41,4052776.18,4.579,0.0,0.0,Normal,ALLOW,ddos
1787352988.385045,1,3,00:00:00:00:00:03,0,62316.02,3365065.35,4.518,0.0,99.2,Normal,ALLOW,ddos
1787352988.3910005,1,2,00:00:00:00:00:02,0,74429.86,4019212.66,4.458,0.0,99.2,Normal,ALLOW,ddos
1787352988.3967688,1,1,00:00:00:00:00:01,0,62316.02,3365065.35,4.305,0.0,99.2,Normal,ALLOW,ddos
1787352988.4026105,1,1,00:00:00:00:00:01,0,74429.86,4019212.66,4.408,0.0,99.2,Normal,ALLOW,ddos
1787352989.1203098,2,1,00:00:00:00:00:03,0,73622.0,3975588.0,4.897,0.0,100.7,Normal,ALLOW,ddos
1787352989.1264775,2,3,00:00:00:00:00:01,0,73622.0,3975588.0,4.5,0.0,100.7,Normal,ALLOW,ddos
1787352989.132864,2,2,00:00:00:00:00:04,0,74180.0,4005720.0,4.809,0.0,100.7,Normal,ALLOW,ddos
1787352989.381443,1,3,00:00:00:00:00:03,0,69225.0,3738150.0,4.555,0.0,95.5,Normal,ALLOW,ddos
1787352989.3880038,1,2,00:00:00:00:00:02,0,80921.0,4369734.0,4.569,0.0,95.5,Normal,ALLOW,ddos
1787352989.3938217,1,1,00:00:00:00:00:01,0,69224.0,3738096.0,4.3,0.0,95.5,Normal,ALLOW,ddos
1787352989.4005573,1,1,00:00:00:00:00:01,0,80921.0,4369734.0,5.269,0.0,95.5,Normal,ALLOW,ddos
1787352990.1214476,2,1,00:00:00:00:00:03,0,71697.95,3871689.2,4.426,0.0,101.4,Normal,ALLOW,ddos
1787352990.1273708,2,3,00:00:00:00:00:01,0,71697.95,3871689.2,4.393,0.0,101.4,Normal,ALLOW,ddos
1787352990.1334476,2,2,00:00:00:00:00:04,0,77599.38,4190366.71,4.555,0.0,101.4,Normal,ALLOW,ddos
1787352990.2769265,1,3,00:00:00:00:00:03,0,70902.0,3828708.0,4.534,0.0,95.7,Normal,ALLOW,ddos
1787352990.2829158,1,2,00:00:00:00:00:02,0,80073.0,4323942.0,4.491,0.0,95.7,Normal,ALLOW,ddos
1787352990.2890024,1,1,00:00:00:00:00:01,0,70902.0,3828708.0,4.511,0.0,95.7,Normal,ALLOW,ddos
1787352990.2949843,1,1,00:00:00:00:00:01,0,80073.0,4323942.0,4.471,0.0,95.7,Normal,ALLOW,ddos
1787352991.1235795,2,1,00:00:00:00:00:03,0,72339.9,3906354.68,4.636,0.0,100.4,Normal,ALLOW,ddos
1787352991.129675,2,3,00:00:00:00:00:01,0,72339.9,3906354.68,4.546,0.0,100.4,Normal,ALLOW,ddos
1787352991.1357546,2,2,00:00:00:00:00:04,0,75633.57,4084212.69,4.499,0.0,100.4,Normal,ALLOW,ddos
1787352991.441844,1,3,00:00:00:00:00:03,0,63273.93,3416792.37,4.524,0.0,97.2,Normal,ALLOW,ddos
1787352991.4477828,1,2,00:00:00:00:00:02,0,70118.39,3786393.31,4.417,0.0,97.2,Normal,ALLOW,ddos
1787352991.454086,1,1,00:00:00:00:00:01,0,63274.79,3416838.73,4.803,0.0,97.2,Normal,ALLOW,ddos
1787352991.459857,1,1,00:00:00:00:00:01,0,70117.54,3786346.96,4.284,0.0,97.2,Normal,ALLOW,ddos
1787352992.1263885,2,1,00:00:00:00:00:03,0,72922.0,3937788.0,7.52,0.0,99.8,Normal,ALLOW,ddos
1787352992.1363292,2,3,00:00:00:00:00:01,0,72921.0,3937734.0,7.696,0.0,99.8,Normal,ALLOW,ddos
1787352992.1429033,2,2,00:00:00:00:00:04,0,75053.0,4052862.0,4.586,0.0,99.8,Normal,ALLOW,ddos
1787352992.3415842,1,3,00:00:00:00:00:03,0,71380.0,3854520.0,4.452,0.0,99.4,Normal,ALLOW,ddos
1787352992.3474467,1,2,00:00:00:00:00:02,0,81907.0,4422978.0,4.377,0.0,99.4,Normal,ALLOW,ddos
1787352992.353431,1,1,00:00:00:00:00:01,0,71379.0,3854466.0,4.462,0.0,99.4,Normal,ALLOW,ddos
1787352992.3593023,1,1,00:00:00:00:00:01,0,81908.0,4423032.0,4.343,0.0,99.4,Normal,ALLOW,ddos
1787352993.12485,2,1,00:00:00:00:00:03,0,67722.53,3657016.4,4.398,0.0,100.9,Normal,ALLOW,ddos
1787352993.1308508,2,3,00:00:00:00:00:01,0,67723.52,3657070.3,4.387,0.0,100.9,Normal,ALLOW,ddos
1787352993.136776,2,2,00:00:00:00:00:04,0,72335.91,3906139.16,4.348,0.0,100.9,Normal,ALLOW,ddos
1787352993.4394028,1,3,00:00:00:00:00:03,0,65689.96,3547257.81,4.524,0.0,98.4,Normal,ALLOW,ddos
1787352993.4452364,1,2,00:00:00:00:00:02,0,74271.37,4010653.85,4.367,0.0,98.4,Normal,ALLOW,ddos
1787352993.4510365,1,1,00:00:00:00:00:01,0,65690.87,3547307.01,4.323,0.0,98.4,Normal,ALLOW,ddos
1787352993.457096,1,1,00:00:00:00:00:01,0,74271.37,4010653.85,4.46,0.0,98.4,Normal,ALLOW,ddos
1787352994.126932,2,1,00:00:00:00:00:03,0,73811.19,3985804.17,4.395,0.0,0.0,Normal,ALLOW,ddos
1787352994.1329439,2,3,00:00:00:00:00:01,0,73811.19,3985804.17,4.4,0.0,0.0,Normal,ALLOW,ddos
1787352994.138884,2,2,00:00:00:00:00:04,0,76839.4,4149327.66,4.315,0.0,0.0,Normal,ALLOW,ddos
1787352994.4844303,1,3,00:00:00:00:00:03,0,69791.88,3768761.67,4.878,0.0,101.0,Normal,ALLOW,ddos
1787352994.490488,1,2,00:00:00:00:00:02,0,82010.2,4428550.77,4.454,0.0,101.0,Normal,ALLOW,ddos
1787352994.4964526,1,1,00:00:00:00:00:01,0,69791.88,3768761.67,4.364,0.0,101.0,Normal,ALLOW,ddos
1787352994.50235,1,1,00:00:00:00:00:01,0,82009.24,4428499.09,4.351,0.0,101.0,Normal,ALLOW,ddos
1787352995.1316297,2,1,00:00:00:00:00:03,0,72173.87,3897389.01,5.17,0.0,99.1,Normal,ALLOW,ddos
1787352995.1377985,2,3,00:00:00:00:00:01,0,72173.87,3897389.01,4.535,0.0,99.1,Normal,ALLOW,ddos
1787352995.1437619,2,2,00:00:00:00:00:04,0,78039.96,4214157.92,4.356,0.0,99.1,Normal,ALLOW,ddos
1787352995.3731434,1,3,00:00:00:00:00:03,0,68991.0,3725514.0,4.424,0.0,99.2,Normal,ALLOW,ddos
1787352995.3791492,1,2,00:00:00:00:00:02,0,82658.0,4463532.0,4.402,0.0,99.2,Normal,ALLOW,ddos
1787352995.3850255,1,1,00:00:00:00:00:01,0,68990.0,3725460.0,4.301,0.0,99.2,Normal,ALLOW,ddos
1787352995.3909335,1,1,00:00:00:00:00:01,0,82658.0,4463532.0,4.366,0.0,99.2,Normal,ALLOW,ddos
1787352996.1316462,2,1,00:00:00:00:00:03,0,73781.3,3984190.37,4.788,0.0,0.0,Normal,ALLOW,ddos
1787352996.1377099,2,3,00:00:00:00:00:01,0,73780.31,3984136.47,4.461,0.0,0.0,Normal,ALLOW,ddos
1787352996.1436288,2,2,00:00:00:00:00:04,0,73857.16,3988286.45,4.375,0.0,0.0,Normal,ALLOW,ddos
1787352996.4414973,1,3,00:00:00:00:00:03,0,64857.21,3502289.29,5.049,0.0,100.4,Normal,ALLOW,ddos
1787352996.4474926,1,2,00:00:00:00:00:02,0,77261.09,4172098.95,4.401,0.0,100.4,Normal,ALLOW,ddos
1787352996.4537566,1,1,00:00:00:00:00:01,0,64857.21,3502289.29,4.751,0.0,100.4,Normal,ALLOW,ddos
1787352996.4596436,1,1,00:00:00:00:00:01,0,77262.03,4172149.53,4.302,0.0,100.4,Normal,ALLOW,ddos
1787352997.9912786,1,3,00:00:00:00:00:03,0,45816.28,2474079.18,4.568,0.0,99.0,Normal,ALLOW,ddos
1787352997.9972606,1,2,00:00:00:00:00:02,0,52247.49,2821364.19,4.458,0.0,99.0,Normal,ALLOW,ddos
1787352998.0032425,1,1,00:00:00:00:00:01,0,45816.93,2474114.01,4.426,0.0,99.0,Normal,ALLOW,ddos
1787352998.0092518,1,1,00:00:00:00:00:01,0,52247.49,2821364.19,4.421,0.0,99.0,Normal,ALLOW,ddos
1787352999.1494136,2,3,00:00:00:00:00:01,0,23450.73,1266339.27,4.489,0.0,117.9,Normal,ALLOW,ddos
1787352999.1559045,2,2,00:00:00:00:00:04,0,25267.55,1364447.82,4.873,0.0,117.9,Normal,ALLOW,ddos
1787352999.1632364,2,3,00:00:00:00:00:01,0,73321.0,3959334.0,4.364,0.0,71.1,Normal,ALLOW,ddos
1787352999.169137,2,2,00:00:00:00:00:04,0,76372.0,4124088.0,4.341,0.0,71.1,Normal,ALLOW,ddos
1787352999.175102,2,1,00:00:00:00:00:03,0,71235.0,3846690.0,4.367,0.0,71.1,Normal,ALLOW,ddos
1787352999.1824574,2,3,00:00:00:00:00:01,0,73452.0,3966408.0,4.39,0.0,104.1,Normal,ALLOW,ddos
1787352999.188539,2,2,00:00:00:00:00:04,0,75555.0,4079970.0,4.507,0.0,104.1,Normal,ALLOW,ddos
1787352999.1947148,2,1,00:00:00:00:00:03,0,71335.0,3852090.0,4.381,0.0,104.1,Normal,ALLOW,ddos
1787352999.7229125,1,3,00:00:00:00:00:03,0,42193.51,2278449.62,4.462,0.0,100.0,Normal,ALLOW,ddos
1787352999.728802,1,2,00:00:00:00:00:02,0,47463.01,2563002.48,4.314,0.0,100.0,Normal,ALLOW,ddos
1787352999.7346652,1,1,00:00:00:00:00:01,0,42193.51,2278449.62,4.337,0.0,100.0,Normal,ALLOW,ddos
1787352999.740511,1,1,00:00:00:00:00:01,0,47463.01,2563002.48,4.263,0.0,100.0,Normal,ALLOW,ddos
1787353001.8064196,1,3,00:00:00:00:00:03,0,34342.76,1854509.28,4.314,0.0,100.6,Normal,ALLOW,ddos
1787353001.8122067,1,2,00:00:00:00:00:02,0,39348.28,2124807.38,4.309,0.0,100.6,Normal,ALLOW,ddos
1787353001.8178825,1,1,00:00:00:00:00:01,0,34342.28,1854483.37,4.222,0.0,100.6,Normal,ALLOW,ddos
1787353001.8236032,1,1,00:00:00:00:00:01,0,39348.28,2124807.38,4.279,0.0,100.6,Normal,ALLOW,ddos
1787353001.8293004,1,3,00:00:00:00:00:04,0,35523.84,1918287.19,4.285,0.0,100.6,Normal,ALLOW,ddos
1787353001.946713,2,3,00:00:00:00:00:01,0,26604.26,1436629.78,4.506,0.0,93.1,Normal,ALLOW,ddos
1787353001.9527285,2,2,00:00:00:00:00:04,0,28532.73,1540767.66,4.514,0.0,93.1,Normal,ALLOW,ddos
1787353001.9587014,2,1,00:00:00:00:00:03,0,26569.88,1434773.32,4.461,0.0,93.1,Normal,ALLOW,ddos
1787353001.9660797,2,3,00:00:00:00:00:01,0,15987.0,863298.0,4.401,0.0,98.6,Normal,ALLOW,ddos
1787353001.9720466,2,2,00:00:00:00:00:04,0,79011.0,4266594.0,4.353,0.0,98.6,Normal,ALLOW,ddos
1787353001.9778469,2,1,00:00:00:00:00:03,0,115519.0,6238026.0,4.347,0.0,98.6,Normal,ALLOW,ddos
1787353001.9837577,2,3,00:00:00:00:00:01,0,81166.0,4382964.0,4.466,0.0,98.6,Normal,ALLOW,ddos
1787353002.1489196,2,2,00:00:00:00:00:04,0,70518.0,3807972.0,4.47,0.0,104.2,Normal,ALLOW,ddos
1787353002.154797,2,1,00:00:00:00:00:03,0,129104.0,6971616.0,4.373,0.0,104.2,Normal,ALLOW,ddos
1787353002.160578,2,3,00:00:00:00:00:01,0,72724.0,3927096.0,4.305,0.0,104.2,Normal,ALLOW,ddos
1787353002.902564,1,3,00:00:00:00:00:03,0,64732.94,3495578.79,4.501,0.0,100.8,Normal,ALLOW,ddos
1787353002.908538,1,2,00:00:00:00:00:02,0,72937.25,3938611.62,4.472,0.0,100.8,Normal,ALLOW,ddos
1787353002.9145687,1,1,00:00:00:00:00:01,0,64732.94,3495578.79,4.492,0.0,100.8,Normal,ALLOW,ddos
1787353002.9204187,1,1,00:00:00:00:00:01,0,72937.25,3938611.62,4.363,0.0,100.8,Normal,ALLOW,ddos
1787353002.926294,1,3,00:00:00:00:00:04,0,67008.72,3618471.0,4.364,0.0,100.8,Normal,ALLOW,ddos
1787353003.1500125,2,2,00:00:00:00:00:04,0,74892.1,4044173.2,4.42,0.0,97.0,Normal,ALLOW,ddos
1787353003.1558874,2,1,00:00:00:00:00:03,0,131126.59,7080836.06,4.397,0.0,97.0,Normal,ALLOW,ddos
1787353003.1617184,2,3,00:00:00:00:00:01,0,78893.51,4260249.36,4.372,0.0,97.0,Normal,ALLOW,ddos
1787353003.7597241,1,3,00:00:00:00:00:03,0,69174.0,3735396.0,4.603,0.0,99.9,Normal,ALLOW,ddos
1787353003.7654145,1,2,00:00:00:00:00:02,0,81148.0,4381992.0,4.244,0.0,99.9,Normal,ALLOW,ddos
1787353003.7712033,1,1,00:00:00:00:00:01,0,69174.0,3735396.0,4.203,0.0,99.9,Normal,ALLOW,ddos
1787353003.7768726,1,1,00:00:00:00:00:01,0,81147.0,4381938.0,4.219,0.0,99.9,Normal,ALLOW,ddos
1787353003.7825458,1,3,00:00:00:00:00:04,0,72688.0,3925152.0,4.225,0.0,99.9,Normal,ALLOW,ddos
1787353004.1542947,2,2,00:00:00:00:00:04,0,76277.82,4119002.04,4.797,0.0,0.0,Normal,ALLOW,ddos
1787353004.1604748,2,1,00:00:00:00:00:03,0,131484.19,7100146.03,4.666,0.0,0.0,Normal,ALLOW,ddos
1787353004.1666334,2,3,00:00:00:00:00:01,0,80396.31,4341400.83,4.632,0.0,0.0,Normal,ALLOW,ddos
1787353004.8398597,1,3,00:00:00:00:00:03,0,65313.23,3526914.17,4.559,0.0,99.2,Normal,ALLOW,ddos
1787353004.8457572,1,2,00:00:00:00:00:02,0,76867.25,4150831.29,4.411,0.0,99.2,Normal,ALLOW,ddos
1787353004.8515906,1,1,00:00:00:00:00:01,0,65313.23,3526914.17,4.368,0.0,99.2,Normal,ALLOW,ddos
1787353004.857443,1,1,00:00:00:00:00:01,0,76867.25,4150831.29,4.385,0.0,99.2,Normal,ALLOW,ddos
1787353004.8632073,1,3,00:00:00:00:00:04,0,67246.46,3631308.66,4.315,0.0,99.2,Normal,ALLOW,ddos
1787353005.1562703,2,2,00:00:00:00:00:04,0,75271.82,4064678.24,4.575,0.0,0.0,Normal,ALLOW,ddos
1787353005.1620731,2,1,00:00:00:00:00:03,0,126884.07,6851739.93,4.312,0.0,0.0,Normal,ALLOW,ddos
1787353005.1679718,2,3,00:00:00:00:00:01,0,79319.51,4283253.35,4.288,0.0,0.0,Normal,ALLOW,ddos
1787353005.812202,1,3,00:00:00:00:00:03,0,69707.0,3764178.0,4.441,0.0,100.7,Normal,ALLOW,ddos
1787353005.8182118,1,2,00:00:00:00:00:02,0,83082.0,4486428.0,4.47,0.0,100.7,Normal,ALLOW,ddos
1787353005.8245275,1,1,00:00:00:00:00:01,0,69708.0,3764232.0,4.297,0.0,100.7,Normal,ALLOW,ddos
1787353005.8304427,1,1,00:00:00:00:00:01,0,83082.0,4486428.0,4.316,0.0,100.7,Normal,ALLOW,ddos
1787353005.8362427,1,3,00:00:00:00:00:04,0,72602.0,3920508.0,4.358,0.0,100.7,Normal,ALLOW,ddos
1787353006.156782,2,2,00:00:00:00:00:04,0,76402.0,4125708.0,4.808,0.0,98.8,Normal,ALLOW,ddos
1787353006.1625884,2,1,00:00:00:00:00:03,0,130801.0,7063254.0,4.33,0.0,98.8,Normal,ALLOW,ddos
1787353006.1684384,2,3,00:00:00:00:00:01,0,80496.0,4346784.0,4.415,0.0,98.8,Normal,ALLOW,ddos
1787353006.879415,1,3,00:00:00:00:00:03,0,68020.59,3673112.01,4.491,0.0,100.9,Normal,ALLOW,ddos
1787353006.8854065,1,2,00:00:00:00:00:02,0,80035.91,4321939.24,4.45,0.0,100.9,Normal,ALLOW,ddos
1787353006.891402,1,1,00:00:00:00:00:01,0,68019.66,3673061.41,4.403,0.0,100.9,Normal,ALLOW,ddos
1787353006.897297,1,1,00:00:00:00:00:01,0,80036.85,4321989.84,4.413,0.0,100.9,Normal,ALLOW,ddos
1787353006.9031544,1,3,00:00:00:00:00:04,0,69636.94,3760394.78,4.389,0.0,100.9,Normal,ALLOW,ddos
1787353007.1585143,2,2,00:00:00:00:00:04,0,75839.84,4095351.36,4.506,0.0,100.3,Normal,ALLOW,ddos
1787353007.1643202,2,1,00:00:00:00:00:03,0,126694.78,6841518.37,4.344,0.0,100.3,Normal,ALLOW,ddos
1787353007.1701443,2,3,00:00:00:00:00:01,0,79902.37,4314727.86,4.374,0.0,100.3,Normal,ALLOW,ddos
1787353007.8880208,1,3,00:00:00:00:00:03,0,72118.7,3894409.89,4.458,0.0,98.5,Normal,ALLOW,ddos
1787353007.894343,1,2,00:00:00:00:00:02,0,82940.18,4478769.46,4.31,0.0,98.5,Normal,ALLOW,ddos
1787353007.9002125,1,1,00:00:00:00:00:01,0,72118.7,3894409.89,4.388,0.0,98.5,Normal,ALLOW,ddos
1787353007.9060214,1,1,00:00:00:00:00:01,0,82940.18,4478769.46,4.313,0.0,98.5,Normal,ALLOW,ddos
1787353007.911851,1,3,00:00:00:00:00:04,0,73184.49,3951962.48,4.308,0.0,98.5,Normal,ALLOW,ddos
1787353008.16211,2,2,00:00:00:00:00:04,0,74937.48,4046623.66,4.592,0.0,0.0,Normal,ALLOW,ddos
1787353008.1681826,2,1,00:00:00:00:00:03,0,126652.74,6839248.01,4.507,0.0,0.0,Normal,ALLOW,ddos
1787353008.174148,2,3,00:00:00:00:00:01,0,78883.39,4259702.95,4.42,0.0,0.0,Normal,ALLOW,ddos
1787353008.7700753,1,3,00:00:00:00:00:03,0,72438.0,3911652.0,4.451,0.0,98.7,Normal,ALLOW,ddos
1787353008.7762835,1,2,00:00:00:00:00:02,0,84180.0,4545720.0,4.393,0.0,98.7,Normal,ALLOW,ddos
1787353008.782157,1,1,00:00:00:00:00:01,0,72438.0,3911652.0,4.316,0.0,98.7,Normal,ALLOW,ddos
1787353008.788266,1,3,00:00:00:00:00:04,0,74204.0,4007016.0,4.538,0.0,98.7,Normal,ALLOW,ddos
1787353008.7941997,1,1,00:00:00:00:00:01,0,84179.0,4545666.0,4.424,0.0,98.7,Normal,ALLOW,ddos
1787353009.1624002,2,2,00:00:00:00:00:04,0,74153.25,4004275.43,4.511,0.0,0.0,Normal,ALLOW,ddos
1787353009.1683474,2,1,00:00:00:00:00:03,0,126651.4,6839175.5,4.442,0.0,0.0,Normal,ALLOW,ddos
1787353009.1742473,2,3,00:00:00:00:00:01,0,78237.0,4224798.24,4.393,0.0,0.0,Normal,ALLOW,ddos
1787353009.9070675,1,3,00:00:00:00:00:03,0,63697.11,3439643.98,4.488,0.0,100.8,Normal,ALLOW,ddos
1787353009.9128802,1,2,00:00:00:00:00:02,0,72821.07,3932337.93,4.285,0.0,100.8,Normal,ALLOW,ddos
1787353009.9187458,1,1,00:00:00:00:00:01,0,63697.99,3439691.48,4.385,0.0,100.8,Normal,ALLOW,ddos
1787353009.925092,1,1,00:00:00:00:00:01,0,72821.95,3932385.43,4.811,0.0,100.8,Normal,ALLOW,ddos
1787353009.9308457,1,3,00:00:00:00:00:04,0,63792.1,3444773.24,4.299,0.0,100.8,Normal,ALLOW,ddos
1787353010.163274,2,2,00:00:00:00:00:04,0,74648.48,4031017.7,4.491,0.0,0.0,Normal,ALLOW,ddos
1787353010.1692157,2,1,00:00:00:00:00:03,0,125897.12,6798444.4,4.443,0.0,0.0,Normal,ALLOW,ddos
1787353010.1750913,2,3,00:00:00:00:00:01,0,78829.69,4256803.47,4.345,0.0,0.0,Normal,ALLOW,ddos
1787353010.8725042,1,3,00:00:00:00:00:03,0,72175.0,3897450.0,4.59,0.0,100.2,Normal,ALLOW,ddos
1787353010.8785741,1,2,00:00:00:00:00:02,0,85091.0,4594914.0,4.448,0.0,100.2,Normal,ALLOW,ddos
1787353010.8844543,1,1,00:00:00:00:00:01,0,72175.0,3897450.0,4.374,0.0,100.2,Normal,ALLOW,ddos
1787353010.8907459,1,1,00:00:00:00:00:01,0,85091.0,4594914.0,4.622,0.0,100.2,Normal,ALLOW,ddos
1787353010.8967671,1,3,00:00:00:00:00:04,0,73658.0,3977532.0,4.399,0.0,100.2,Normal,ALLOW,ddos
1787353011.1678033,2,2,00:00:00:00:00:04,0,74185.84,4006035.12,4.482,0.0,0.0,Normal,ALLOW,ddos
1787353011.1737514,2,1,00:00:00:00:00:03,0,125374.88,6770243.43,4.395,0.0,0.0,Normal,ALLOW,ddos
1787353011.1796083,2,3,00:00:00:00:00:01,0,78222.54,4224017.36,4.366,0.0,0.0,Normal,ALLOW,ddos
1787353011.8580878,1,3,00:00:00:00:00:03,0,71536.0,3862944.0,4.672,0.0,101.5,Normal,ALLOW,ddos
1787353011.8639622,1,2,00:00:00:00:00:02,0,85760.0,4631040.0,4.327,0.0,101.5,Normal,ALLOW,ddos
1787353011.869834,1,1,00:00:00:00:00:01,0,71536.0,3862944.0,4.348,0.0,101.5,Normal,ALLOW,ddos
1787353011.8761518,1,3,00:00:00:00:00:04,0,74415.0,4018410.0,4.284,0.0,101.5,Normal,ALLOW,ddos
1787353011.8819854,1,1,00:00:00:00:00:01,0,85760.0,4631040.0,4.375,0.0,101.5,Normal,ALLOW,ddos
1787353012.1668928,2,2,00:00:00:00:00:04,0,74608.0,4028832.0,4.632,0.0,100.4,Normal,ALLOW,ddos
1787353012.1728747,2,1,00:00:00:00:00:03,0,129019.0,6967026.0,4.479,0.0,100.4,Normal,ALLOW,ddos
1787353012.1787364,2,3,00:00:00:00:00:01,0,78679.0,4248666.0,4.36,0.0,100.4,Normal,ALLOW,ddos
1787353012.9318225,1,3,00:00:00:00:00:03,0,63978.8,3454855.03,4.398,0.0,99.2,Normal,ALLOW,ddos
1787353012.9378593,1,2,00:00:00:00:00:02,0,77352.41,4177029.95,4.446,0.0,99.2,Normal,ALLOW,ddos
1787353012.9437695,1,1,00:00:00:00:00:01,0,63977.87,3454804.75,4.376,0.0,99.2,Normal,ALLOW,ddos
1787353012.9496822,1,1,00:00:00:00:00:01,0,77351.48,4176979.67,4.417,0.0,99.2,Normal,ALLOW,ddos
1787353012.955605,1,3,00:00:00:00:00:04,0,66376.42,3584326.62,4.435,0.0,99.2,Normal,ALLOW,ddos
1787353013.1698086,2,2,00:00:00:00:00:04,0,72603.24,3920574.95,4.571,0.0,0.0,Normal,ALLOW,ddos
1787353013.1757963,2,1,00:00:00:00:00:03,0,126846.11,6849690.02,4.34,0.0,0.0,Normal,ALLOW,ddos
1787353013.1817577,2,3,00:00:00:00:00:01,0,76645.89,4138878.04,4.463,0.0,0.0,Normal,ALLOW,ddos
1787353013.9059079,1,3,00:00:00:00:00:03,0,70311.0,3796794.0,4.48,0.0,99.2,Normal,ALLOW,ddos
1787353013.912155,1,2,00:00:00:00:00:02,0,79461.0,4290894.0,4.304,0.0,99.2,Normal,ALLOW,ddos
1787353013.9179206,1,1,00:00:00:00:00:01,0,70311.0,3796794.0,4.307,0.0,99.2,Normal,ALLOW,ddos
1787353013.923751,1,3,00:00:00:00:00:04,0,73235.0,3954690.0,4.334,0.0,99.2,Normal,ALLOW,ddos
1787353013.9295535,1,1,00:00:00:00:00:01,0,79462.0,4290948.0,4.342,0.0,99.2,Normal,ALLOW,ddos
1787353014.1690373,2,2,00:00:00:00:00:04,0,73049.0,3944646.0,4.359,0.0,102.5,Normal,ALLOW,ddos
1787353014.1749146,2,1,00:00:00:00:00:03,0,126393.0,6825222.0,4.382,0.0,102.5,Normal,ALLOW,ddos
1787353014.1807024,2,3,00:00:00:00:00:01,0,77144.0,4165776.0,4.319,0.0,102.5,Normal,ALLOW,ddos
1787353014.7911377,1,3,00:00:00:00:00:03,0,71063.0,3837402.0,4.473,0.0,99.5,Normal,ALLOW,ddos
1787353014.796984,1,2,00:00:00:00:00:02,0,81456.0,4398624.0,4.375,0.0,99.5,Normal,ALLOW,ddos
1787353014.8027594,1,1,00:00:00:00:00:01,0,71063.0,3837402.0,4.289,0.0,99.5,Normal,ALLOW,ddos
1787353014.8086545,1,1,00:00:00:00:00:01,0,81455.0,4398570.0,4.371,0.0,99.5,Normal,ALLOW,ddos
1787353014.8143332,1,3,00:00:00:00:00:04,0,74213.0,4007502.0,4.235,0.0,99.5,Normal,ALLOW,ddos
1787353015.1714609,2,2,00:00:00:00:00:04,0,71588.92,3865801.41,4.527,0.0,99.9,Normal,ALLOW,ddos
1787353015.1774201,2,1,00:00:00:00:00:03,0,126792.01,6846768.74,4.441,0.0,99.9,Normal,ALLOW,ddos
1787353015.1832652,2,3,00:00:00:00:00:01,0,75659.93,4085635.96,4.363,0.0,99.9,Normal,ALLOW,ddos
1787353015.9469314,1,3,00:00:00:00:00:03,0,62172.24,3357300.99,4.344,0.0,100.5,Normal,ALLOW,ddos
1787353015.9528263,1,2,00:00:00:00:00:02,0,71923.12,3883848.51,4.374,0.0,100.5,Normal,ALLOW,ddos
1787353015.9586546,1,1,00:00:00:00:00:01,0,62172.24,3357300.99,4.289,0.0,100.5,Normal,ALLOW,ddos
1787353015.9643974,1,1,00:00:00:00:00:01,0,71923.99,3883895.22,4.282,0.0,100.5,Normal,ALLOW,ddos
1787353015.970935,1,3,00:00:00:00:00:04,0,61223.28,3306056.97,4.391,0.0,100.5,Normal,ALLOW,ddos
1787353016.1727924,2,2,00:00:00:00:00:04,0,72695.25,3925543.68,4.464,0.0,97.5,Normal,ALLOW,ddos
1787353016.1786935,2,1,00:00:00:00:00:03,0,128584.87,6943583.11,4.404,0.0,97.5,Normal,ALLOW,ddos
1787353016.18468,2,3,00:00:00:00:00:01,0,76792.8,4146811.21,4.459,0.0,97.5,Normal,ALLOW,ddos
1787353016.8190126,1,3,00:00:00:00:00:03,0,71000.0,3834000.0,7.49,0.0,101.2,Normal,ALLOW,ddos
1787353016.8273993,1,2,00:00:00:00:00:02,0,80877.0,4367358.0,6.101,0.0,101.2,Normal,ALLOW,ddos
1787353016.8333235,1,1,00:00:00:00:00:01,0,71000.0,3834000.0,4.383,0.0,101.2,Normal,ALLOW,ddos
1787353016.8391435,1,3,00:00:00:00:00:04,0,69299.0,3742146.0,4.324,0.0,101.2,Normal,ALLOW,ddos
1787353016.8447886,1,1,00:00:00:00:00:01,0,80876.0,4367304.0,4.212,0.0,101.2,Normal,ALLOW,ddos
1787353017.1748643,2,2,00:00:00:00:00:04,0,72153.21,3896273.6,4.332,0.0,100.0,Normal,ALLOW,ddos
1787353017.1806335,2,1,00:00:00:00:00:03,0,129330.97,6983872.42,4.296,0.0,100.0,Normal,ALLOW,ddos
1787353017.1864097,2,3,00:00:00:00:00:01,0,76256.3,4117840.15,4.315,0.0,100.0,Normal,ALLOW,ddos
1787353017.959457,1,3,00:00:00:00:00:03,0,63791.97,3444766.46,4.502,0.0,99.3,Normal,ALLOW,ddos
1787353017.9654312,1,2,00:00:00:00:00:02,0,70460.47,3804865.32,4.409,0.0,99.3,Normal,ALLOW,ddos
1787353017.971324,1,1,00:00:00:00:00:01,0,63791.97,3444766.46,4.38,0.0,99.3,Normal,ALLOW,ddos
1787353017.9770827,1,1,00:00:00:00:00:01,0,70461.34,3804912.51,4.253,0.0,99.3,Normal,ALLOW,ddos
1787353017.9832904,1,3,00:00:00:00:00:04,0,64677.96,3492609.79,4.27,0.0,99.3,Normal,ALLOW,ddos
1787353018.1760952,2,2,00:00:00:00:00:04,0,74981.34,4048992.38,4.57,0.0,101.6,Normal,ALLOW,ddos
1787353018.1819286,2,1,00:00:00:00:00:03,0,129369.56,6985956.17,4.365,0.0,101.6,Normal,ALLOW,ddos
1787353018.1877725,2,3,00:00:00:00:00:01,0,79144.92,4273825.52,4.356,0.0,101.6,Normal,ALLOW,ddos
1787353018.8431246,1,3,00:00:00:00:00:03,0,72062.0,3891348.0,4.442,0.0,100.3,Normal,ALLOW,ddos
1787353018.849027,1,2,00:00:00:00:00:02,0,79659.0,4301586.0,4.364,0.0,100.3,Normal,ALLOW,ddos
1787353018.8549967,1,1,00:00:00:00:00:01,0,72063.0,3891402.0,4.414,0.0,100.3,Normal,ALLOW,ddos
1787353018.8608348,1,1,00:00:00:00:00:01,0,79659.0,4301586.0,4.352,0.0,100.3,Normal,ALLOW,ddos
1787353018.8666532,1,3,00:00:00:00:00:04,0,75542.0,4079268.0,4.355,0.0,100.3,Normal,ALLOW,ddos
1787353019.177887,2,2,00:00:00:00:00:04,0,75131.45,4057098.2,4.477,0.0,95.6,Normal,ALLOW,ddos
1787353019.183773,2,1,00:00:00:00:00:03,0,129841.28,7011429.36,4.374,0.0,95.6,Normal,ALLOW,ddos
1787353019.1897674,2,3,00:00:00:00:00:01,0,79178.04,4275614.14,4.393,0.0,95.6,Normal,ALLOW,ddos
1787353020.005385,1,3,00:00:00:00:00:03,0,63490.28,3428475.01,4.681,0.0,101.5,Normal,ALLOW,ddos
1787353020.0122118,1,2,00:00:00:00:00:02,0,69332.61,3743960.88,4.397,0.0,101.5,Normal,ALLOW,ddos
1787353020.018323,1,1,00:00:00:00:00:01,0,63489.42,3428428.54,4.465,0.0,101.5,Normal,ALLOW,ddos
1787353020.0244684,1,1,00:00:00:00:00:01,0,69332.61,3743960.88,4.391,0.0,101.5,Normal,ALLOW,ddos
1787353020.0303695,1,3,00:00:00:00:00:04,0,64349.12,3474852.22,4.38,0.0,101.5,Normal,ALLOW,ddos
1787353020.1793923,2,2,00:00:00:00:00:04,0,74850.71,4041938.18,4.473,0.0,0.0,Normal,ALLOW,ddos
1787353020.185429,2,1,00:00:00:00:00:03,0,121937.76,6584638.9,4.514,0.0,0.0,Normal,ALLOW,ddos
1787353020.1914754,2,3,00:00:00:00:00:01,0,78907.18,4260987.87,4.479,0.0,0.0,Normal,ALLOW,ddos
1787353020.8805184,1,3,00:00:00:00:00:03,0,70949.0,3831246.0,4.487,0.0,101.4,Normal,ALLOW,ddos
1787353020.8865685,1,2,00:00:00:00:00:02,0,80639.0,4354506.0,4.449,0.0,101.4,Normal,ALLOW,ddos
1787353020.8925421,1,1,00:00:00:00:00:01,0,70950.0,3831300.0,4.382,0.0,101.4,Normal,ALLOW,ddos
1787353020.8982658,1,3,00:00:00:00:00:04,0,73839.0,3987306.0,4.264,0.0,101.4,Normal,ALLOW,ddos
1787353020.904092,1,1,00:00:00:00:00:01,0,80639.0,4354506.0,4.345,0.0,101.4,Normal,ALLOW,ddos
1787353022.849865,1,3,00:00:00:00:00:03,0,35045.97,1892482.38,4.573,0.0,99.5,Normal,ALLOW,ddos
1787353022.8559654,1,2,00:00:00:00:00:02,0,40533.33,2188799.79,4.507,0.0,99.5,Normal,ALLOW,ddos
1787353022.8617954,1,1,00:00:00:00:00:01,0,35045.97,1892482.38,4.321,0.0,99.5,Normal,ALLOW,ddos
1787353022.8676093,1,1,00:00:00:00:00:01,0,40533.33,2188799.79,4.329,0.0,99.5,Normal,ALLOW,ddos
1787353022.8735933,1,3,00:00:00:00:00:04,0,38305.88,2068517.68,4.453,0.0,99.5,Normal,ALLOW,ddos
1787353023.5872674,2,1,00:00:00:00:00:03,0,38579.23,2083278.68,4.491,0.0,100.9,Normal,ALLOW,ddos
1787353023.5930564,2,3,00:00:00:00:00:01,0,22314.94,1205006.87,4.279,0.0,100.9,Normal,ALLOW,ddos
1787353023.6002963,2,1,00:00:00:00:00:03,0,128912.0,6961248.0,4.357,0.0,73.5,Normal,ALLOW,ddos
1787353023.6060476,2,3,00:00:00:00:00:01,0,78754.0,4252716.0,4.314,0.0,73.5,Normal,ALLOW,ddos
1787353023.6118171,2,2,00:00:00:00:00:04,0,74538.0,4025052.0,4.356,0.0,73.5,Normal,ALLOW,ddos
1787353023.6190896,2,1,00:00:00:00:00:03,0,129035.0,6967890.0,4.378,0.0,106.6,Normal,ALLOW,ddos
1787353023.6249359,2,3,00:00:00:00:00:01,0,77597.0,4190238.0,4.374,0.0,106.6,Normal,ALLOW,ddos
1787353023.6307716,2,2,00:00:00:00:00:04,0,73490.0,3968460.0,4.388,0.0,106.6,Normal,ALLOW,ddos
1787353024.1910863,2,1,00:00:00:00:00:03,0,127903.0,6906762.0,4.458,0.0,99.7,Normal,ALLOW,ddos
1787353024.1970193,2,3,00:00:00:00:00:01,0,79847.0,4311738.0,4.388,0.0,99.7,Normal,ALLOW,ddos
1787353024.2338943,2,2,00:00:00:00:00:04,0,75675.0,4086450.0,5.077,0.0,99.7,Normal,ALLOW,ddos
1787353024.2508976,1,3,00:00:00:00:00:03,0,51465.01,2779110.45,4.537,0.0,103.1,Normal,ALLOW,ddos
1787353024.2568104,1,2,00:00:00:00:00:02,0,55246.26,2983298.17,4.414,0.0,103.1,Normal,ALLOW,ddos
1787353024.2626078,1,1,00:00:00:00:00:01,0,51465.01,2779110.45,4.311,0.0,103.1,Normal,ALLOW,ddos
1787353024.2685797,1,1,00:00:00:00:00:01,0,55245.55,2983259.64,4.504,0.0,103.1,Normal,ALLOW,ddos
1787353024.2745888,1,3,00:00:00:00:00:04,0,54758.98,2956984.92,4.402,0.0,103.1,Normal,ALLOW,ddos
1787353025.1912863,2,1,00:00:00:00:00:03,0,127287.04,6873500.37,4.449,0.0,100.0,Normal,ALLOW,ddos
1787353025.1971025,2,3,00:00:00:00:00:01,0,79607.01,4298778.77,4.343,0.0,100.0,Normal,ALLOW,ddos
1787353025.2029235,2,2,00:00:00:00:00:04,0,75692.0,4087367.85,4.36,0.0,100.0,Normal,ALLOW,ddos
1787353025.3213105,1,3,00:00:00:00:00:03,0,66809.3,3607702.25,4.414,0.0,99.2,Normal,ALLOW,ddos
1787353025.327132,1,2,00:00:00:00:00:02,0,76027.92,4105507.74,4.342,0.0,99.2,Normal,ALLOW,ddos
1787353025.3328183,1,1,00:00:00:00:00:01,0,66808.37,3607651.79,4.237,0.0,99.2,Normal,ALLOW,ddos
1787353025.3386438,1,1,00:00:00:00:00:01,0,76027.92,4105507.74,4.345,0.0,99.2,Normal,ALLOW,ddos
1787353025.344981,1,3,00:00:00:00:00:04,0,65968.36,3562291.25,4.852,0.0,99.2,Normal,ALLOW,ddos
1787353026.194425,2,1,00:00:00:00:00:03,0,124051.56,6698784.46,4.465,0.0,0.0,Normal,ALLOW,ddos
1787353026.2003105,2,3,00:00:00:00:00:01,0,78930.85,4262266.06,4.405,0.0,0.0,Normal,ALLOW,ddos
1787353026.2062438,2,2,00:00:00:00:00:04,0,74826.52,4040632.32,4.439,0.0,0.0,Normal,ALLOW,ddos
1787353026.2840528,1,3,00:00:00:00:00:03,0,69334.0,3744036.0,4.942,0.0,101.5,Normal,ALLOW,ddos
1787353026.2899847,1,2,00:00:00:00:00:02,0,81917.0,4423518.0,4.407,0.0,101.5,Normal,ALLOW,ddos
1787353026.2958093,1,1,00:00:00:00:00:01,0,69335.0,3744090.0,4.342,0.0,101.5,Normal,ALLOW,ddos
1787353026.3017504,1,3,00:00:00:00:00:04,0,73107.0,3947778.0,4.447,0.0,101.5,Normal,ALLOW,ddos
1787353026.3078914,1,1,00:00:00:00:00:01,0,81918.0,4423572.0,4.454,0.0,101.5,Normal,ALLOW,ddos
1787353027.1352508,1,3,00:00:00:00:00:03,0,71661.0,3869694.0,4.828,0.0,99.9,Normal,ALLOW,ddos
1787353027.141269,1,2,00:00:00:00:00:02,0,79016.0,4266864.0,4.463,0.0,99.9,Normal,ALLOW,ddos
1787353027.1470704,1,1,00:00:00:00:00:01,0,71661.0,3869694.0,4.322,0.0,99.9,Normal,ALLOW,ddos
1787353027.1529527,1,1,00:00:00:00:00:01,0,79015.0,4266810.0,4.432,0.0,99.9,Normal,ALLOW,ddos
1787353027.1588314,1,3,00:00:00:00:00:04,0,76068.0,4107672.0,4.36,0.0,99.9,Normal,ALLOW,ddos
1787353027.2014997,2,1,00:00:00:00:00:03,0,125587.97,6781750.46,4.523,0.0,105.2,Normal,ALLOW,ddos
1787353027.2073708,2,3,00:00:00:00:00:01,0,78938.12,4262658.21,4.369,0.0,105.2,Normal,ALLOW,ddos
1787353027.2131531,2,2,00:00:00:00:00:04,0,74923.94,4045892.87,4.311,0.0,105.2,Normal,ALLOW,ddos
1787353028.201069,2,1,00:00:00:00:00:03,0,128502.0,6939108.0,4.601,0.0,100.0,Normal,ALLOW,ddos
1787353028.2070007,2,3,00:00:00:00:00:01,0,77323.0,4175442.0,4.425,0.0,100.0,Normal,ALLOW,ddos
1787353028.2127948,2,2,00:00:00:00:00:04,0,73123.0,3948642.0,4.298,0.0,100.0,Normal,ALLOW,ddos
1787353028.2232676,1,3,00:00:00:00:00:03,0,66617.35,3597336.9,4.48,0.0,0.0,Normal,ALLOW,ddos
1787353028.2295873,1,2,00:00:00:00:00:02,0,72741.44,3928037.57,4.357,0.0,0.0,Normal,ALLOW,ddos
1787353028.2355611,1,1,00:00:00:00:00:01,0,66617.35,3597336.9,4.534,0.0,0.0,Normal,ALLOW,ddos
1787353028.2414327,1,1,00:00:00:00:00:01,0,72742.35,3928087.17,4.36,0.0,0.0,Normal,ALLOW,ddos
1787353028.247217,1,3,00:00:00:00:00:04,0,67741.51,3658041.4,4.359,0.0,0.0,Normal,ALLOW,ddos
1787353029.1735575,1,3,00:00:00:00:00:03,0,71854.0,3880116.0,4.546,0.0,100.0,Normal,ALLOW,ddos
1787353029.1794198,1,2,00:00:00:00:00:02,0,78283.0,4227282.0,4.388,0.0,100.0,Normal,ALLOW,ddos
1787353029.1853607,1,1,00:00:00:00:00:01,0,71853.0,3880062.0,4.49,0.0,100.0,Normal,ALLOW,ddos
1787353029.191243,1,1,00:00:00:00:00:01,0,78283.0,4227282.0,4.391,0.0,100.0,Normal,ALLOW,ddos
1787353029.1970224,1,3,00:00:00:00:00:04,0,75120.0,4056480.0,4.338,0.0,100.0,Normal,ALLOW,ddos
1787353029.2343893,2,1,00:00:00:00:00:03,0,124696.11,6733589.81,4.54,0.0,98.3,Normal,ALLOW,ddos
1787353029.240298,2,3,00:00:00:00:00:01,0,75236.46,4062768.65,4.429,0.0,98.3,Normal,ALLOW,ddos
1787353029.246041,2,2,00:00:00:00:00:04,0,71258.51,3847959.68,4.306,0.0,98.3,Normal,ALLOW,ddos
1787353030.2127461,2,1,00:00:00:00:00:03,0,126797.0,6847038.0,5.328,0.0,100.2,Normal,ALLOW,ddos
1787353030.222607,2,3,00:00:00:00:00:01,0,77011.0,4158594.0,7.877,0.0,100.2,Normal,ALLOW,ddos
1787353030.2328146,2,2,00:00:00:00:00:04,0,72948.0,3939192.0,7.68,0.0,100.2,Normal,ALLOW,ddos
1787353030.2870326,1,3,00:00:00:00:00:03,0,64548.45,3485616.23,4.88,0.0,87.3,Normal,ALLOW,ddos
1787353030.2933347,1,2,00:00:00:00:00:02,0,71004.73,3834255.5,4.616,0.0,87.3,Normal,ALLOW,ddos
1787353030.2993605,1,1,00:00:00:00:00:01,0,64548.45,3485616.23,4.454,0.0,87.3,Normal,ALLOW,ddos
1787353030.3054729,1,1,00:00:00:00:00:01,0,71004.73,3834255.5,4.508,0.0,87.3,Normal,ALLOW,ddos
1787353030.31147,1,3,00:00:00:00:00:04,0,65595.29,3542145.77,4.46,0.0,87.3,Normal,ALLOW,ddos
1787353031.1556015,1,3,00:00:00:00:00:03,0,73240.0,3954960.0,4.496,0.0,101.2,Normal,ALLOW,ddos
1787353031.1615157,1,2,00:00:00:00:00:02,0,79376.0,4286304.0,4.425,0.0,101.2,Normal,ALLOW,ddos
1787353031.1673534,1,1,00:00:00:00:00:01,0,73241.0,3955014.0,4.349,0.0,101.2,Normal,ALLOW,ddos
1787353031.173273,1,1,00:00:00:00:00:01,0,79376.0,4286304.0,4.44,0.0,101.2,Normal,ALLOW,ddos
1787353031.179105,1,3,00:00:00:00:00:04,0,72868.0,3934872.0,4.379,0.0,101.2,Normal,ALLOW,ddos
1787353031.2208376,2,1,00:00:00:00:00:03,0,128218.9,6923820.61,4.451,0.0,0.0,Normal,ALLOW,ddos
1787353031.2267563,2,3,00:00:00:00:00:01,0,77387.22,4178909.73,4.428,0.0,0.0,Normal,ALLOW,ddos
1787353031.2325954,2,2,00:00:00:00:00:04,0,73538.4,3971073.74,4.36,0.0,0.0,Normal,ALLOW,ddos
1787353032.222009,2,1,00:00:00:00:00:03,0,130475.31,7045666.47,4.51,0.0,99.9,Normal,ALLOW,ddos
1787353032.228022,2,3,00:00:00:00:00:01,0,74109.12,4001892.35,4.494,0.0,99.9,Normal,ALLOW,ddos
1787353032.2339325,2,2,00:00:00:00:00:04,0,69935.25,3776503.57,4.408,0.0,99.9,Normal,ALLOW,ddos
1787353032.2530951,1,3,00:00:00:00:00:03,0,64882.08,3503632.17,4.549,0.0,85.4,Normal,ALLOW,ddos
1787353032.2595377,1,2,00:00:00:00:00:02,0,71357.07,3853282.02,4.462,0.0,85.4,Normal,ALLOW,ddos
1787353032.2653959,1,1,00:00:00:00:00:01,0,64881.17,3503582.97,4.381,0.0,85.4,Normal,ALLOW,ddos
1787353032.271257,1,1,00:00:00:00:00:01,0,71356.16,3853232.82,4.403,0.0,85.4,Normal,ALLOW,ddos
1787353032.277056,1,3,00:00:00:00:00:04,0,68491.75,3698554.46,4.325,0.0,85.4,Normal,ALLOW,ddos
1787353033.2169352,1,3,00:00:00:00:00:03,0,70009.0,3780486.0,4.681,0.0,99.6,Normal,ALLOW,ddos
1787353033.2229366,1,2,00:00:00:00:00:02,0,80257.0,4333878.0,4.48,0.0,99.6,Normal,ALLOW,ddos
1787353033.2288334,1,1,00:00:00:00:00:01,0,70010.0,3780540.0,4.406,0.0,99.6,Normal,ALLOW,ddos
1787353033.2349079,1,1,00:00:00:00:00:01,0,80258.0,4333932.0,4.603,0.0,99.6,Normal,ALLOW,ddos
1787353033.2407975,1,3,00:00:00:00:00:04,0,75065.0,4053510.0,4.399,0.0,99.6,Normal,ALLOW,ddos
1787353033.2560372,2,1,00:00:00:00:00:03,0,126133.41,6811204.29,4.822,0.0,128.0,Normal,ALLOW,ddos
1787353033.2619097,2,3,00:00:00:00:00:01,0,74178.94,4005662.93,4.366,0.0,128.0,Normal,ALLOW,ddos
1787353033.2679179,2,2,00:00:00:00:00:04,0,70263.69,3794239.3,4.53,0.0,128.0,Normal,ALLOW,ddos
1787353034.1125598,1,3,00:00:00:00:00:03,0,71580.0,3865320.0,4.793,0.0,99.2,Normal,ALLOW,ddos
1787353034.1188176,1,2,00:00:00:00:00:02,0,84000.0,4536000.0,4.701,0.0,99.2,Normal,ALLOW,ddos
1787353034.125116,1,1,00:00:00:00:00:01,0,71580.0,3865320.0,4.687,0.0,99.2,Normal,ALLOW,ddos
1787353034.131234,1,1,00:00:00:00:00:01,0,83999.0,4535946.0,4.592,0.0,99.2,Normal,ALLOW,ddos
1787353034.1373394,1,3,00:00:00:00:00:04,0,75419.0,4072626.0,4.618,0.0,99.2,Normal,ALLOW,ddos
1787353034.2241623,2,1,00:00:00:00:00:03,0,130850.0,7065900.0,4.577,0.0,98.4,Normal,ALLOW,ddos
1787353034.2301698,2,3,00:00:00:00:00:01,0,78043.0,4214322.0,4.425,0.0,98.4,Normal,ALLOW,ddos
1787353034.2360795,2,2,00:00:00:00:00:04,0,74179.0,4005666.0,4.391,0.0,98.4,Normal,ALLOW,ddos
1787353035.1868687,1,3,00:00:00:00:00:03,0,68553.68,3701898.6,5.136,0.0,99.7,Normal,ALLOW,ddos
1787353035.1930964,1,2,00:00:00:00:00:02,0,76835.39,4149111.2,4.625,0.0,99.7,Normal,ALLOW,ddos
1787353035.199231,1,1,00:00:00:00:00:01,0,68553.68,3701898.6,4.608,0.0,99.7,Normal,ALLOW,ddos
1787353035.2054121,1,1,00:00:00:00:00:01,0,76835.39,4149111.2,4.646,0.0,99.7,Normal,ALLOW,ddos
1787353035.2115004,1,3,00:00:00:00:00:04,0,69073.26,3729956.24,4.577,0.0,99.7,Normal,ALLOW,ddos
1787353035.25997,2,1,00:00:00:00:00:03,0,125925.92,6799999.51,7.249,0.0,0.0,Normal,ALLOW,ddos
1787353035.2694366,2,3,00:00:00:00:00:01,0,78646.81,4246927.89,7.225,0.0,0.0,Normal,ALLOW,ddos
1787353035.278561,2,2,00:00:00:00:00:04,0,74597.55,4028267.97,6.957,0.0,0.0,Normal,ALLOW,ddos
1787353036.0869973,1,3,00:00:00:00:00:03,0,71803.0,3877362.0,4.668,0.0,98.8,Normal,ALLOW,ddos
1787353036.0929124,1,2,00:00:00:00:00:02,0,82541.0,4457214.0,4.362,0.0,98.8,Normal,ALLOW,ddos
1787353036.0989377,1,1,00:00:00:00:00:01,0,71802.0,3877308.0,4.495,0.0,98.8,Normal,ALLOW,ddos
1787353036.1049528,1,1,00:00:00:00:00:01,0,82542.0,4457268.0,4.482,0.0,98.8,Normal,ALLOW,ddos
1787353036.1108558,1,3,00:00:00:00:00:04,0,77713.0,4196502.0,4.392,0.0,98.8,Normal,ALLOW,ddos
1787353036.2563314,2,1,00:00:00:00:00:03,0,126960.0,6855840.0,4.604,0.0,0.0,Normal,ALLOW,ddos
1787353036.26232,2,3,00:00:00:00:00:01,0,77061.0,4161294.0,4.451,0.0,0.0,Normal,ALLOW,ddos
1787353036.2683198,2,2,00:00:00:00:00:04,0,73068.0,3945672.0,4.491,0.0,0.0,Normal,ALLOW,ddos
1787353037.1474128,1,3,00:00:00:00:00:03,0,68330.75,3689860.56,4.485,0.0,99.9,Normal,ALLOW,ddos
1787353037.1534233,1,2,00:00:00:00:00:02,0,76066.25,4107577.74,4.482,0.0,99.9,Normal,ALLOW,ddos
1787353037.1600301,1,1,00:00:00:00:00:01,0,68331.69,3689911.47,4.499,0.0,99.9,Normal,ALLOW,ddos
1787353037.1659539,1,1,00:00:00:00:00:01,0,76066.25,4107577.74,4.418,0.0,99.9,Normal,ALLOW,ddos
1787353037.1720257,1,3,00:00:00:00:00:04,0,71441.92,3857863.81,4.499,0.0,99.9,Normal,ALLOW,ddos
1787353037.2571115,2,1,00:00:00:00:00:03,0,122517.74,6615958.08,4.53,0.0,0.0,Normal,ALLOW,ddos
1787353037.2631383,2,3,00:00:00:00:00:01,0,77469.49,4183352.39,4.448,0.0,0.0,Normal,ALLOW,ddos
1787353037.2690647,2,2,00:00:00:00:00:04,0,73363.39,3961622.79,4.447,0.0,0.0,Normal,ALLOW,ddos
1787353038.1470978,1,3,00:00:00:00:00:03,0,72922.0,3937788.0,4.686,0.0,99.0,Normal,ALLOW,ddos
1787353038.153252,1,2,00:00:00:00:00:02,0,80460.0,4344840.0,4.598,0.0,99.0,Normal,ALLOW,ddos
1787353038.1593118,1,1,00:00:00:00:00:01,0,72921.0,3937734.0,4.497,0.0,99.0,Normal,ALLOW,ddos
1787353038.1653192,1,1,00:00:00:00:00:01,0,80460.0,4344840.0,4.507,0.0,99.0,Normal,ALLOW,ddos
1787353038.1714046,1,3,00:00:00:00:00:04,0,75054.0,4052916.0,4.472,0.0,99.0,Normal,ALLOW,ddos
1787353038.2598822,2,1,00:00:00:00:00:03,0,121607.61,6566810.71,4.579,0.0,0.0,Normal,ALLOW,ddos
1787353038.2660232,2,3,00:00:00:00:00:01,0,73401.59,3963686.08,4.523,0.0,0.0,Normal,ALLOW,ddos
1787353038.2720642,2,2,00:00:00:00:00:04,0,69427.23,3749070.34,4.489,0.0,0.0,Normal,ALLOW,ddos
1787353039.2408788,1,3,00:00:00:00:00:03,0,62010.69,3348577.23,4.473,0.0,99.9,Normal,ALLOW,ddos
1787353039.2467754,1,2,00:00:00:00:00:02,0,72243.29,3901137.63,4.371,0.0,99.9,Normal,ALLOW,ddos
1787353039.2526236,1,1,00:00:00:00:00:01,0,62011.6,3348626.58,4.369,0.0,99.9,Normal,ALLOW,ddos
1787353039.2585216,1,1,00:00:00:00:00:01,0,72243.29,3901137.63,4.388,0.0,99.9,Normal,ALLOW,ddos
1787353039.264417,1,3,00:00:00:00:00:04,0,66234.06,3576639.18,4.425,0.0,99.9,Normal,ALLOW,ddos
1787353039.292045,2,1,00:00:00:00:00:03,0,115228.42,6222334.65,4.851,0.0,0.0,Normal,ALLOW,ddos
1787353039.2983308,2,3,00:00:00:00:00:01,0,66100.53,3569428.45,4.657,0.0,0.0,Normal,ALLOW,ddos
1787353039.3046653,2,2,00:00:00:00:00:04,0,62116.37,3354284.1,4.667,0.0,0.0,Normal,ALLOW,ddos
1787353040.1721108,1,3,00:00:00:00:00:03,0,74001.0,3996054.0,4.956,0.0,100.1,Normal,ALLOW,ddos
1787353040.178082,1,2,00:00:00:00:00:02,0,79921.0,4315734.0,4.449,0.0,100.1,Normal,ALLOW,ddos
1787353040.183999,1,1,00:00:00:00:00:01,0,74001.0,3996054.0,4.409,0.0,100.1,Normal,ALLOW,ddos
1787353040.1899004,1,1,00:00:00:00:00:01,0,79921.0,4315734.0,4.427,0.0,100.1,Normal,ALLOW,ddos
1787353040.1957395,1,3,00:00:00:00:00:04,0,77037.0,4159998.0,4.378,0.0,100.1,Normal,ALLOW,ddos
1787353040.2636096,2,1,00:00:00:00:00:03,0,126196.0,6814584.0,4.71,0.0,725.4,Normal,ALLOW,ddos
1787353040.2697744,2,3,00:00:00:00:00:01,0,72713.0,3926502.0,4.614,0.0,725.4,Normal,ALLOW,ddos
1787353040.2757049,2,2,00:00:00:00:00:04,0,68985.0,3725190.0,4.404,0.0,725.4,Normal,ALLOW,ddos
1787353041.1662989,1,3,00:00:00:00:00:03,0,72346.0,3906684.0,4.582,0.0,98.6,Normal,ALLOW,ddos
1787353041.1724136,1,2,00:00:00:00:00:02,0,77991.0,4211514.0,4.561,0.0,98.6,Normal,ALLOW,ddos
1787353041.1784794,1,1,00:00:00:00:00:01,0,72345.0,3906630.0,4.392,0.0,98.6,Normal,ALLOW,ddos
1787353041.1844413,1,1,00:00:00:00:00:01,0,77991.0,4211514.0,4.48,0.0,98.6,Normal,ALLOW,ddos
1787353041.1905746,1,3,00:00:00:00:00:04,0,78225.0,4224150.0,4.483,0.0,98.6,Normal,ALLOW,ddos
1787353041.2698576,2,1,00:00:00:00:00:03,0,123130.7,6649057.58,4.665,0.0,0.0,Normal,ALLOW,ddos
1787353041.276349,2,3,00:00:00:00:00:01,0,72431.58,3911305.05,4.892,0.0,0.0,Normal,ALLOW,ddos
1787353041.2825341,2,2,00:00:00:00:00:04,0,68465.13,3697117.09,4.542,0.0,0.0,Normal,ALLOW,ddos
1787353042.2653704,2,1,00:00:00:00:00:03,0,121931.0,6584274.0,4.505,0.0,0.0,Normal,ALLOW,ddos
1787353042.2715507,2,3,00:00:00:00:00:01,0,72634.0,3922236.0,4.606,0.0,0.0,Normal,ALLOW,ddos
1787353042.2777429,2,2,00:00:00:00:00:04,0,68658.0,3707532.0,4.491,0.0,0.0,Normal,ALLOW,ddos
1787353042.3181312,1,3,00:00:00:00:00:03,0,64193.47,3466447.19,4.524,0.0,115.7,Normal,ALLOW,ddos
1787353042.3242214,1,2,00:00:00:00:00:02,0,69966.48,3778189.69,4.568,0.0,115.7,Normal,ALLOW,ddos
1787353042.3301218,1,1,00:00:00:00:00:01,0,64193.47,3466447.19,4.422,0.0,115.7,Normal,ALLOW,ddos
1787353042.3360968,1,1,00:00:00:00:00:01,0,69966.48,3778189.69,4.348,0.0,115.7,Normal,ALLOW,ddos
1787353042.342001,1,3,00:00:00:00:00:04,0,64260.33,3470057.93,4.355,0.0,115.7,Normal,ALLOW,ddos
1787353043.0084548,1,3,00:00:00:00:00:03,0,70385.0,3800790.0,4.521,0.0,99.9,Normal,ALLOW,ddos
1787353043.0144293,1,2,00:00:00:00:00:02,0,82056.0,4431024.0,4.445,0.0,99.9,Normal,ALLOW,ddos
1787353043.0204766,1,1,00:00:00:00:00:01,0,70385.0,3800790.0,4.438,0.0,99.9,Normal,ALLOW,ddos
1787353043.0264397,1,1,00:00:00:00:00:01,0,82056.0,4431024.0,4.461,0.0,99.9,Normal,ALLOW,ddos
1787353043.0324657,1,3,00:00:00:00:00:04,0,75847.0,4095738.0,4.399,0.0,99.9,Normal,ALLOW,ddos
1787353043.2676642,2,1,00:00:00:00:00:03,0,123536.25,6670957.67,4.701,0.0,100.4,Normal,ALLOW,ddos
1787353043.2737963,2,3,00:00:00:00:00:01,0,72136.7,3895381.65,4.563,0.0,100.4,Normal,ALLOW,ddos
1787353043.2796466,2,2,00:00:00:00:00:04,0,68303.77,3688403.61,4.369,0.0,100.4,Normal,ALLOW,ddos
1787353043.632075,1,3,00:00:00:00:00:03,0,73708.0,3980232.0,4.629,0.0,98.6,Normal,ALLOW,ddos
1787353043.63813,1,2,00:00:00:00:00:02,0,82838.0,4473252.0,4.48,0.0,98.6,Normal,ALLOW,ddos
1787353043.6440535,1,1,00:00:00:00:00:01,0,73708.0,3980232.0,4.284,0.0,98.6,Normal,ALLOW,ddos
1787353043.6498287,1,1,00:00:00:00:00:01,0,82838.0,4473252.0,4.319,0.0,98.6,Normal,ALLOW,ddos
1787353043.6565433,1,3,00:00:00:00:00:04,0,76780.0,4146120.0,4.494,0.0,98.6,Normal,ALLOW,ddos
1787353044.2367737,1,3,00:00:00:00:00:03,0,73452.0,3966408.0,4.652,0.0,99.3,Normal,ALLOW,ddos
1787353044.2427986,1,2,00:00:00:00:00:02,0,81716.0,4412664.0,4.499,0.0,99.3,Normal,ALLOW,ddos
1787353044.2485945,1,1,00:00:00:00:00:01,0,73452.0,3966408.0,4.327,0.0,99.3,Normal,ALLOW,ddos
1787353044.254674,1,1,00:00:00:00:00:01,0,81716.0,4412664.0,4.466,0.0,99.3,Normal,ALLOW,ddos
1787353044.2605112,1,3,00:00:00:00:00:04,0,75556.0,4080024.0,4.35,0.0,99.3,Normal,ALLOW,ddos
1787353044.267847,1,3,00:00:00:00:00:03,0,73515.0,3969810.0,4.661,0.0,94.9,Normal,ALLOW,ddos
1787353044.2738514,1,2,00:00:00:00:00:02,0,82074.0,4431996.0,4.47,0.0,94.9,Normal,ALLOW,ddos
1787353044.2798293,1,1,00:00:00:00:00:01,0,73516.0,3969864.0,4.491,0.0,94.9,Normal,ALLOW,ddos
1787353044.2859228,1,1,00:00:00:00:00:01,0,82074.0,4431996.0,4.575,0.0,94.9,Normal,ALLOW,ddos
1787353044.292001,1,3,00:00:00:00:00:04,0,78844.0,4257576.0,4.489,0.0,94.9,Normal,ALLOW,ddos
1787353044.3321562,2,1,00:00:00:00:00:03,0,117243.58,6331153.54,4.52,0.0,109.4,Normal,ALLOW,ddos
1787353044.3383393,2,3,00:00:00:00:00:01,0,65619.17,3543435.33,4.545,0.0,109.4,Normal,ALLOW,ddos
1787353044.3443334,2,2,00:00:00:00:00:04,0,61907.02,3342979.32,4.515,0.0,109.4,Normal,ALLOW,ddos
1787353045.1753333,1,2,00:00:00:00:00:02,0,81658.0,4409532.0,4.951,0.0,99.6,Normal,ALLOW,ddos
1787353045.1814818,1,1,00:00:00:00:00:01,0,15987.0,863298.0,4.595,0.0,99.6,Normal,ALLOW,ddos
1787353045.1875453,1,1,00:00:00:00:00:01,0,81658.0,4409532.0,4.52,0.0,99.6,Normal,ALLOW,ddos
1787353045.193774,1,3,00:00:00:00:00:04,0,79011.0,4266594.0,4.543,0.0,99.6,Normal,ALLOW,ddos
1787353045.1998317,1,1,00:00:00:00:00:01,0,79011.0,4266594.0,4.538,0.0,99.6,Normal,ALLOW,ddos
1787353045.2710404,2,1,00:00:00:00:00:03,0,74371.0,4016034.0,4.624,0.0,104.3,Normal,ALLOW,ddos
1787353045.277123,2,3,00:00:00:00:00:01,0,66267.0,3578418.0,4.523,0.0,104.3,Normal,ALLOW,ddos
1787353045.2834613,2,2,00:00:00:00:00:04,0,66261.0,3578094.0,4.784,0.0,104.3,Normal,ALLOW,ddos
1787353045.81664,1,2,00:00:00:00:00:02,0,77856.0,4204224.0,4.569,0.0,100.9,Normal,ALLOW,ddos
1787353045.8227806,1,1,00:00:00:00:00:01,0,77856.0,4204224.0,4.593,0.0,100.9,Normal,ALLOW,ddos
1787353045.8286428,1,3,00:00:00:00:00:04,0,70518.0,3807972.0,4.378,0.0,100.9,Normal,ALLOW,ddos
1787353045.834664,1,1,00:00:00:00:00:01,0,70518.0,3807972.0,4.377,0.0,100.9,Normal,ALLOW,ddos
1787353046.2705643,2,1,00:00:00:00:00:03,0,72509.0,3915486.0,4.665,0.0,99.2,Normal,ALLOW,ddos
1787353046.2769103,2,3,00:00:00:00:00:01,0,65782.0,3552228.0,4.455,0.0,99.2,Normal,ALLOW,ddos
1787353046.282835,2,2,00:00:00:00:00:04,0,65781.0,3552174.0,4.416,0.0,99.2,Normal,ALLOW,ddos
1787353046.9161766,1,2,00:00:00:00:00:02,0,72121.14,3894541.4,4.772,0.0,99.1,Normal,ALLOW,ddos
1787353046.9223733,1,1,00:00:00:00:00:01,0,72120.23,3894492.28,4.588,0.0,99.1,Normal,ALLOW,ddos
1787353046.9285743,1,3,00:00:00:00:00:04,0,68205.02,3683071.09,4.515,0.0,99.1,Normal,ALLOW,ddos
1787353046.934542,1,1,00:00:00:00:00:01,0,68205.02,3683071.09,4.474,0.0,99.1,Normal,ALLOW,ddos
1787353047.2734013,2,1,00:00:00:00:00:03,0,73760.56,3983070.38,4.631,0.0,0.0,Normal,ALLOW,ddos
1787353047.2792587,2,3,00:00:00:00:00:01,0,67780.35,3660139.09,4.362,0.0,0.0,Normal,ALLOW,ddos
1787353047.2853076,2,2,00:00:00:00:00:04,0,67781.35,3660192.9,4.409,0.0,0.0,Normal,ALLOW,ddos
1787353047.9066896,1,2,00:00:00:00:00:02,0,80120.0,4326480.0,4.518,0.0,101.1,Normal,ALLOW,ddos
1787353047.9132836,1,1,00:00:00:00:00:01,0,80121.0,4326534.0,4.971,0.0,101.1,Normal,ALLOW,ddos
1787353047.9192812,1,3,00:00:00:00:00:04,0,76602.0,4136508.0,4.392,0.0,101.1,Normal,ALLOW,ddos
1787353047.9253464,1,1,00:00:00:00:00:01,0,76602.0,4136508.0,4.385,0.0,101.1,Normal,ALLOW,ddos
1787353048.2749043,2,1,00:00:00:00:00:03,0,69029.4,3727587.64,4.616,0.0,0.0,Normal,ALLOW,ddos
1787353048.2811537,2,3,00:00:00:00:00:01,0,68909.57,3721116.88,4.601,0.0,0.0,Normal,ALLOW,ddos
1787353048.2873557,2,2,00:00:00:00:00:04,0,68908.57,3721062.96,4.643,0.0,0.0,Normal,ALLOW,ddos
1787353049.0183303,1,2,00:00:00:00:00:02,0,70961.48,3831920.11,4.719,0.0,99.6,Normal,ALLOW,ddos
1787353049.0245674,1,1,00:00:00:00:00:01,0,70960.58,3831871.52,4.551,0.0,99.6,Normal,ALLOW,ddos
1787353049.0305452,1,3,00:00:00:00:00:04,0,67887.7,3665936.0,4.395,0.0,99.6,Normal,ALLOW,ddos
1787353049.036559,1,1,00:00:00:00:00:01,0,67886.8,3665887.41,4.463,0.0,99.6,Normal,ALLOW,ddos
1787353049.277726,2,1,00:00:00:00:00:03,0,72228.93,3900362.44,4.542,0.0,100.1,Normal,ALLOW,ddos
1787353049.2837534,2,3,00:00:00:00:00:01,0,69773.88,3767789.77,4.482,0.0,100.1,Normal,ALLOW,ddos
1787353049.2898817,2,2,00:00:00:00:00:04,0,69773.88,3767789.77,4.506,0.0,100.1,Normal,ALLOW,ddos
1787353050.1001759,1,2,00:00:00:00:00:02,0,72909.21,3937097.4,4.607,0.0,100.9,Normal,ALLOW,ddos
1787353050.1066682,1,1,00:00:00:00:00:01,0,72909.21,3937097.4,4.418,0.0,100.9,Normal,ALLOW,ddos
1787353050.1126528,1,3,00:00:00:00:00:04,0,70606.22,3812735.97,4.398,0.0,100.9,Normal,ALLOW,ddos
1787353050.1185904,1,1,00:00:00:00:00:01,0,70606.22,3812735.97,4.362,0.0,100.9,Normal,ALLOW,ddos
1787353050.2788625,2,1,00:00:00:00:00:03,0,75137.42,4057420.95,4.569,0.0,0.0,Normal,ALLOW,ddos
1787353050.2851622,2,3,00:00:00:00:00:01,0,68551.34,3701772.6,4.703,0.0,0.0,Normal,ALLOW,ddos
1787353050.2913427,2,2,00:00:00:00:00:04,0,68551.34,3701772.6,4.511,0.0,0.0,Normal,ALLOW,ddos
1787353050.9969103,1,2,00:00:00:00:00:02,0,74499.0,4022946.0,4.581,0.0,100.3,Normal,ALLOW,ddos
1787353051.0031912,1,1,00:00:00:00:00:01,0,74499.0,4022946.0,4.641,0.0,100.3,Normal,ALLOW,ddos
1787353051.0093486,1,3,00:00:00:00:00:04,0,75998.0,4103892.0,4.509,0.0,100.3,Normal,ALLOW,ddos
1787353051.0154064,1,1,00:00:00:00:00:01,0,75999.0,4103946.0,4.459,0.0,100.3,Normal,ALLOW,ddos
1787353051.2808971,2,1,00:00:00:00:00:03,0,73734.2,3981647.01,4.641,0.0,98.6,Normal,ALLOW,ddos
1787353051.287181,2,3,00:00:00:00:00:01,0,68342.01,3690468.75,4.632,0.0,98.6,Normal,ALLOW,ddos
1787353051.2932374,2,2,00:00:00:00:00:04,0,68343.01,3690522.67,4.425,0.0,98.6,Normal,ALLOW,ddos
1787353052.1302803,1,2,00:00:00:00:00:02,0,68821.76,3716375.19,4.602,0.0,100.1,Normal,ALLOW,ddos
1787353052.1365056,1,1,00:00:00:00:00:01,0,68822.65,3716422.84,4.619,0.0,100.1,Normal,ALLOW,ddos
1787353052.142596,1,3,00:00:00:00:00:04,0,66379.22,3584477.99,4.446,0.0,100.1,Normal,ALLOW,ddos
1787353052.1485415,1,1,00:00:00:00:00:01,0,66379.22,3584477.99,4.371,0.0,100.1,Normal,ALLOW,ddos
1787353052.2817183,2,1,00:00:00:00:00:03,0,71032.28,3835742.91,4.746,0.0,0.0,Normal,ALLOW,ddos
1787353052.2878914,2,3,00:00:00:00:00:01,0,68839.05,3717308.51,4.544,0.0,0.0,Normal,ALLOW,ddos
1787353052.293868,2,2,00:00:00:00:00:04,0,68838.05,3717254.58,4.414,0.0,0.0,Normal,ALLOW,ddos
1787353053.1142612,1,2,00:00:00:00:00:02,0,77109.0,4163886.0,4.81,0.0,99.8,Normal,ALLOW,ddos
1787353053.1201231,1,1,00:00:00:00:00:01,0,77109.0,4163886.0,4.374,0.0,99.8,Normal,ALLOW,ddos
1787353053.1258895,1,3,00:00:00:00:00:04,0,74194.0,4006476.0,4.285,0.0,99.8,Normal,ALLOW,ddos
1787353053.1317189,1,1,00:00:00:00:00:01,0,74194.0,4006476.0,4.388,0.0,99.8,Normal,ALLOW,ddos
1787353053.2820086,2,1,00:00:00:00:00:03,0,71878.0,3881412.0,4.645,0.0,101.2,Normal,ALLOW,ddos
1787353053.2881038,2,3,00:00:00:00:00:01,0,67895.0,3666330.0,4.525,0.0,101.2,Normal,ALLOW,ddos
1787353053.2940433,2,2,00:00:00:00:00:04,0,67896.0,3666384.0,4.41,0.0,101.2,Normal,ALLOW,ddos
1787353054.2213147,1,2,00:00:00:00:00:02,0,70165.33,3788927.98,4.563,0.0,100.0,Normal,ALLOW,ddos
1787353054.2278152,1,1,00:00:00:00:00:01,0,70165.33,3788927.98,4.604,0.0,100.0,Normal,ALLOW,ddos
1787353054.234131,1,3,00:00:00:00:00:04,0,67475.07,3643653.88,4.525,0.0,100.0,Normal,ALLOW,ddos
1787353054.2401311,1,1,00:00:00:00:00:01,0,67475.07,3643653.88,4.26,0.0,100.0,Normal,ALLOW,ddos
1787353054.2849698,2,1,00:00:00:00:00:03,0,72489.8,3914449.46,4.685,0.0,0.0,Normal,ALLOW,ddos
1787353054.291249,2,3,00:00:00:00:00:01,0,65395.9,3531378.48,4.49,0.0,0.0,Normal,ALLOW,ddos
1787353054.2974937,2,2,00:00:00:00:00:04,0,65395.9,3531378.48,4.432,0.0,0.0,Normal,ALLOW,ddos
1787353055.2399921,1,2,00:00:00:00:00:02,0,77109.11,4163892.16,4.679,0.0,99.5,Normal,ALLOW,ddos
1787353055.2464097,1,1,00:00:00:00:00:01,0,77108.13,4163839.14,4.674,0.0,99.5,Normal,ALLOW,ddos
1787353055.252589,1,3,00:00:00:00:00:04,0,73166.13,3950970.98,4.491,0.0,99.5,Normal,ALLOW,ddos
1787353055.2594318,1,1,00:00:00:00:00:01,0,73166.13,3950970.98,5.13,0.0,99.5,Normal,ALLOW,ddos
1787353055.3016062,2,1,00:00:00:00:00:03,0,72234.93,3900686.43,4.624,0.0,113.3,Normal,ALLOW,ddos
1787353055.3078623,2,3,00:00:00:00:00:01,0,65689.5,3547233.04,4.549,0.0,113.3,Normal,ALLOW,ddos
1787353055.313992,2,2,00:00:00:00:00:04,0,65688.52,3547179.91,4.467,0.0,113.3,Normal,ALLOW,ddos
1787353056.301747,2,1,00:00:00:00:00:03,0,66999.37,3617965.93,4.508,0.0,0.0,Normal,ALLOW,ddos
1787353056.3077662,2,3,00:00:00:00:00:01,0,63028.31,3403528.78,4.478,0.0,0.0,Normal,ALLOW,ddos
1787353056.313716,2,2,00:00:00:00:00:04,0,63029.31,3403582.74,4.445,0.0,0.0,Normal,ALLOW,ddos
1787353056.3668742,1,2,00:00:00:00:00:02,0,68818.26,3716186.22,4.585,0.0,92.9,Normal,ALLOW,ddos
1787353056.3729331,1,1,00:00:00:00:00:01,0,68819.15,3716234.13,4.487,0.0,92.9,Normal,ALLOW,ddos
1787353056.378925,1,3,00:00:00:00:00:04,0,66193.01,3574422.39,4.455,0.0,92.9,Normal,ALLOW,ddos
1787353056.3860514,1,1,00:00:00:00:00:01,0,66193.01,3574422.39,5.494,0.0,92.9,Normal,ALLOW,ddos
1787353057.3049662,2,1,00:00:00:00:00:03,0,72703.18,3925971.87,4.905,0.0,0.0,Normal,ALLOW,ddos
1787353057.3113563,2,3,00:00:00:00:00:01,0,67553.48,3647887.8,4.696,0.0,0.0,Normal,ALLOW,ddos
1787353057.3176026,2,2,00:00:00:00:00:04,0,67552.48,3647833.95,4.638,0.0,0.0,Normal,ALLOW,ddos
1787353057.3510256,1,2,00:00:00:00:00:02,0,76708.0,4142232.0,4.741,0.0,87.6,Normal,ALLOW,ddos
1787353057.3575993,1,1,00:00:00:00:00:01,0,76708.0,4142232.0,4.93,0.0,87.6,Normal,ALLOW,ddos
1787353057.3636482,1,3,00:00:00:00:00:04,0,72843.0,3933522.0,4.435,0.0,87.6,Normal,ALLOW,ddos
1787353057.3696575,1,1,00:00:00:00:00:01,0,72843.0,3933522.0,4.441,0.0,87.6,Normal,ALLOW,ddos
1787353058.2561252,1,2,00:00:00:00:00:02,0,78476.0,4237704.0,4.448,0.0,101.6,Normal,ALLOW,ddos
1787353058.2620754,1,1,00:00:00:00:00:01,0,78475.0,4237650.0,4.408,0.0,101.6,Normal,ALLOW,ddos
1787353058.2679818,1,3,00:00:00:00:00:04,0,73049.0,3944646.0,4.338,0.0,101.6,Normal,ALLOW,ddos
1787353058.273857,1,1,00:00:00:00:00:01,0,73049.0,3944646.0,4.309,0.0,101.6,Normal,ALLOW,ddos
1787353058.3176475,2,1,00:00:00:00:00:03,0,71580.88,3865367.46,4.761,0.0,722.7,Normal,ALLOW,ddos
1787353058.3271925,2,3,00:00:00:00:00:01,0,67164.46,3626881.04,7.845,0.0,722.7,Normal,ALLOW,ddos
1787353058.3373234,2,2,00:00:00:00:00:04,0,67164.46,3626881.04,7.745,0.0,722.7,Normal,ALLOW,ddos
1787353059.3173711,2,1,00:00:00:00:00:03,0,72935.0,3938490.0,4.568,0.0,0.0,Normal,ALLOW,ddos
1787353059.323361,2,3,00:00:00:00:00:01,0,68424.0,3694896.0,4.479,0.0,0.0,Normal,ALLOW,ddos
1787353059.359458,2,2,00:00:00:00:00:04,0,68424.0,3694896.0,4.193,0.0,0.0,Normal,ALLOW,ddos
1787353059.4747767,1,2,00:00:00:00:00:02,0,64626.76,3489844.99,4.569,0.0,83.1,Normal,ALLOW,ddos
1787353059.4807985,1,1,00:00:00:00:00:01,0,64627.58,3489889.32,4.475,0.0,83.1,Normal,ALLOW,ddos
1787353059.4872317,1,3,00:00:00:00:00:04,0,58900.71,3180638.42,4.875,0.0,83.1,Normal,ALLOW,ddos
1787353059.4934487,1,1,00:00:00:00:00:01,0,58899.89,3180594.09,4.536,0.0,83.1,Normal,ALLOW,ddos
1787353060.3212278,2,1,00:00:00:00:00:03,0,68603.43,3704585.25,4.605,0.0,0.0,Normal,ALLOW,ddos
1787353060.327392,2,3,00:00:00:00:00:01,0,66538.88,3593099.57,4.58,0.0,0.0,Normal,ALLOW,ddos
1787353060.3334923,2,2,00:00:00:00:00:04,0,66538.88,3593099.57,4.526,0.0,0.0,Normal,ALLOW,ddos
1787353060.4231763,1,2,00:00:00:00:00:02,0,79519.0,4294026.0,4.795,0.0,98.8,Normal,ALLOW,ddos
1787353060.4293473,1,1,00:00:00:00:00:01,0,79519.0,4294026.0,4.599,0.0,98.8,Normal,ALLOW,ddos
1787353060.4356558,1,3,00:00:00:00:00:04,0,72791.0,3930714.0,4.626,0.0,98.8,Normal,ALLOW,ddos
1787353060.4455664,1,1,00:00:00:00:00:01,0,72791.0,3930714.0,7.749,0.0,98.8,Normal,ALLOW,ddos
1787353061.3231347,2,1,00:00:00:00:00:03,0,70817.29,3824133.81,4.693,0.0,671.1,Normal,ALLOW,ddos
1787353061.3292775,2,3,00:00:00:00:00:01,0,66197.28,3574652.94,4.516,0.0,671.1,Normal,ALLOW,ddos
1787353061.3354366,2,2,00:00:00:00:00:04,0,66197.28,3574652.94,4.597,0.0,671.1,Normal,ALLOW,ddos
1787353061.570302,1,2,00:00:00:00:00:02,0,70914.18,3829365.92,4.724,0.0,97.3,Normal,ALLOW,ddos
1787353061.5802257,1,1,00:00:00:00:00:01,0,70914.18,3829365.92,8.184,0.0,97.3,Normal,ALLOW,ddos
1787353061.587487,1,3,00:00:00:00:00:04,0,63022.24,3403201.0,5.115,0.0,97.3,Normal,ALLOW,ddos
1787353061.593502,1,1,00:00:00:00:00:01,0,63023.11,3403248.07,4.407,0.0,97.3,Normal,ALLOW,ddos
1787353062.3294957,2,1,00:00:00:00:00:03,0,71889.91,3882054.98,4.5,0.0,0.0,Normal,ALLOW,ddos
1787353062.3356361,2,3,00:00:00:00:00:01,0,68562.88,3702395.3,4.555,0.0,0.0,Normal,ALLOW,ddos
1787353062.3417552,2,2,00:00:00:00:00:04,0,68562.88,3702395.3,4.556,0.0,0.0,Normal,ALLOW,ddos
1787353062.6358397,1,2,00:00:00:00:00:02,0,75739.79,4089948.65,4.641,0.0,98.0,Normal,ALLOW,ddos
1787353062.6421523,1,1,00:00:00:00:00:01,0,75739.79,4089948.65,4.526,0.0,98.0,Normal,ALLOW,ddos
1787353062.6483245,1,3,00:00:00:00:00:04,0,70439.53,3803734.84,4.521,0.0,98.0,Normal,ALLOW,ddos
1787353062.6545415,1,1,00:00:00:00:00:01,0,70439.53,3803734.84,4.542,0.0,98.0,Normal,ALLOW,ddos
1787353063.3243399,2,1,00:00:00:00:00:03,0,72159.0,3896586.0,4.756,0.0,0.0,Normal,ALLOW,ddos
1787353063.3308759,2,3,00:00:00:00:00:01,0,68777.0,3713958.0,4.591,0.0,0.0,Normal,ALLOW,ddos
1787353063.3372834,2,2,00:00:00:00:00:04,0,68777.0,3713958.0,4.58,0.0,0.0,Normal,ALLOW,ddos
1787353063.7614412,1,2,00:00:00:00:00:02,0,67882.14,3665635.68,7.054,0.0,101.5,Normal,ALLOW,ddos
1787353063.768,1,1,00:00:00:00:00:01,0,67881.25,3665587.56,4.429,0.0,101.5,Normal,ALLOW,ddos
1787353063.7741046,1,3,00:00:00:00:00:04,0,67077.42,3622180.49,4.379,0.0,101.5,Normal,ALLOW,ddos
1787353063.7806194,1,1,00:00:00:00:00:01,0,67077.42,3622180.49,4.204,0.0,101.5,Normal,ALLOW,ddos
1787353064.3251655,2,1,00:00:00:00:00:03,0,72648.38,3923012.35,4.475,0.0,0.0,Normal,ALLOW,ddos
1787353064.3311634,2,3,00:00:00:00:00:01,0,67414.19,3640366.49,4.464,0.0,0.0,Normal,ALLOW,ddos
1787353064.337071,2,2,00:00:00:00:00:04,0,67414.19,3640366.49,4.404,0.0,0.0,Normal,ALLOW,ddos
1787353064.7870739,1,2,00:00:00:00:00:02,0,78835.99,4257143.48,4.618,0.0,99.7,Normal,ALLOW,ddos
1787353064.7930148,1,1,00:00:00:00:00:01,0,78836.96,4257195.95,4.42,0.0,99.7,Normal,ALLOW,ddos
1787353064.798829,1,3,00:00:00:00:00:04,0,72882.6,3935660.54,4.344,0.0,99.7,Normal,ALLOW,ddos
1787353064.805054,1,1,00:00:00:00:00:01,0,72882.6,3935660.54,4.685,0.0,99.7,Normal,ALLOW,ddos
1787353065.3270643,2,1,00:00:00:00:00:03,0,72424.91,3910945.06,4.619,0.0,720.7,Normal,ALLOW,ddos
1787353065.3331208,2,3,00:00:00:00:00:01,0,66406.64,3585958.33,4.545,0.0,720.7,Normal,ALLOW,ddos
1787353065.3390927,2,2,00:00:00:00:00:04,0,66407.63,3586012.23,4.446,0.0,720.7,Normal,ALLOW,ddos
1787353065.6892235,1,2,00:00:00:00:00:02,0,80827.0,4364658.0,4.503,0.0,96.8,Normal,ALLOW,ddos
1787353065.6959176,1,1,00:00:00:00:00:01,0,80827.0,4364658.0,4.715,0.0,96.8,Normal,ALLOW,ddos
1787353065.7058086,1,3,00:00:00:00:00:04,0,72133.0,3895182.0,7.672,0.0,96.8,Normal,ALLOW,ddos
1787353065.7157938,1,1,00:00:00:00:00:01,0,72133.0,3895182.0,7.704,0.0,96.8,Normal,ALLOW,ddos
1787353066.2878084,1,2,00:00:00:00:00:02,0,77059.0,4161186.0,4.728,0.0,101.9,Normal,ALLOW,ddos
1787353066.2938657,1,1,00:00:00:00:00:01,0,77059.0,4161186.0,4.462,0.0,101.9,Normal,ALLOW,ddos
1787353066.2997835,1,3,00:00:00:00:00:04,0,76646.0,4138884.0,4.409,0.0,101.9,Normal,ALLOW,ddos
1787353066.3057935,1,1,00:00:00:00:00:01,0,76646.0,4138884.0,4.515,0.0,101.9,Normal,ALLOW,ddos
1787353066.350658,2,1,00:00:00:00:00:03,0,69622.38,3759608.63,4.57,0.0,0.0,Normal,ALLOW,ddos
1787353066.3567235,2,3,00:00:00:00:00:01,0,67449.61,3642279.13,4.555,0.0,0.0,Normal,ALLOW,ddos
1787353066.362618,2,2,00:00:00:00:00:04,0,67448.64,3642226.37,4.42,0.0,0.0,Normal,ALLOW,ddos
1787353066.817218,1,2,00:00:00:00:00:02,0,79651.0,4301154.0,4.616,0.0,98.7,Normal,ALLOW,ddos
1787353066.8233516,1,1,00:00:00:00:00:01,0,79651.0,4301154.0,4.553,0.0,98.7,Normal,ALLOW,ddos
1787353066.8293424,1,3,00:00:00:00:00:04,0,75544.0,4079376.0,4.465,0.0,98.7,Normal,ALLOW,ddos
1787353066.8352833,1,1,00:00:00:00:00:01,0,75543.0,4079322.0,4.444,0.0,98.7,Normal,ALLOW,ddos
1787353067.3489842,2,1,00:00:00:00:00:03,0,69965.0,3778110.0,4.579,0.0,99.7,Normal,ALLOW,ddos
1787353067.3552263,2,3,00:00:00:00:00:01,0,69579.0,3757266.0,4.54,0.0,99.7,Normal,ALLOW,ddos
1787353067.3613765,2,2,00:00:00:00:00:04,0,69580.0,3757320.0,4.364,0.0,99.7,Normal,ALLOW,ddos
1787353067.7186906,1,2,00:00:00:00:00:02,0,77737.0,4197798.0,4.682,0.0,100.2,Normal,ALLOW,ddos
1787353067.725292,1,1,00:00:00:00:00:01,0,77736.0,4197744.0,4.509,0.0,100.2,Normal,ALLOW,ddos
1787353067.7312994,1,3,00:00:00:00:00:04,0,76192.0,4114368.0,4.488,0.0,100.2,Normal,ALLOW,ddos
1787353067.7373228,1,1,00:00:00:00:00:01,0,76193.0,4114422.0,4.518,0.0,100.2,Normal,ALLOW,ddos
1787353068.3527129,2,1,00:00:00:00:00:03,0,71167.81,3843061.87,4.59,0.0,100.9,Normal,ALLOW,ddos
1787353068.3587418,2,3,00:00:00:00:00:01,0,68395.11,3693335.68,4.479,0.0,100.9,Normal,ALLOW,ddos
1787353068.3646224,2,2,00:00:00:00:00:04,0,68394.11,3693281.88,4.382,0.0,100.9,Normal,ALLOW,ddos
1787353068.733522,1,2,00:00:00:00:00:02,0,78219.48,4223852.07,4.557,0.0,99.7,Normal,ALLOW,ddos
1787353068.739948,1,1,00:00:00:00:00:01,0,78219.48,4223852.07,4.779,0.0,99.7,Normal,ALLOW,ddos
1787353068.7458467,1,3,00:00:00:00:00:04,0,75017.48,4050943.98,4.368,0.0,99.7,Normal,ALLOW,ddos
1787353068.751678,1,1,00:00:00:00:00:01,0,75017.48,4050943.98,4.353,0.0,99.7,Normal,ALLOW,ddos
1787353069.351596,2,1,00:00:00:00:00:03,0,70542.0,3809268.0,4.537,0.0,100.3,Normal,ALLOW,ddos
1787353069.3576493,2,3,00:00:00:00:00:01,0,69599.0,3758346.0,4.468,0.0,100.3,Normal,ALLOW,ddos
1787353069.363555,2,2,00:00:00:00:00:04,0,69600.0,3758400.0,4.415,0.0,100.3,Normal,ALLOW,ddos
1787353069.71634,1,2,00:00:00:00:00:02,0,75841.0,4095414.0,4.478,0.0,98.5,Normal,ALLOW,ddos
1787353069.7223508,1,1,00:00:00:00:00:01,0,75841.0,4095414.0,4.514,0.0,98.5,Normal,ALLOW,ddos
1787353069.7280662,1,3,00:00:00:00:00:04,0,75094.0,4055076.0,4.223,0.0,98.5,Normal,ALLOW,ddos
1787353069.7338386,1,1,00:00:00:00:00:01,0,75094.0,4055076.0,4.3,0.0,98.5,Normal,ALLOW,ddos
1787353070.3544385,2,1,00:00:00:00:00:03,0,68435.47,3695515.62,4.545,0.0,100.3,Normal,ALLOW,ddos
1787353070.360399,2,3,00:00:00:00:00:01,0,67370.33,3637997.86,4.448,0.0,100.3,Normal,ALLOW,ddos
1787353070.3662424,2,2,00:00:00:00:00:04,0,67369.33,3637944.01,4.331,0.0,100.3,Normal,ALLOW,ddos
1787353070.8264184,1,2,00:00:00:00:00:02,0,71736.33,3873761.58,4.535,0.0,101.7,Normal,ALLOW,ddos
1787353070.8325276,1,1,00:00:00:00:00:01,0,71737.23,3873810.25,4.576,0.0,101.7,Normal,ALLOW,ddos
1787353070.838684,1,3,00:00:00:00:00:04,0,67957.55,3669707.79,4.575,0.0,101.7,Normal,ALLOW,ddos
1787353070.8447535,1,1,00:00:00:00:00:01,0,67956.65,3669659.12,4.531,0.0,101.7,Normal,ALLOW,ddos
1787353071.3556395,2,1,00:00:00:00:00:03,0,71542.21,3863279.29,4.6,0.0,734.8,Normal,ALLOW,ddos
1787353071.3616002,2,3,00:00:00:00:00:01,0,67368.66,3637907.85,4.444,0.0,734.8,Normal,ALLOW,ddos
1787353071.3674994,2,2,00:00:00:00:00:04,0,67369.66,3637961.76,4.403,0.0,734.8,Normal,ALLOW,ddos
1787353071.828226,1,2,00:00:00:00:00:02,0,78881.74,4259613.83,4.672,0.0,99.6,Normal,ALLOW,ddos
1787353071.834353,1,1,00:00:00:00:00:01,0,78880.74,4259559.94,4.577,0.0,99.6,Normal,ALLOW,ddos
1787353071.8404374,1,3,00:00:00:00:00:04,0,72971.97,3940486.33,4.526,0.0,99.6,Normal,ALLOW,ddos
1787353071.846425,1,1,00:00:00:00:00:01,0,72971.97,3940486.33,4.473,0.0,99.6,Normal,ALLOW,ddos
1787353072.3570616,2,1,00:00:00:00:00:03,0,68459.06,3696789.21,4.471,0.0,100.2,Normal,ALLOW,ddos
1787353072.3629434,2,3,00:00:00:00:00:01,0,66690.76,3601301.19,4.374,0.0,100.2,Normal,ALLOW,ddos
1787353072.3690002,2,2,00:00:00:00:00:04,0,66689.76,3601247.24,4.526,0.0,100.2,Normal,ALLOW,ddos
1787353072.9160335,1,2,00:00:00:00:00:02,0,75402.58,4071739.19,4.578,0.0,98.3,Normal,ALLOW,ddos
1787353072.922116,1,1,00:00:00:00:00:01,0,75403.5,4071788.83,4.503,0.0,98.3,Normal,ALLOW,ddos
1787353072.9285243,1,3,00:00:00:00:00:04,0,67688.05,3655154.52,4.846,0.0,98.3,Normal,ALLOW,ddos
1787353072.9344263,1,1,00:00:00:00:00:01,0,67688.97,3655204.16,4.382,0.0,98.3,Normal,ALLOW,ddos
1787353073.3582249,2,1,00:00:00:00:00:03,0,72614.92,3921205.61,4.564,0.0,99.5,Normal,ALLOW,ddos
1787353073.3641634,2,3,00:00:00:00:00:01,0,70211.37,3791414.03,4.419,0.0,99.5,Normal,ALLOW,ddos
1787353073.3700783,2,2,00:00:00:00:00:04,0,70211.37,3791414.03,4.414,0.0,99.5,Normal,ALLOW,ddos
1787353073.9163048,1,2,00:00:00:00:00:02,0,80873.76,4367182.86,4.537,0.0,100.3,Normal,ALLOW,ddos
1787353073.9225366,1,1,00:00:00:00:00:01,0,80872.76,4367128.88,4.592,0.0,100.3,Normal,ALLOW,ddos
1787353073.9284368,1,3,00:00:00:00:00:04,0,72930.65,3938254.92,4.378,0.0,100.3,Normal,ALLOW,ddos
1787353073.9343252,1,1,00:00:00:00:00:01,0,72930.65,3938254.92,4.414,0.0,100.3,Normal,ALLOW,ddos
1787353074.361518,2,1,00:00:00:00:00:03,0,70980.13,3832927.15,4.514,0.0,0.0,Normal,ALLOW,ddos
1787353074.3675418,2,3,00:00:00:00:00:01,0,71326.75,3851644.55,4.492,0.0,0.0,Normal,ALLOW,ddos
1787353074.3734756,2,2,00:00:00:00:00:04,0,71326.75,3851644.55,4.385,0.0,0.0,Normal,ALLOW,ddos
1787353074.866092,1,2,00:00:00:00:00:02,0,79286.0,4281444.0,4.479,0.0,101.2,Normal,ALLOW,ddos
1787353074.8721266,1,1,00:00:00:00:00:01,0,79287.0,4281498.0,4.505,0.0,101.2,Normal,ALLOW,ddos
1787353074.87801,1,3,00:00:00:00:00:04,0,74268.0,4010472.0,4.365,0.0,101.2,Normal,ALLOW,ddos
1787353074.8838706,1,1,00:00:00:00:00:01,0,74268.0,4010472.0,4.375,0.0,101.2,Normal,ALLOW,ddos
1787353075.3638442,2,1,00:00:00:00:00:03,0,70146.15,3787891.95,4.552,0.0,0.0,Normal,ALLOW,ddos
1787353075.370128,2,3,00:00:00:00:00:01,0,68543.82,3701366.36,4.711,0.0,0.0,Normal,ALLOW,ddos
1787353075.3764632,2,2,00:00:00:00:00:04,0,68543.82,3701366.36,4.487,0.0,0.0,Normal,ALLOW,ddos
1787353076.1001534,1,2,00:00:00:00:00:02,0,63847.79,3447780.82,4.436,0.0,100.6,Normal,ALLOW,ddos
1787353076.1060774,1,1,00:00:00:00:00:01,0,63847.79,3447780.82,4.375,0.0,100.6,Normal,ALLOW,ddos
1787353076.1124465,1,3,00:00:00:00:00:04,0,56680.42,3060742.61,4.307,0.0,100.6,Normal,ALLOW,ddos
1787353076.118327,1,1,00:00:00:00:00:01,0,56680.42,3060742.61,4.408,0.0,100.6,Normal,ALLOW,ddos
1787353076.365435,2,1,00:00:00:00:00:03,0,70108.96,3785883.66,4.764,0.0,98.2,Normal,ALLOW,ddos
1787353076.371537,2,3,00:00:00:00:00:01,0,68291.38,3687734.71,4.549,0.0,98.2,Normal,ALLOW,ddos
1787353076.3775322,2,2,00:00:00:00:00:04,0,68291.38,3687734.71,4.459,0.0,98.2,Normal,ALLOW,ddos
1787353077.0386696,1,2,00:00:00:00:00:02,0,80208.0,4331232.0,4.637,0.0,101.0,Normal,ALLOW,ddos
1787353077.0448945,1,1,00:00:00:00:00:01,0,80208.0,4331232.0,4.57,0.0,101.0,Normal,ALLOW,ddos
1787353077.0509937,1,3,00:00:00:00:00:04,0,72647.0,3922938.0,4.467,0.0,101.0,Normal,ALLOW,ddos
1787353077.057151,1,1,00:00:00:00:00:01,0,72646.0,3922884.0,4.496,0.0,101.0,Normal,ALLOW,ddos
1787353077.3670363,2,1,00:00:00:00:00:03,0,69281.72,3741212.89,4.931,0.0,100.6,Normal,ALLOW,ddos
1787353077.373262,2,3,00:00:00:00:00:01,0,65806.85,3553569.91,4.526,0.0,100.6,Normal,ALLOW,ddos
1787353077.3793874,2,2,00:00:00:00:00:04,0,65806.85,3553569.91,4.48,0.0,100.6,Normal,ALLOW,ddos
1787353078.169868,1,2,00:00:00:00:00:02,0,71415.96,3856461.76,6.231,0.0,99.9,Normal,ALLOW,ddos
1787353078.179709,1,1,00:00:00:00:00:01,0,71415.96,3856461.76,7.587,0.0,99.9,Normal,ALLOW,ddos
1787353078.18969,1,3,00:00:00:00:00:04,0,65672.76,3546328.9,7.741,0.0,99.9,Normal,ALLOW,ddos
1787353078.1997106,1,1,00:00:00:00:00:01,0,65673.64,3546376.71,7.722,0.0,99.9,Normal,ALLOW,ddos
1787353078.3685596,2,1,00:00:00:00:00:03,0,72995.15,3941737.99,4.733,0.0,99.8,Normal,ALLOW,ddos
1787353078.3746421,2,3,00:00:00:00:00:01,0,64843.09,3501526.94,4.518,0.0,99.8,Normal,ALLOW,ddos
1787353078.380602,2,2,00:00:00:00:00:04,0,64843.09,3501526.94,4.433,0.0,99.8,Normal,ALLOW,ddos
1787353079.1861742,1,2,00:00:00:00:00:02,0,84263.39,4550223.15,7.709,0.0,99.5,Normal,ALLOW,ddos
1787353079.192675,1,1,00:00:00:00:00:01,0,84263.39,4550223.15,4.395,0.0,99.5,Normal,ALLOW,ddos
1787353079.1986003,1,3,00:00:00:00:00:04,0,75990.03,4103461.77,4.428,0.0,99.5,Normal,ALLOW,ddos
1787353079.2046745,1,1,00:00:00:00:00:01,0,75989.05,4103408.51,4.506,0.0,99.5,Normal,ALLOW,ddos
1787353079.370288,2,1,00:00:00:00:00:03,0,71801.81,3877297.96,4.595,0.0,0.0,Normal,ALLOW,ddos
1787353079.3765771,2,3,00:00:00:00:00:01,0,68525.53,3700378.83,4.425,0.0,0.0,Normal,ALLOW,ddos
1787353079.3825223,2,2,00:00:00:00:00:04,0,68525.53,3700378.83,4.344,0.0,0.0,Normal,ALLOW,ddos
1787353080.1538363,1,2,00:00:00:00:00:02,0,81788.0,4416552.0,4.622,0.0,99.7,Normal,ALLOW,ddos
1787353080.16001,1,1,00:00:00:00:00:01,0,81788.0,4416552.0,4.59,0.0,99.7,Normal,ALLOW,ddos
1787353080.1661053,1,3,00:00:00:00:00:04,0,73069.0,3945726.0,4.482,0.0,99.7,Normal,ALLOW,ddos
1787353080.1722257,1,1,00:00:00:00:00:01,0,73069.0,3945726.0,4.522,0.0,99.7,Normal,ALLOW,ddos
1787353080.3714259,2,1,00:00:00:00:00:03,0,72620.4,3921501.5,4.664,0.0,101.0,Normal,ALLOW,ddos
1787353080.377561,2,3,00:00:00:00:00:01,0,69348.05,3744794.56,4.504,0.0,101.0,Normal,ALLOW,ddos
1787353080.3836155,2,2,00:00:00:00:00:04,0,69348.05,3744794.56,4.467,0.0,101.0,Normal,ALLOW,ddos
1787353081.3708904,1,2,00:00:00:00:00:02,0,66198.75,3574732.56,4.968,0.0,100.1,Normal,ALLOW,ddos
1787353081.3770633,1,1,00:00:00:00:00:01,0,66198.75,3574732.56,4.541,0.0,100.1,Normal,ALLOW,ddos
1787353081.3831213,1,3,00:00:00:00:00:04,0,60335.45,3258114.41,4.465,0.0,100.1,Normal,ALLOW,ddos
1787353081.389231,1,1,00:00:00:00:00:01,0,60336.27,3258158.77,4.487,0.0,100.1,Normal,ALLOW,ddos
1787353081.3978133,2,1,00:00:00:00:00:03,0,69152.48,3734233.88,4.398,0.0,71.9,Normal,ALLOW,ddos
1787353081.4039147,2,3,00:00:00:00:00:01,0,65519.69,3538063.31,4.48,0.0,71.9,Normal,ALLOW,ddos
1787353081.4098818,2,2,00:00:00:00:00:04,0,65520.66,3538115.89,4.459,0.0,71.9,Normal,ALLOW,ddos
1787353082.296609,1,1,00:00:00:00:00:01,0,40347.0,2178738.0,4.487,0.0,101.3,Normal,ALLOW,ddos
1787353082.3026402,1,3,00:00:00:00:00:04,0,69614.0,3759156.0,4.515,0.0,101.3,Normal,ALLOW,ddos
1787353082.308738,1,1,00:00:00:00:00:01,0,69613.0,3759102.0,4.374,0.0,101.3,Normal,ALLOW,ddos
1787353082.3746145,2,1,00:00:00:00:00:03,0,73461.0,3966894.0,4.768,0.0,0.0,Normal,ALLOW,ddos
1787353082.3810685,2,3,00:00:00:00:00:01,0,68255.0,3685770.0,4.617,0.0,0.0,Normal,ALLOW,ddos
1787353082.3872063,2,2,00:00:00:00:00:04,0,68254.0,3685716.0,4.608,0.0,0.0,Normal,ALLOW,ddos
1787353083.3752918,2,1,00:00:00:00:00:03,0,73890.89,3990108.09,4.487,0.0,733.3,Normal,ALLOW,ddos
1787353083.3811858,2,3,00:00:00:00:00:01,0,67578.48,3649237.81,4.395,0.0,733.3,Normal,ALLOW,ddos
1787353083.3875117,2,2,00:00:00:00:00:04,0,67578.48,3649237.81,4.645,0.0,733.3,Normal,ALLOW,ddos
1787353083.4046144,1,3,00:00:00:00:00:04,0,57838.83,3123296.99,4.843,0.0,69.8,Normal,ALLOW,ddos
1787353083.410919,1,1,00:00:00:00:00:01,0,57839.74,3123345.72,4.608,0.0,69.8,Normal,ALLOW,ddos
1787353084.2745268,1,3,00:00:00:00:00:04,0,68985.0,3725190.0,4.679,0.0,100.0,Normal,ALLOW,ddos
1787353084.2806203,1,1,00:00:00:00:00:01,0,68985.0,3725190.0,4.539,0.0,100.0,Normal,ALLOW,ddos
1787353084.3778813,2,1,00:00:00:00:00:03,0,69224.78,3738138.01,4.574,0.0,0.0,Normal,ALLOW,ddos
1787353084.3841794,2,3,00:00:00:00:00:01,0,67809.44,3661709.88,4.721,0.0,0.0,Normal,ALLOW,ddos
1787353084.4198177,2,2,00:00:00:00:00:04,0,67809.44,3661709.88,4.412,0.0,0.0,Normal,ALLOW,ddos
1787353085.3117883,1,3,00:00:00:00:00:04,0,66403.45,3585786.56,4.474,0.0,96.4,Normal,ALLOW,ddos
1787353085.3178082,1,1,00:00:00:00:00:01,0,66403.45,3585786.56,4.463,0.0,96.4,Normal,ALLOW,ddos
1787353085.3796468,2,1,00:00:00:00:00:03,0,71012.09,3834653.06,4.534,0.0,0.0,Normal,ALLOW,ddos
1787353085.3855217,2,3,00:00:00:00:00:01,0,67460.69,3642877.29,4.393,0.0,0.0,Normal,ALLOW,ddos
1787353085.3917441,2,2,00:00:00:00:00:04,0,67460.69,3642877.29,4.528,0.0,0.0,Normal,ALLOW,ddos
1787353086.2025652,1,3,00:00:00:00:00:04,0,68657.0,3707478.0,4.576,0.0,99.8,Normal,ALLOW,ddos
1787353086.2087233,1,1,00:00:00:00:00:01,0,68657.0,3707478.0,4.389,0.0,99.8,Normal,ALLOW,ddos
1787353086.3808243,2,1,00:00:00:00:00:03,0,68656.23,3707436.55,4.492,0.0,100.7,Normal,ALLOW,ddos
1787353086.386978,2,3,00:00:00:00:00:01,0,68051.64,3674788.32,4.637,0.0,100.7,Normal,ALLOW,ddos
1787353086.3930442,2,2,00:00:00:00:00:04,0,68051.64,3674788.32,4.424,0.0,100.7,Normal,ALLOW,ddos
1787353087.2801063,1,3,00:00:00:00:00:04,0,63474.88,3427643.42,4.674,0.0,100.1,Normal,ALLOW,ddos
1787353087.2861524,1,1,00:00:00:00:00:01,0,63474.88,3427643.42,4.491,0.0,100.1,Normal,ALLOW,ddos
1787353087.3832815,2,1,00:00:00:00:00:03,0,73641.59,3976645.89,4.664,0.0,96.9,Normal,ALLOW,ddos
1787353087.389481,2,3,00:00:00:00:00:01,0,67779.76,3660106.88,4.572,0.0,96.9,Normal,ALLOW,ddos
1787353087.395564,2,2,00:00:00:00:00:04,0,67780.75,3660160.76,4.45,0.0,96.9,Normal,ALLOW,ddos
1787353088.2859354,1,3,00:00:00:00:00:04,0,65523.34,3538260.35,4.541,0.0,100.8,Normal,ALLOW,ddos
1787353088.2920434,1,1,00:00:00:00:00:01,0,65523.34,3538260.35,4.53,0.0,100.8,Normal,ALLOW,ddos
1787353089.666246,2,1,00:00:00:00:00:03,0,30779.55,1662095.43,4.637,0.0,101.5,Normal,ALLOW,ddos
1787353089.6722517,2,3,00:00:00:00:00:01,0,28523.34,1540260.63,4.417,0.0,101.5,Normal,ALLOW,ddos
1787353089.710364,2,2,00:00:00:00:00:04,0,28522.91,1540236.97,6.154,0.0,101.5,Normal,ALLOW,ddos
1787353089.718789,2,1,00:00:00:00:00:03,0,71007.0,3834378.0,4.296,0.0,37.6,Normal,ALLOW,ddos
1787353089.7245283,2,3,00:00:00:00:00:01,0,70796.0,3822984.0,4.241,0.0,37.6,Normal,ALLOW,ddos
1787353089.7301917,2,2,00:00:00:00:00:04,0,70797.0,3823038.0,4.197,0.0,37.6,Normal,ALLOW,ddos
1787353089.736407,2,3,00:00:00:00:00:01,0,71820.0,3878280.0,4.259,0.0,37.6,Normal,ALLOW,ddos
1787353089.8895853,1,3,00:00:00:00:00:04,0,41313.03,2230903.56,4.506,0.0,99.8,Normal,ALLOW,ddos
1787353089.8957477,1,1,00:00:00:00:00:01,0,41312.41,2230869.89,4.384,0.0,99.8,Normal,ALLOW,ddos
1787353090.3925653,2,1,00:00:00:00:00:03,0,74868.0,4042872.0,4.624,0.0,99.5,Normal,ALLOW,ddos
1787353090.3987634,2,3,00:00:00:00:00:01,0,69642.0,3760668.0,4.411,0.0,99.5,Normal,ALLOW,ddos
1787353090.4049478,2,2,00:00:00:00:00:04,0,69641.0,3760614.0,4.435,0.0,99.5,Normal,ALLOW,ddos
1787353090.410982,2,3,00:00:00:00:00:01,0,75947.0,4101138.0,4.295,0.0,99.5,Normal,ALLOW,ddos
1787353090.802421,1,3,00:00:00:00:00:04,0,65781.0,3552174.0,5.025,0.0,96.6,Normal,ALLOW,ddos
1787353090.8089747,1,1,00:00:00:00:00:01,0,65782.0,3552228.0,4.577,0.0,96.6,Normal,ALLOW,ddos
1787353090.815142,1,3,00:00:00:00:00:03,0,72509.0,3915486.0,4.558,0.0,96.6,Normal,ALLOW,ddos
1787353091.3927894,2,1,00:00:00:00:00:03,0,71225.52,3846178.2,4.707,0.0,99.9,Normal,ALLOW,ddos
1787353091.398952,2,3,00:00:00:00:00:01,0,65810.0,3553740.17,4.456,0.0,99.9,Normal,ALLOW,ddos
1787353091.4052837,2,2,00:00:00:00:00:04,0,65811.0,3553794.16,4.672,0.0,99.9,Normal,ALLOW,ddos
1787353091.4116473,2,3,00:00:00:00:00:01,0,72652.13,3923215.13,4.592,0.0,99.9,Normal,ALLOW,ddos
1787353091.9319074,1,3,00:00:00:00:00:04,0,60289.49,3255632.65,5.374,0.0,101.8,Normal,ALLOW,ddos
1787353091.937679,1,1,00:00:00:00:00:01,0,60289.49,3255632.65,4.179,0.0,101.8,Normal,ALLOW,ddos
1787353091.943375,1,3,00:00:00:00:00:03,0,65607.83,3542822.56,4.048,0.0,101.8,Normal,ALLOW,ddos
1787353092.3946133,2,1,00:00:00:00:00:03,0,71957.38,3885698.25,4.386,0.0,0.0,Normal,ALLOW,ddos
1787353092.4004035,2,3,00:00:00:00:00:01,0,66065.9,3567558.62,4.314,0.0,0.0,Normal,ALLOW,ddos
1787353092.4068084,2,2,00:00:00:00:00:04,0,66064.9,3567504.77,4.574,0.0,0.0,Normal,ALLOW,ddos
1787353092.412919,2,3,00:00:00:00:00:01,0,73306.82,3958568.22,4.354,0.0,0.0,Normal,ALLOW,ddos
1787353092.9650419,1,3,00:00:00:00:00:04,0,66700.39,3601821.04,4.645,0.0,100.1,Normal,ALLOW,ddos
1787353092.971322,1,1,00:00:00:00:00:01,0,66700.39,3601821.04,4.733,0.0,100.1,Normal,ALLOW,ddos
1787353092.9775767,1,3,00:00:00:00:00:03,0,66817.35,3608136.64,4.597,0.0,100.1,Normal,ALLOW,ddos
1787353093.395959,2,1,00:00:00:00:00:03,0,73248.01,3955392.33,4.464,0.0,99.7,Normal,ALLOW,ddos
1787353093.402083,2,3,00:00:00:00:00:01,0,69410.68,3748176.59,4.58,0.0,99.7,Normal,ALLOW,ddos
1787353093.4082215,2,2,00:00:00:00:00:04,0,69410.68,3748176.59,4.482,0.0,99.7,Normal,ALLOW,ddos
1787353093.414135,2,3,00:00:00:00:00:01,0,74655.03,4031371.43,4.423,0.0,99.7,Normal,ALLOW,ddos
1787353093.8819845,1,3,00:00:00:00:00:04,0,69944.0,3776976.0,4.575,0.0,102.2,Normal,ALLOW,ddos
1787353093.8882859,1,1,00:00:00:00:00:01,0,69943.0,3776922.0,4.679,0.0,102.2,Normal,ALLOW,ddos
1787353093.8945415,1,3,00:00:00:00:00:03,0,72405.0,3909870.0,4.47,0.0,102.2,Normal,ALLOW,ddos
1787353094.3962216,2,1,00:00:00:00:00:03,0,73052.3,3944824.41,4.329,0.0,751.8,Normal,ALLOW,ddos
1787353094.4022381,2,3,00:00:00:00:00:01,0,68359.62,3691419.27,4.48,0.0,751.8,Normal,ALLOW,ddos
1787353094.4083898,2,2,00:00:00:00:00:04,0,68359.62,3691419.27,4.34,0.0,751.8,Normal,ALLOW,ddos
1787353094.4142199,2,3,00:00:00:00:00:01,0,74503.66,4023197.69,4.24,0.0,751.8,Normal,ALLOW,ddos
1787353094.795515,1,3,00:00:00:00:00:04,0,68664.0,3707856.0,5.222,0.0,98.1,Normal,ALLOW,ddos
1787353094.8228326,1,1,00:00:00:00:00:01,0,68665.0,3707910.0,4.525,0.0,98.1,Normal,ALLOW,ddos
1787353094.8289843,1,3,00:00:00:00:00:03,0,75261.0,4064094.0,4.365,0.0,98.1,Normal,ALLOW,ddos
1787353095.3993635,2,1,00:00:00:00:00:03,0,72538.28,3917067.24,4.592,0.0,748.1,Normal,ALLOW,ddos
1787353095.4054716,2,3,00:00:00:00:00:01,0,68624.38,3705716.63,4.413,0.0,748.1,Normal,ALLOW,ddos
1787353095.4113238,2,2,00:00:00:00:00:04,0,68624.38,3705716.63,4.319,0.0,748.1,Normal,ALLOW,ddos
1787353095.4171917,2,3,00:00:00:00:00:01,0,73961.25,3993907.32,4.394,0.0,748.1,Normal,ALLOW,ddos
1787353095.8970404,1,3,00:00:00:00:00:04,0,62084.96,3352587.59,4.583,0.0,98.6,Normal,ALLOW,ddos
1787353095.903062,1,1,00:00:00:00:00:01,0,62084.05,3352538.61,4.452,0.0,98.6,Normal,ALLOW,ddos
1787353095.9089787,1,3,00:00:00:00:00:03,0,66982.48,3617054.15,4.386,0.0,98.6,Normal,ALLOW,ddos
1787353096.398651,2,1,00:00:00:00:00:03,0,71859.0,3880386.0,4.473,0.0,99.7,Normal,ALLOW,ddos
1787353096.4048388,2,3,00:00:00:00:00:01,0,70770.0,3821580.0,4.442,0.0,99.7,Normal,ALLOW,ddos
1787353096.4109745,2,2,00:00:00:00:00:04,0,70770.0,3821580.0,4.378,0.0,99.7,Normal,ALLOW,ddos
1787353096.4170332,2,3,00:00:00:00:00:01,0,73319.0,3959226.0,4.381,0.0,99.7,Normal,ALLOW,ddos
1787353096.865496,1,3,00:00:00:00:00:04,0,68925.0,3721950.0,4.437,0.0,102.0,Normal,ALLOW,ddos
1787353096.8717148,1,1,00:00:00:00:00:01,0,68926.0,3722004.0,4.639,0.0,102.0,Normal,ALLOW,ddos
1787353096.8784206,1,3,00:00:00:00:00:03,0,71122.0,3840588.0,5.01,0.0,102.0,Normal,ALLOW,ddos
1787353097.405665,2,1,00:00:00:00:00:03,0,72248.33,3901409.87,4.638,0.0,0.0,Normal,ALLOW,ddos
1787353097.4117744,2,3,00:00:00:00:00:01,0,69310.81,3742783.71,4.505,0.0,0.0,Normal,ALLOW,ddos
1787353097.4177322,2,2,00:00:00:00:00:04,0,69310.81,3742783.71,4.419,0.0,0.0,Normal,ALLOW,ddos
1787353097.4241142,2,3,00:00:00:00:00:01,0,73788.59,3984584.03,4.52,0.0,0.0,Normal,ALLOW,ddos
1787353097.7586682,1,3,00:00:00:00:00:04,0,67896.0,3666384.0,4.578,0.0,99.2,Normal,ALLOW,ddos
1787353097.7654278,1,1,00:00:00:00:00:01,0,67895.0,3666330.0,5.121,0.0,99.2,Normal,ALLOW,ddos
1787353097.7720647,1,3,00:00:00:00:00:03,0,71878.0,3881412.0,4.735,0.0,99.2,Normal,ALLOW,ddos
1787353098.4018104,2,1,00:00:00:00:00:03,0,73076.0,3946104.0,4.598,0.0,99.5,Normal,ALLOW,ddos
1787353098.408041,2,3,00:00:00:00:00:01,0,68894.0,3720276.0,4.457,0.0,99.5,Normal,ALLOW,ddos
1787353098.414003,2,2,00:00:00:00:00:04,0,68894.0,3720276.0,4.42,0.0,99.5,Normal,ALLOW,ddos
1787353098.4200292,2,3,00:00:00:00:00:01,0,74407.0,4017978.0,4.456,0.0,99.5,Normal,ALLOW,ddos
1787353098.844885,1,3,00:00:00:00:00:04,0,60469.78,3265367.95,5.33,0.0,101.0,Normal,ALLOW,ddos
1787353098.8512282,1,1,00:00:00:00:00:01,0,60470.7,3265417.71,4.58,0.0,101.0,Normal,ALLOW,ddos
1787353098.8579779,1,3,00:00:00:00:00:03,0,67030.24,3619632.85,4.601,0.0,101.0,Normal,ALLOW,ddos
1787353100.6552715,1,3,00:00:00:00:00:04,0,36861.16,1990502.67,4.868,0.0,101.0,Normal,ALLOW,ddos
1787353100.6645281,1,1,00:00:00:00:00:01,0,36861.16,1990502.67,7.26,0.0,101.0,Normal,ALLOW,ddos
1787353100.6744034,1,3,00:00:00:00:00:03,0,40534.14,2188843.29,7.343,0.0,101.0,Normal,ALLOW,ddos
1787353101.713957,2,3,00:00:00:00:00:01,0,16445.47,888055.55,4.665,0.0,98.8,Normal,ALLOW,ddos
1787353101.7210693,2,2,00:00:00:00:00:04,0,23442.08,1265872.1,5.236,0.0,98.8,Normal,ALLOW,ddos
1787353101.73152,2,3,00:00:00:00:00:01,0,20607.87,1112824.85,7.585,0.0,98.8,Normal,ALLOW,ddos
1787353101.7438602,2,2,00:00:00:00:00:04,0,113872.0,6149088.0,7.607,0.0,77.1,Normal,ALLOW,ddos
1787353101.7538338,2,3,00:00:00:00:00:01,0,67278.0,3633012.0,7.516,0.0,77.1,Normal,ALLOW,ddos
1787353101.7640917,2,1,00:00:00:00:00:03,0,64812.0,3499848.0,7.593,0.0,77.1,Normal,ALLOW,ddos
1787353101.7734902,2,2,00:00:00:00:00:04,0,119718.0,6464772.0,5.024,0.0,92.2,Normal,ALLOW,ddos
1787353101.7798095,2,3,00:00:00:00:00:01,0,69337.0,3744198.0,4.637,0.0,92.2,Normal,ALLOW,ddos
1787353101.786048,2,1,00:00:00:00:00:03,0,66929.0,3614166.0,4.545,0.0,92.2,Normal,ALLOW,ddos
1787353102.1946957,1,3,00:00:00:00:00:04,0,40967.01,2212218.6,4.815,0.0,99.5,Normal,ALLOW,ddos
1787353102.2011445,1,1,00:00:00:00:00:01,0,40967.01,2212218.6,4.679,0.0,99.5,Normal,ALLOW,ddos
1787353102.2073267,1,3,00:00:00:00:00:03,0,43547.42,2351560.74,4.476,0.0,99.5,Normal,ALLOW,ddos
1787353102.4112048,2,2,00:00:00:00:00:04,0,125274.0,6764796.0,4.436,0.0,0.0,Normal,ALLOW,ddos
1787353102.4175556,2,3,00:00:00:00:00:01,0,72386.0,3908844.0,4.564,0.0,0.0,Normal,ALLOW,ddos
1787353102.4245481,2,1,00:00:00:00:00:03,0,70659.0,3815586.0,4.846,0.0,0.0,Normal,ALLOW,ddos
1787353103.3220265,1,3,00:00:00:00:00:04,0,60093.31,3245038.99,4.549,0.0,100.0,Normal,ALLOW,ddos
1787353103.3284597,1,1,00:00:00:00:00:01,0,60093.31,3245038.99,4.561,0.0,100.0,Normal,ALLOW,ddos
1787353103.3346665,1,3,00:00:00:00:00:03,0,64675.27,3492464.83,4.653,0.0,100.0,Normal,ALLOW,ddos
1787353103.413644,2,2,00:00:00:00:00:04,0,114737.88,6195845.76,4.883,0.0,98.2,Normal,ALLOW,ddos
1787353103.4198844,2,3,00:00:00:00:00:01,0,69977.59,3778789.79,4.697,0.0,98.2,Normal,ALLOW,ddos
1787353103.4264238,2,1,00:00:00:00:00:03,0,68613.68,3705138.84,4.547,0.0,98.2,Normal,ALLOW,ddos
1787353104.3651757,1,3,00:00:00:00:00:04,0,65253.89,3523709.88,4.968,0.0,100.0,Normal,ALLOW,ddos
1787353104.3715627,1,1,00:00:00:00:00:01,0,65253.89,3523709.88,4.693,0.0,100.0,Normal,ALLOW,ddos
1787353104.3780973,1,3,00:00:00:00:00:03,0,69545.63,3755464.06,4.392,0.0,100.0,Normal,ALLOW,ddos
1787353104.4238212,2,2,00:00:00:00:00:04,0,124175.33,6705467.69,4.952,0.0,102.1,Normal,ALLOW,ddos
1787353104.430247,2,3,00:00:00:00:00:01,0,70261.59,3794125.83,4.393,0.0,102.1,Normal,ALLOW,ddos
1787353104.4365895,2,1,00:00:00:00:00:03,0,68948.21,3723203.59,4.576,0.0,102.1,Normal,ALLOW,ddos
1787353105.3791335,1,3,00:00:00:00:00:04,0,67425.96,3641001.97,4.537,0.0,100.6,Normal,ALLOW,ddos
1787353105.385942,1,1,00:00:00:00:00:01,0,67425.96,3641001.97,4.573,0.0,100.6,Normal,ALLOW,ddos
1787353105.3924243,1,3,00:00:00:00:00:03,0,71870.18,3880989.67,4.598,0.0,100.6,Normal,ALLOW,ddos
1787353105.4521515,2,2,00:00:00:00:00:04,0,118156.35,6380442.7,7.478,0.0,86.7,Normal,ALLOW,ddos
1787353105.461892,2,3,00:00:00:00:00:01,0,67472.07,3643491.66,7.225,0.0,86.7,Normal,ALLOW,ddos
1787353105.4683917,2,1,00:00:00:00:00:03,0,66201.11,3574859.83,4.695,0.0,86.7,Normal,ALLOW,ddos
1787353106.4404547,2,2,00:00:00:00:00:04,0,119134.0,6433236.0,6.819,0.0,99.8,Normal,ALLOW,ddos
1787353106.4471517,2,3,00:00:00:00:00:01,0,66013.0,3564702.0,4.558,0.0,99.8,Normal,ALLOW,ddos
1787353106.454164,2,1,00:00:00:00:00:03,0,64724.0,3495096.0,5.038,0.0,99.8,Normal,ALLOW,ddos
1787353106.5833771,1,3,00:00:00:00:00:04,0,55462.62,2994981.29,4.889,0.0,99.0,Normal,ALLOW,ddos
1787353106.589887,1,1,00:00:00:00:00:01,0,55462.62,2994981.29,4.649,0.0,99.0,Normal,ALLOW,ddos
1787353106.5963473,1,3,00:00:00:00:00:03,0,57183.49,3087908.73,4.775,0.0,99.0,Normal,ALLOW,ddos
1787353107.4438233,2,2,00:00:00:00:00:04,0,122875.83,6635294.78,4.538,0.0,0.0,Normal,ALLOW,ddos
1787353107.4498847,2,3,00:00:00:00:00:01,0,67620.56,3651510.17,4.52,0.0,0.0,Normal,ALLOW,ddos
1787353107.4559078,2,1,00:00:00:00:00:03,0,66290.03,3579661.53,4.481,0.0,0.0,Normal,ALLOW,ddos
1787353107.5297573,1,3,00:00:00:00:00:04,0,66327.0,3581658.0,4.58,0.0,105.6,Normal,ALLOW,ddos
1787353107.5357115,1,1,00:00:00:00:00:01,0,66326.0,3581604.0,4.432,0.0,105.6,Normal,ALLOW,ddos
1787353107.5417457,1,3,00:00:00:00:00:03,0,70955.0,3831570.0,4.476,0.0,105.6,Normal,ALLOW,ddos
1787353108.4415438,2,2,00:00:00:00:00:04,0,118225.0,6384150.0,4.585,0.0,99.8,Normal,ALLOW,ddos
1787353108.4478028,2,3,00:00:00:00:00:01,0,68783.0,3714282.0,4.578,0.0,99.8,Normal,ALLOW,ddos
1787353108.4537866,2,1,00:00:00:00:00:03,0,67543.0,3647322.0,4.379,0.0,99.8,Normal,ALLOW,ddos
1787353108.6724699,1,3,00:00:00:00:00:04,0,60407.64,3262012.3,4.703,0.0,99.9,Normal,ALLOW,ddos
1787353108.6787572,1,1,00:00:00:00:00:01,0,60408.51,3262059.58,4.487,0.0,99.9,Normal,ALLOW,ddos
1787353108.684935,1,3,00:00:00:00:00:03,0,63339.85,3420351.86,4.442,0.0,99.9,Normal,ALLOW,ddos
1787353109.4435153,2,2,00:00:00:00:00:04,0,122980.92,6640969.61,4.609,0.0,98.5,Normal,ALLOW,ddos
1787353109.4498084,2,3,00:00:00:00:00:01,0,71110.96,3839991.87,4.586,0.0,98.5,Normal,ALLOW,ddos
1787353109.455986,2,1,00:00:00:00:00:03,0,69660.67,3761676.39,4.41,0.0,98.5,Normal,ALLOW,ddos
1787353109.5765076,1,3,00:00:00:00:00:04,0,68778.0,3714012.0,4.487,0.0,106.3,Normal,ALLOW,ddos
1787353109.5825925,1,1,00:00:00:00:00:01,0,68777.0,3713958.0,4.456,0.0,106.3,Normal,ALLOW,ddos
1787353109.5885434,1,3,00:00:00:00:00:03,0,72159.0,3896586.0,4.331,0.0,106.3,Normal,ALLOW,ddos
1787353110.443837,2,2,00:00:00:00:00:04,0,119950.82,6477344.24,4.781,0.0,0.0,Normal,ALLOW,ddos
1787353110.4502895,2,3,00:00:00:00:00:01,0,69403.39,3747783.25,4.571,0.0,0.0,Normal,ALLOW,ddos
1787353110.4565275,2,1,00:00:00:00:00:03,0,67868.29,3664887.75,4.43,0.0,0.0,Normal,ALLOW,ddos
1787353110.4862556,1,3,00:00:00:00:00:04,0,67501.0,3645054.0,4.577,0.0,94.5,Normal,ALLOW,ddos
1787353110.4927056,1,1,00:00:00:00:00:01,0,67502.0,3645108.0,4.604,0.0,94.5,Normal,ALLOW,ddos
1787353110.499309,1,3,00:00:00:00:00:03,0,72743.0,3928122.0,4.384,0.0,94.5,Normal,ALLOW,ddos
1787353111.4441655,2,2,00:00:00:00:00:04,0,121196.09,6544588.92,4.579,0.0,99.2,Normal,ALLOW,ddos
1787353111.4505038,2,3,00:00:00:00:00:01,0,71324.28,3851511.31,4.733,0.0,99.2,Normal,ALLOW,ddos
1787353111.4566414,2,1,00:00:00:00:00:03,0,69907.52,3775005.88,4.522,0.0,99.2,Normal,ALLOW,ddos
1787353111.5783875,1,3,00:00:00:00:00:04,0,60913.2,3289312.74,4.469,0.0,96.4,Normal,ALLOW,ddos
1787353111.5851068,1,1,00:00:00:00:00:01,0,60912.28,3289263.3,5.073,0.0,96.4,Normal,ALLOW,ddos
1787353111.5920858,1,3,00:00:00:00:00:03,0,66432.62,3587361.28,4.54,0.0,96.4,Normal,ALLOW,ddos
1787353112.4650488,2,2,00:00:00:00:00:04,0,115375.2,6230260.55,8.046,0.0,100.9,Normal,ALLOW,ddos
1787353112.473761,2,3,00:00:00:00:00:01,0,69539.88,3755153.46,6.355,0.0,100.9,Normal,ALLOW,ddos
1787353112.4804182,2,1,00:00:00:00:00:03,0,68206.23,3683136.24,4.669,0.0,100.9,Normal,ALLOW,ddos
1787353112.7081583,1,3,00:00:00:00:00:04,0,61347.37,3312757.82,7.747,0.0,97.4,Normal,ALLOW,ddos
1787353112.714584,1,1,00:00:00:00:00:01,0,61348.26,3312805.81,4.471,0.0,97.4,Normal,ALLOW,ddos
1787353112.7208786,1,3,00:00:00:00:00:03,0,63325.37,3419569.9,4.655,0.0,97.4,Normal,ALLOW,ddos
1787353113.4513001,2,2,00:00:00:00:00:04,0,119758.0,6466932.0,4.522,0.0,100.4,Normal,ALLOW,ddos
1787353113.4606392,2,3,00:00:00:00:00:01,0,67722.0,3656988.0,7.478,0.0,100.4,Normal,ALLOW,ddos
1787353113.470249,2,1,00:00:00:00:00:03,0,66523.0,3592242.0,7.385,0.0,100.4,Normal,ALLOW,ddos
1787353113.6754823,1,3,00:00:00:00:00:04,0,69580.0,3757320.0,4.496,0.0,96.4,Normal,ALLOW,ddos
1787353113.6814888,1,1,00:00:00:00:00:01,0,69580.0,3757320.0,4.486,0.0,96.4,Normal,ALLOW,ddos
1787353113.6875699,1,3,00:00:00:00:00:03,0,69964.0,3778056.0,4.508,0.0,96.4,Normal,ALLOW,ddos
1787353114.4561808,2,2,00:00:00:00:00:04,0,115472.0,6235487.95,7.432,0.0,744.2,Normal,ALLOW,ddos
1787353114.4627724,2,3,00:00:00:00:00:01,0,73673.98,3978394.79,4.399,0.0,744.2,Normal,ALLOW,ddos
1787353114.4688048,2,1,00:00:00:00:00:03,0,72262.81,3902191.9,4.278,0.0,744.2,Normal,ALLOW,ddos
1787353114.8397007,1,3,00:00:00:00:00:04,0,58991.53,3185542.64,4.733,0.0,98.5,Normal,ALLOW,ddos
1787353114.8460326,1,1,00:00:00:00:00:01,0,58991.53,3185542.64,4.608,0.0,98.5,Normal,ALLOW,ddos
1787353114.852435,1,3,00:00:00:00:00:03,0,61383.92,3314731.41,4.719,0.0,98.5,Normal,ALLOW,ddos
1787353115.4537206,2,2,00:00:00:00:00:04,0,118401.97,6393706.34,4.508,0.0,100.8,Normal,ALLOW,ddos
1787353115.4600291,2,3,00:00:00:00:00:01,0,73250.16,3955508.53,4.429,0.0,100.8,Normal,ALLOW,ddos
1787353115.4661849,2,1,00:00:00:00:00:03,0,71915.14,3883417.52,4.384,0.0,100.8,Normal,ALLOW,ddos
1787353115.783134,1,3,00:00:00:00:00:04,0,69600.0,3758400.0,4.905,0.0,100.4,Normal,ALLOW,ddos
1787353115.7896338,1,1,00:00:00:00:00:01,0,69600.0,3758400.0,4.825,0.0,100.4,Normal,ALLOW,ddos
1787353115.7956045,1,3,00:00:00:00:00:03,0,70543.0,3809322.0,4.433,0.0,100.4,Normal,ALLOW,ddos
1787353116.4573495,2,2,00:00:00:00:00:04,0,122164.78,6596898.38,5.004,0.0,99.4,Normal,ALLOW,ddos
1787353116.4637046,2,3,00:00:00:00:00:01,0,73156.65,3950459.14,4.741,0.0,99.4,Normal,ALLOW,ddos
1787353116.4700413,2,1,00:00:00:00:00:03,0,71794.29,3876891.58,4.708,0.0,99.4,Normal,ALLOW,ddos
1787353116.8339124,1,3,00:00:00:00:00:04,0,64258.82,3469976.29,4.505,0.0,101.0,Normal,ALLOW,ddos
1787353116.840106,1,1,00:00:00:00:00:01,0,64258.82,3469976.29,4.654,0.0,101.0,Normal,ALLOW,ddos
1787353116.8466475,1,3,00:00:00:00:00:03,0,65274.79,3524838.39,4.432,0.0,101.0,Normal,ALLOW,ddos
1787353117.4586675,2,2,00:00:00:00:00:04,0,119067.11,6429623.71,4.571,0.0,0.0,Normal,ALLOW,ddos
1787353117.4646358,2,3,00:00:00:00:00:01,0,68395.14,3693337.44,4.466,0.0,0.0,Normal,ALLOW,ddos
1787353117.4708679,2,1,00:00:00:00:00:03,0,67108.47,3623857.11,4.556,0.0,0.0,Normal,ALLOW,ddos
1787353117.7993212,1,3,00:00:00:00:00:04,0,67490.0,3644460.0,4.846,0.0,100.4,Normal,ALLOW,ddos
1787353117.8053892,1,1,00:00:00:00:00:01,0,67490.0,3644460.0,4.524,0.0,100.4,Normal,ALLOW,ddos
1787353117.8112955,1,3,00:00:00:00:00:03,0,71670.0,3870180.0,4.388,0.0,100.4,Normal,ALLOW,ddos
1787353118.4648678,2,2,00:00:00:00:00:04,0,109233.94,5898632.9,7.661,0.0,101.1,Normal,ALLOW,ddos
1787353118.4741175,2,3,00:00:00:00:00:01,0,65615.06,3543213.1,7.094,0.0,101.1,Normal,ALLOW,ddos
1787353118.480224,2,1,00:00:00:00:00:03,0,64249.03,3469447.84,4.471,0.0,101.1,Normal,ALLOW,ddos
1787353118.962746,1,3,00:00:00:00:00:04,0,57512.39,3105668.82,7.675,0.0,97.8,Normal,ALLOW,ddos
1787353118.972502,1,1,00:00:00:00:00:01,0,57512.39,3105668.82,7.514,0.0,97.8,Normal,ALLOW,ddos
1787353118.9799595,1,3,00:00:00:00:00:03,0,59038.2,3188062.98,4.996,0.0,97.8,Normal,ALLOW,ddos
1787353119.458652,2,2,00:00:00:00:00:04,0,117469.0,6343326.0,4.612,0.0,0.0,Normal,ALLOW,ddos
1787353119.464596,2,3,00:00:00:00:00:01,0,70012.0,3780648.0,4.46,0.0,0.0,Normal,ALLOW,ddos
1787353119.4707115,2,1,00:00:00:00:00:03,0,68577.0,3703158.0,4.487,0.0,0.0,Normal,ALLOW,ddos
1787353119.9813786,1,3,00:00:00:00:00:04,0,68724.73,3711135.43,4.508,0.0,101.5,Normal,ALLOW,ddos
1787353119.9874916,1,1,00:00:00:00:00:01,0,68723.75,3711082.63,4.629,0.0,101.5,Normal,ALLOW,ddos
1787353119.993394,1,3,00:00:00:00:00:03,0,71076.37,3838124.23,4.416,0.0,101.5,Normal,ALLOW,ddos
1787353120.4596713,2,2,00:00:00:00:00:04,0,121163.34,6542820.17,4.559,0.0,0.0,Normal,ALLOW,ddos
1787353120.4656267,2,3,00:00:00:00:00:01,0,69625.66,3759785.73,4.458,0.0,0.0,Normal,ALLOW,ddos
1787353120.4717271,2,1,00:00:00:00:00:03,0,68130.15,3679028.15,4.474,0.0,0.0,Normal,ALLOW,ddos
